Requirement ID,Requirement,Source,Parent,Subsystem,Design Element,Verification Method,Verification ID,Status
REQ-HFPX-PGM-001,Programme maintains 34-volume structure under configuration control,HFPX-PGM-CHR-001,ROOT: programme authority (Charter),Programme,HFPX-PGM-CHR-001 §6,Inspection,TBD,CONCEPT
REQ-HFPX-PGM-002,RTM maintained Mission→Stakeholder→System→Design→Test→Evidence with no orphans,HFPX-PGM-CHR-001,ROOT: programme authority (Charter),Programme,HFPX-PGM-CHR-001 §6,Inspection,TBD,CONCEPT
REQ-HFPX-PGM-003,Human flight gated on unmanned-first evidence chain; gates not skipped,HFPX-PGM-CHR-001 / DDR-001,ROOT: programme authority (DDR-001),Programme,HFPX-MVP-OBJ-001 §6,Demonstration,TBD,CONCEPT
REQ-HFPX-PGM-004,Distinguish structured-according-to from verified-compliant-with in every document,HFPX-PGM-CHR-001,ROOT: programme authority (Charter),Programme,HFPX-PGM-SEM-001 §6,Inspection,TBD,CONCEPT
REQ-HFPX-PGM-005,Vol 33 MVP kept separate from production baselines; transition via 33.20,HFPX-PGM-CHR-001,ROOT: programme authority (Charter),Programme,HFPX-MVP-OBJ-001 §6,Inspection,TBD,CONCEPT
REQ-HFPX-PGM-010,Requirements managed per 29148 concepts with unique REQ-HFPX IDs,HFPX-PGM-SEM-001,REQ-HFPX-PGM-002,Programme,HFPX-PGM-SEM-001 §6,Inspection,TBD,CONCEPT
REQ-HFPX-PGM-011,Every system requirement states verification method (A/I/D/T),HFPX-PGM-SEM-001,REQ-HFPX-PGM-002,Programme,HFPX-SYS-REQ-001 §13,Inspection,TBD,CONCEPT
REQ-HFPX-PGM-012,No silent change to baselined requirements; change records identify impacts,HFPX-PGM-SEM-001,REQ-HFPX-PGM-001,Programme,HFPX-PGM-SEM-001 §8,Demonstration,TBD,CONCEPT
REQ-HFPX-PGM-013,Gated reviews SRR-ORR each with entrance/exit criteria and baseline,HFPX-PGM-SEM-001,ROOT: programme authority (SEMP),Programme,HFPX-PGM-SEM-001 §8,Inspection,TBD,CONCEPT
REQ-HFPX-PGM-014,Significant decisions recorded as DDRs; never rewritten,HFPX-PGM-SEM-001,ROOT: programme authority (SEMP),Programme,registers/decisions/,Inspection,TBD,CONCEPT
REQ-HFPX-PGM-015,Unknowns labelled TBD/TBC/A-XXX with validation path; never as facts,HFPX-PGM-SEM-001,ROOT: programme authority (SEMP),Programme,All Tranche 1 docs §16,Inspection,TBD,CONCEPT
REQ-HFPX-MIS-001,"Capable of vertical take-off, controlled hover and vertical landing",HFPX-SYS-MIS-001,ROOT: programme concept (Mission),SYS-05/SYS-03,HFPX-SYS-ARC-001 §7,Test,TBD,CONCEPT
REQ-HFPX-MIS-002,Capable of transition between hover and horizontal flight and back,HFPX-SYS-MIS-001,ROOT: programme concept (Mission),SYS-05/SYS-02,HFPX-SYS-ARC-001 §7,Test,TBD,CONCEPT
REQ-HFPX-MIS-003,Capable of horizontal cruise on combined aero lift and propulsion,HFPX-SYS-MIS-001,ROOT: programme concept (Mission),SYS-02/SYS-03,HFPX-SYS-ARC-001 §7,Analysis + Test,TBD,CONCEPT
REQ-HFPX-MIS-004,Mission telemetry to ground station throughout flight,HFPX-SYS-MIS-001,ROOT: programme concept (Mission),SYS-11/SYS-18,HFPX-SYS-ARC-001 §7,Demonstration,TBD,CONCEPT
REQ-HFPX-MIS-005,Independent emergency recovery capability for defined failures (TBD),HFPX-SYS-MIS-001,REQ-HFPX-STK-001,SYS-16,HFPX-SYS-ARC-001 §11,Analysis + Test,TBD,CONCEPT
REQ-HFPX-MIS-006,Human flight only after unmanned gates passed,HFPX-SYS-MIS-001 / DDR-001,REQ-HFPX-PGM-003,Programme,HFPX-MVP-OBJ-001 §6,Inspection,TBD,CONCEPT
REQ-HFPX-MIS-007,Mission performance values remain TBD until budgets exist,HFPX-SYS-MIS-001,REQ-HFPX-PGM-015,SYS-03/SYS-04,HFPX-SYS-REQ-001 §12,Inspection,TBD,CONCEPT
REQ-HFPX-OPC-001,Distinct hover/transition/cruise procedures; no shared-law assumption,HFPX-SYS-OPC-001,REQ-HFPX-MIS-001,SYS-05,HFPX-SYS-CON-001 §7,Inspection,TBD,CONCEPT
REQ-HFPX-OPC-002,Flights conducted within defined envelope with full procedure set (TBD),HFPX-SYS-OPC-001,REQ-HFPX-MIS-001,Operations,Vol 26 (TBD),Demonstration,TBD,CONCEPT
REQ-HFPX-OPC-003,Telemetry maintained with defined loss-of-link behaviour (TBD),HFPX-SYS-OPC-001,REQ-HFPX-MIS-004,SYS-11/SYS-18,HFPX-SYS-ARC-001 §9,Demonstration,TBD,CONCEPT
REQ-HFPX-OPC-004,Emergency stabilisation/recovery/safe-aborted states defined with criteria (TBD),HFPX-SYS-OPC-001,REQ-HFPX-MIS-005,SYS-16,HFPX-SYS-CON-001 §7,Analysis,TBD,CONCEPT
REQ-HFPX-OPC-005,"Human ops require qualified pilot, controlled range, authorisation (TBD)",HFPX-SYS-OPC-001,REQ-HFPX-MIS-006,Operations,Vol 25/26/30,Inspection,TBD,CONCEPT
REQ-HFPX-CON-001,CONOPS defines full nominal thread across 15 flight modes,HFPX-SYS-CON-001,REQ-HFPX-MIS-001,Operations,HFPX-SYS-CON-001 §8,Inspection,TBD,CONCEPT
REQ-HFPX-CON-002,CONOPS defines off-nominal threads with thresholds TBD,HFPX-SYS-CON-001,REQ-HFPX-MIS-005,SYS-16,HFPX-SYS-CON-001 §8,Analysis,TBD,CONCEPT
REQ-HFPX-CON-003,"Transition scenarios state entry/exit, law switching, abort criteria (TBD)",HFPX-SYS-CON-001,REQ-HFPX-MIS-002,SYS-05,Vol 07 (TBD),Analysis + Test,TBD,CONCEPT
REQ-HFPX-CON-004,Every scenario identifies detecting/mitigating system and crew action,HFPX-SYS-CON-001,REQ-HFPX-CON-001,System,HFPX-SYS-CON-001 §8,Inspection,TBD,CONCEPT
REQ-HFPX-CON-005,Human scenarios gated on completed unmanned same-segment scenarios,HFPX-SYS-CON-001 / DDR-001,REQ-HFPX-PGM-003,Programme,HFPX-MVP-OBJ-001 §10,Inspection,TBD,CONCEPT
REQ-HFPX-STK-001,Pilot safety/survivability takes priority over performance in trades,HFPX-SYS-STK-001,REQ-HFPX-MIS-005,Safety,HFPX-SYS-REQ-001 §11,Inspection,TBD,CONCEPT
REQ-HFPX-STK-002,Pilot/operator can control and stabilise across envelope incl. transition,HFPX-SYS-STK-001,REQ-HFPX-MIS-001,SYS-05,HFPX-SYS-ARC-001 §7,Analysis + Test,TBD,CONCEPT
REQ-HFPX-STK-003,Programme can demonstrate compliance to airworthiness basis once set (TBD),HFPX-SYS-STK-001,REQ-HFPX-STK-001,Certification,Vol 25 (TBD),Inspection,TBD,CONCEPT
REQ-HFPX-STK-004,Ground crew can prepare/handle/fuel/recover vehicle without undue hazard,HFPX-SYS-STK-001,REQ-HFPX-STK-001,Operations,Vol 26 (TBD),Demonstration,TBD,CONCEPT
REQ-HFPX-STK-005,Maintainers can inspect/service/replace life-limited parts at intervals TBD,HFPX-SYS-STK-001,REQ-HFPX-STK-001,Maintenance,Vol 27 (TBD),Inspection,TBD,CONCEPT
REQ-HFPX-STK-006,Development team receives atomic testable traced requirements with methods,HFPX-SYS-STK-001,REQ-HFPX-STK-001,Programme,HFPX-SYS-REQ-001,Inspection,TBD,CONCEPT
REQ-HFPX-STK-007,Pilot/operator receives timely status/warning/emergency guidance,HFPX-SYS-STK-001,REQ-HFPX-MIS-004,SYS-12/13/18,HFPX-SYS-ARC-001 §7,Demonstration,TBD,CONCEPT
REQ-HFPX-STK-008,Unmanned validation precedes human flight for every new regime,HFPX-SYS-STK-001 / DDR-001,REQ-HFPX-PGM-003,Programme,HFPX-MVP-OBJ-001 §6,Inspection,TBD,CONCEPT
REQ-HFPX-SYS-001,"Controlled VTOL hover, transition, cruise, landing per CONOPS",HFPX-SYS-REQ-001,REQ-HFPX-MIS-001,SYS-05/03/02,HFPX-SYS-ARC-001 §7,Test,TBD,CONCEPT
REQ-HFPX-SYS-002,Deterministic bounded verifiable primary control; AI advisory-only,HFPX-SYS-REQ-001,REQ-HFPX-STK-001,SYS-05/21,HFPX-SYS-ARC-001 §7,Analysis + Test,TBD,CONCEPT
REQ-HFPX-SYS-003,Independent safety path separate from primary control path,HFPX-SYS-REQ-001,REQ-HFPX-STK-001,SYS-16,HFPX-SYS-ARC-001 §11,Analysis + Test,TBD,CONCEPT
REQ-HFPX-SYS-004,"Navigation (inertial/GNSS/baro/air-data) for controlled flight, acc. TBD",HFPX-SYS-REQ-001,REQ-HFPX-MIS-001,SYS-07/08,Vol 09 (TBD),Analysis + Test,TBD,CONCEPT
REQ-HFPX-SYS-005,Status/warning/emergency guidance via helmet/HMI and telemetry,HFPX-SYS-REQ-001,REQ-HFPX-STK-007,SYS-12/13/18,Vol 10/11 (TBD),Demonstration,TBD,CONCEPT
REQ-HFPX-SYS-006,"Operation within environmental limits, values TBD",HFPX-SYS-REQ-001,REQ-HFPX-MIS-001,All,Vol 14 (TBD),Analysis + Test,TBD,CONCEPT
REQ-HFPX-SYS-007,Interface requirements for propulsion/fuel/power/data/human bounds TBD,HFPX-SYS-REQ-001,REQ-HFPX-STK-006,SYS-01..23,ICDs 02.17 (TBD),Inspection,TBD,CONCEPT
REQ-HFPX-SYS-008,Quantitative performance remains TBD until budgets/models exist,HFPX-SYS-REQ-001,REQ-HFPX-MIS-007,SYS-03/04,Vol 06/19 (TBD),Inspection,TBD,CONCEPT
REQ-HFPX-ARC-001,Every SyRS requirement allocated to SYS-01..23 with no orphans,HFPX-SYS-ARC-001,REQ-HFPX-SYS-001,System,HFPX-SYS-ARC-001 §7,Inspection,TBD,CONCEPT
REQ-HFPX-ARC-002,Primary control deterministic; AI never silently overrides pilot/safety,HFPX-SYS-ARC-001,REQ-HFPX-SYS-002,SYS-05/21,HFPX-SYS-ARC-001 §7,Analysis + Test,TBD,CONCEPT
REQ-HFPX-ARC-003,Independent safety path maintained (sensors→computer→recovery),HFPX-SYS-ARC-001,REQ-HFPX-SYS-003,SYS-16,HFPX-SYS-ARC-001 §11,Analysis,TBD,CONCEPT
REQ-HFPX-ARC-004,Distinct hover/transition/cruise law sets with switching/abort TBD,HFPX-SYS-ARC-001,REQ-HFPX-SYS-001,SYS-05,Vol 07 (TBD),Analysis,TBD,CONCEPT
REQ-HFPX-ARC-005,All intersystem interfaces captured in ICDs before CDR,HFPX-SYS-ARC-001,REQ-HFPX-SYS-007,System,02.17 (TBD),Inspection,TBD,CONCEPT
REQ-HFPX-MVP-001,MVP demonstrates unmanned hover/transition/cruise before human-proximate tests,HFPX-MVP-OBJ-001,REQ-HFPX-MIS-006,MVP,33.14/33.15 (TBD),Test,TBD,CONCEPT
REQ-HFPX-MVP-002,"MVP collects data to validate first-order models, dataset TBD",HFPX-MVP-OBJ-001,REQ-HFPX-MVP-001,MVP,33.12/33.16 (TBD),Inspection,TBD,CONCEPT
REQ-HFPX-MVP-003,MVP retires/bounds ISS-006/007/008 to exit criteria TBD,HFPX-MVP-OBJ-001,REQ-HFPX-MVP-001,MVP,33.19 (TBD),Analysis + Test,TBD,CONCEPT
REQ-HFPX-MVP-004,Prototype propulsion/safety testing only via controlled ground→unmanned stages,HFPX-MVP-OBJ-001,REQ-HFPX-PGM-003,MVP,33.13/33.14 (TBD),Demonstration,TBD,CONCEPT
REQ-HFPX-MVP-005,No prototype item enters production baseline except via 33.20 gate,HFPX-MVP-OBJ-001,REQ-HFPX-PGM-005,Programme,33.20 (TBD),Inspection,TBD,CONCEPT
REQ-HFPX-FUN-001,"The system shall provide a lift/thrust generation function supporting controlled VTOL hover, transition, cruise, and landing per CONOPS threads (magnitudes TBD).",HFPX-SYS-FUN-001,"REQ-HFPX-SYS-001, REQ-HFPX-CON-001",Functional,HFPX-SYS-FUN-001 §6,Test (unmanned first),TBD,CONCEPT
REQ-HFPX-FUN-002,The system shall provide an attitude and velocity control function that stabilises and manoeuvres the vehicle within the defined envelope using deterministic primary control (limits TBD).,HFPX-SYS-FUN-001,"REQ-HFPX-SYS-002, REQ-HFPX-CON-004",Functional,HFPX-SYS-FUN-001 §6,Analysis + Test,TBD,CONCEPT
REQ-HFPX-FUN-003,"The system shall provide a navigation and state-estimation function fusing inertial, GNSS, barometric, and air-data sources to supply position, velocity, and attitude estimates (accuracies TBD).",HFPX-SYS-FUN-001,"REQ-HFPX-SYS-004, REQ-HFPX-CON-001",Functional,HFPX-SYS-FUN-001 §6,Analysis + Test,TBD,CONCEPT
REQ-HFPX-FUN-004,The system shall provide a health-monitoring and fault-response function that detects defined faults and commands a defined safe response including warning annunciation (thresholds and responses TBD).,HFPX-SYS-FUN-001,"REQ-HFPX-SYS-005, REQ-HFPX-SYS-002",Functional,HFPX-SYS-FUN-001 §6,Demonstration + Test,TBD,CONCEPT
REQ-HFPX-FUN-005,"The system shall provide a communications and telemetry function exchanging command, status, warning, and flight data between the vehicle, pilot/operator interfaces, and ground station (rates and ranges TBD).",HFPX-SYS-FUN-001,"REQ-HFPX-SYS-005, REQ-HFPX-CON-004",Functional,HFPX-SYS-FUN-001 §6,Demonstration,TBD,CONCEPT
REQ-HFPX-PRF-001,"The system shall achieve a hover endurance capability of [TBD] under defined conditions (PLACEHOLDER — threshold TBD, conditions TBD).",HFPX-SYS-PRF-001,"REQ-HFPX-MIS-007, REQ-HFPX-SYS-008",System,HFPX-SYS-PRF-001 §6,Analysis + Test,TBD,CONCEPT
REQ-HFPX-PRF-002,"The system shall carry a payload capability of [TBD] within the defined envelope (PLACEHOLDER — threshold TBD, envelope TBD).",HFPX-SYS-PRF-001,"REQ-HFPX-MIS-007, REQ-HFPX-SYS-008",System,HFPX-SYS-PRF-001 §6,Analysis + Test,TBD,CONCEPT
REQ-HFPX-PRF-003,"The system shall operate within defined wind limits of [TBD], including gust handling of [TBD] (PLACEHOLDER — thresholds TBD).",HFPX-SYS-PRF-001,"REQ-HFPX-MIS-007, REQ-HFPX-SYS-008",System,HFPX-SYS-PRF-001 §6,Analysis + Test,TBD,CONCEPT
REQ-HFPX-PRF-004,"The system shall achieve an operational availability of [TBD] under defined support conditions (PLACEHOLDER — threshold TBD, conditions TBD).",HFPX-SYS-PRF-001,"REQ-HFPX-MIS-007, REQ-HFPX-SYS-008",System,HFPX-SYS-PRF-001 §6,Analysis + Demonstration,TBD,CONCEPT
REQ-HFPX-PRF-005,"The system shall achieve a control-response behaviour within [TBD] of defined command inputs (PLACEHOLDER — threshold TBD, input set TBD).",HFPX-SYS-PRF-001,"REQ-HFPX-MIS-007, REQ-HFPX-SYS-008",System,HFPX-SYS-PRF-001 §6,Analysis + Test,TBD,CONCEPT
REQ-HFPX-ENV-001,The system shall operate within a defined high-temperature limit of [TBD] including associated solar and thermal soak conditions (values TBD).,HFPX-SYS-ENV-001,REQ-HFPX-SYS-006,Environmental,HFPX-SYS-ENV-001 §6,Analysis + Test,TBD,CONCEPT
REQ-HFPX-ENV-002,The system shall operate within a defined low-temperature limit of [TBD] including start-up and soak conditions (values TBD).,HFPX-SYS-ENV-001,REQ-HFPX-SYS-006,Environmental,HFPX-SYS-ENV-001 §6,Analysis + Test,TBD,CONCEPT
REQ-HFPX-ENV-003,"The system shall operate within defined humidity, rain, and dust exposure limits of [TBD] without loss of required functions (levels and durations TBD).",HFPX-SYS-ENV-001,REQ-HFPX-SYS-006,Environmental,HFPX-SYS-ENV-001 §6,Analysis + Test,TBD,CONCEPT
REQ-HFPX-ENV-004,The system shall operate within defined wind and gust limits of [TBD] for ground and flight phases as applicable (thresholds TBD; performance wind limits owned by 01.8).,HFPX-SYS-ENV-001,REQ-HFPX-SYS-006,Environmental,HFPX-SYS-ENV-001 §6,Analysis + Test,TBD,CONCEPT
REQ-HFPX-ENV-005,"The system shall withstand defined storage and transport environments of [TBD] including temperature, humidity, shock, and vibration bounds, and remain serviceable (bounds TBD).",HFPX-SYS-ENV-001,REQ-HFPX-SYS-006,Environmental,HFPX-SYS-ENV-001 §6,Analysis + Test,TBD,CONCEPT
REQ-HFPX-SAF-001,"Safety shall take primacy over mission, performance, and schedule objectives in all system decisions and operations (primacy rule; no exception without safety approval TBD).",HFPX-SYS-SAF-001,"STK-001, MIS-005",Safety,HFPX-SYS-SAF-001 §6,Inspection,TBD,CONCEPT
REQ-HFPX-SAF-002,"The system shall implement deterministic, bounded, independently verifiable primary flight control for all flight phases (bounds and methods TBD).",HFPX-SYS-SAF-001,"SYS-002, STK-001",Safety,HFPX-SYS-SAF-001 §6,Analysis + Test,TBD,CONCEPT
REQ-HFPX-SAF-003,"The system shall provide an independent safety path, separate from the primary control path, that detects defined hazardous conditions and commands stabilisation and recovery/safe-state behaviour (conditions TBD).",HFPX-SYS-SAF-001,"SYS-003, MIS-006",Safety,HFPX-SYS-SAF-001 §6,Analysis + Test,TBD,CONCEPT
REQ-HFPX-SAF-004,"No AI or advisory function shall override, inhibit, or mask primary control or the independent safety path under any conditions.",HFPX-SYS-SAF-001,"SYS-002, STK-001",Safety,HFPX-SYS-SAF-001 §6,Analysis + Test,TBD,CONCEPT
REQ-HFPX-SAF-005,"Human flight shall be gated on defined prior evidence including unmanned demonstration, safety-analysis closure, and explicit flight authorisation (evidence set TBD).",HFPX-SYS-SAF-001,"MIS-005, MIS-006, STK-001",Safety,HFPX-SYS-SAF-001 §6,Inspection + Demonstration,TBD,CONCEPT
REQ-HFPX-SAF-006,"The system shall achieve a defined recovery or safe-state behaviour within [TBD] of a triggering condition, preserving occupant and third-party safety so far as practicable (envelope and criteria TBD).",HFPX-SYS-SAF-001,"SYS-003, MIS-006",Safety,HFPX-SYS-SAF-001 §6,Analysis + Test,TBD,CONCEPT
REQ-HFPX-HUM-001,The system shall keep pilot/operator workload within defined limits of [TBD] across nominal and defined off-nominal tasks (limits and task set TBD; detail Vol 10/30).,HFPX-SYS-HUM-001,"STK-002, SYS-005",Human,HFPX-SYS-HUM-001 §6,Analysis + Demonstration,TBD,CONCEPT
REQ-HFPX-HUM-002,"The system shall provide helmet/HMI symbology and alerts legible and interpretable within [TBD] under defined lighting, vibration, and workload conditions (criteria TBD; detail Vol 10).",HFPX-SYS-HUM-001,"STK-007, SYS-005",Human,HFPX-SYS-HUM-001 §6,Demonstration + Test,TBD,CONCEPT
REQ-HFPX-HUM-003,"The system shall provide prone-restraint and ergonomics supporting defined posture, reach, visibility, and comfort bounds of [TBD] for the intended occupant range (bounds TBD; detail Vol 12).",HFPX-SYS-HUM-001,"STK-002, SYS-005",Human,HFPX-SYS-HUM-001 §6,Demonstration,TBD,CONCEPT
REQ-HFPX-HUM-004,The system shall provide physiological monitoring with defined parameters of [TBD] and annunciation of defined exceedances to the pilot/operator and ground station (parameters TBD; detail Vol 10/12).,HFPX-SYS-HUM-001,"STK-002, STK-007",Human,HFPX-SYS-HUM-001 §6,Demonstration,TBD,CONCEPT
REQ-HFPX-HUM-005,"The system shall define and enforce training and competency prerequisites of [TBD] before any human flight, including currency and authorisation criteria (criteria TBD; detail Vol 30).",HFPX-SYS-HUM-001,"STK-002, SYS-005",Human,HFPX-SYS-HUM-001 §6,Inspection + Demonstration,TBD,CONCEPT
REQ-HFPX-FNC-001,"The functional architecture shall decompose top-level system behaviour into aviate, navigate, communicate, protect, and sustain functions with defined sub-functions.",HFPX-ARC-FUN-001,REQ-HFPX-ARC-001,System,HFPX-ARC-FUN-001 §6,Inspection,TBD,CONCEPT
REQ-HFPX-FNC-002,The functional architecture shall allocate every function to at least one system in SYS-01..SYS-23 with no unallocated functions.,HFPX-ARC-FUN-001,REQ-HFPX-ARC-001,System,HFPX-ARC-FUN-001 §6,Inspection,TBD,CONCEPT
REQ-HFPX-FNC-003,"The functional architecture shall define mode-dependent functions for hover, transition, and cruise modes.",HFPX-ARC-FUN-001,REQ-HFPX-ARC-001,System,HFPX-ARC-FUN-001 §6,Analysis,TBD,CONCEPT
REQ-HFPX-FNC-004,The functional architecture shall name all functional interfaces between top-level functions.,HFPX-ARC-FUN-001,REQ-HFPX-ARC-001,System,HFPX-ARC-FUN-001 §6,Inspection,TBD,CONCEPT
REQ-HFPX-PHY-001,"The physical architecture shall decompose the system into propulsion modules, airframe, avionics/compute, HMI, and ground-segment modules with positions TBD.",HFPX-ARC-PHY-001,REQ-HFPX-ARC-001,Physical,HFPX-ARC-PHY-001 §6,Inspection,TBD,CONCEPT
REQ-HFPX-PHY-002,The physical architecture shall define the mass/inertia representativeness principle for the MVP relative to the production concept (method TBC).,HFPX-ARC-PHY-001,REQ-HFPX-ARC-001,Physical,HFPX-ARC-PHY-001 §6,Analysis,TBD,CONCEPT
REQ-HFPX-PHY-003,The physical architecture shall define mounting and structural load paths for all modules (details TBD).,HFPX-ARC-PHY-001,REQ-HFPX-ARC-001,Physical,HFPX-ARC-PHY-001 §6,Analysis,TBD,CONCEPT
REQ-HFPX-PHY-004,"The physical architecture shall maintain a physical interface register covering mechanical, electrical, fluid, and human interfaces.",HFPX-ARC-PHY-001,REQ-HFPX-ARC-001,Physical,HFPX-ARC-PHY-001 §6,Inspection,TBD,CONCEPT
REQ-HFPX-LOG-001,The logical architecture shall define command-to-response signal chains from pilot/operator inputs to actuator outputs.,HFPX-ARC-LOG-001,REQ-HFPX-ARC-001,System,HFPX-ARC-LOG-001 §6,Analysis,TBD,CONCEPT
REQ-HFPX-LOG-002,The logical architecture shall define sensor-fusion-to-navigation-to-control/safety data flow.,HFPX-ARC-LOG-001,REQ-HFPX-ARC-001,System,HFPX-ARC-LOG-001 §6,Analysis,TBD,CONCEPT
REQ-HFPX-LOG-003,The logical architecture shall define fault-detection-to-mitigation logic.,HFPX-ARC-LOG-001,REQ-HFPX-ARC-001,System,HFPX-ARC-LOG-001 §6,Analysis,TBD,CONCEPT
REQ-HFPX-LOG-004,"The logical architecture shall define mode-switching logic for hover, transition, and cruise modes including abort criteria.",HFPX-ARC-LOG-001,REQ-HFPX-ARC-001,System,HFPX-ARC-LOG-001 §6,Analysis,TBD,CONCEPT
REQ-HFPX-HWA-001,The hardware architecture shall separate the flight computer from an independent safety computer.,HFPX-ARC-HW-001,REQ-HFPX-ARC-001,Hardware,HFPX-ARC-HW-001 §6,Analysis,TBD,CONCEPT
REQ-HFPX-HWA-002,The hardware architecture shall define sensor and actuator hardware classes (types TBD).,HFPX-ARC-HW-001,REQ-HFPX-ARC-001,Hardware,HFPX-ARC-HW-001 §6,Inspection,TBD,CONCEPT
REQ-HFPX-HWA-003,The hardware architecture shall define redundancy and built-in-test principles (scope TBD).,HFPX-ARC-HW-001,REQ-HFPX-ARC-001,Hardware,HFPX-ARC-HW-001 §6,Analysis,TBD,CONCEPT
REQ-HFPX-HWA-004,Hardware assurance shall be structured according to DO-254 concepts (no compliance claimed at this stage).,HFPX-ARC-HW-001,REQ-HFPX-ARC-001,Hardware,HFPX-ARC-HW-001 §6,Inspection,TBD,CONCEPT
REQ-HFPX-SWA-001,"The software architecture shall define layered flight, safety, and embedded software (contents TBD).",HFPX-ARC-SW-001,REQ-HFPX-ARC-001,Software,HFPX-ARC-SW-001 §6,Inspection,TBD,CONCEPT
REQ-HFPX-SWA-002,Primary flight-control software shall be deterministic and bounded and independently verifiable.,HFPX-ARC-SW-001,REQ-HFPX-ARC-001,Software,HFPX-ARC-SW-001 §6,Analysis + Test,TBD,CONCEPT
REQ-HFPX-SWA-003,Software assurance shall be structured according to DO-178C concepts (no compliance claimed at this stage).,HFPX-ARC-SW-001,REQ-HFPX-ARC-001,Software,HFPX-ARC-SW-001 §6,Inspection,TBD,CONCEPT
REQ-HFPX-SWA-004,The software architecture shall enforce versioning and traceability discipline per Vol 16.,HFPX-ARC-SW-001,REQ-HFPX-ARC-001,Software,HFPX-ARC-SW-001 §6,Inspection,TBD,CONCEPT
REQ-HFPX-AVN-001,The avionics architecture shall be modular with health monitoring of avionics nodes and linked subsystems.,HFPX-ARC-AVN-001,REQ-HFPX-ARC-001,SYS-06,HFPX-ARC-AVN-001 §6,Analysis,TBD,CONCEPT
REQ-HFPX-AVN-002,The avionics architecture shall define data-bus classes (selections TBD).,HFPX-ARC-AVN-001,REQ-HFPX-ARC-001,SYS-06,HFPX-ARC-AVN-001 §6,Inspection,TBD,CONCEPT
REQ-HFPX-AVN-003,The avionics architecture shall define power input/output interfaces (details TBD).,HFPX-ARC-AVN-001,REQ-HFPX-ARC-001,SYS-06,HFPX-ARC-AVN-001 §6,Inspection,TBD,CONCEPT
REQ-HFPX-AVN-004,The avionics architecture shall define time-synchronisation and logging principles.,HFPX-ARC-AVN-001,REQ-HFPX-ARC-001,SYS-06,HFPX-ARC-AVN-001 §6,Analysis,TBD,CONCEPT
REQ-HFPX-PRP-001,"The propulsion architecture shall define distributed arm, rear, and ankle thrust functions (counts and positions TBD).",HFPX-ARC-PRP-001,REQ-HFPX-ARC-001,SYS-03,HFPX-ARC-PRP-001 §6,Inspection,TBD,CONCEPT
REQ-HFPX-PRP-002,Thrust-allocation/mixing ownership shall reside with the control architecture (Vol 07).,HFPX-ARC-PRP-001,REQ-HFPX-ARC-001,SYS-03,HFPX-ARC-PRP-001 §6,Inspection,TBD,CONCEPT
REQ-HFPX-PRP-003,The propulsion architecture shall define propulsion monitoring and thermal hooks (thresholds TBD).,HFPX-ARC-PRP-001,REQ-HFPX-ARC-001,SYS-03,HFPX-ARC-PRP-001 §6,Analysis,TBD,CONCEPT
REQ-HFPX-PRP-004,"The propulsion architecture shall define redundancy and fault-response ownership for propulsion faults (details TBD, ISS-003 trade not started).",HFPX-ARC-PRP-001,REQ-HFPX-ARC-001,SYS-03,HFPX-ARC-PRP-001 §6,Analysis,TBD,CONCEPT
REQ-HFPX-PWR-001,"The power architecture shall define primary, auxiliary, battery, and emergency sources (ratings TBD).",HFPX-ARC-PWR-001,REQ-HFPX-ARC-001,SYS-09,HFPX-ARC-PWR-001 §6,Inspection,TBD,CONCEPT
REQ-HFPX-PWR-002,"The power architecture shall define distribution, protection, and grounding concepts (topology TBD).",HFPX-ARC-PWR-001,REQ-HFPX-ARC-001,SYS-09,HFPX-ARC-PWR-001 §6,Analysis,TBD,CONCEPT
REQ-HFPX-PWR-003,"The power architecture shall define avionics, helmet, and sensor power feeds (details TBD).",HFPX-ARC-PWR-001,REQ-HFPX-ARC-001,SYS-09,HFPX-ARC-PWR-001 §6,Inspection,TBD,CONCEPT
REQ-HFPX-PWR-004,The power architecture shall define EMI/EMC principles per Vol 15 (limits TBD).,HFPX-ARC-PWR-001,REQ-HFPX-ARC-001,SYS-09,HFPX-ARC-PWR-001 §6,Analysis,TBD,CONCEPT
REQ-HFPX-SFA-001,The safety architecture shall maintain a safety path independent of the primary flight-control path (sensors → safety computer → stabilisation/recovery).,HFPX-ARC-SAF-001,REQ-HFPX-ARC-001,Safety,HFPX-ARC-SAF-001 §6,Analysis + Inspection,TBD,CONCEPT
REQ-HFPX-SFA-002,The architecture shall implement a detection→stabilisation→recovery/mitigation chain with defined handover criteria (criteria TBD).,HFPX-ARC-SAF-001,REQ-HFPX-ARC-001,Safety,HFPX-ARC-SAF-001 §6,Analysis,TBD,CONCEPT
REQ-HFPX-SFA-003,The safety view shall be fed by FHA/FMEA/FTA (Vol 13); analysis findings shall reshape this view by change record.,HFPX-ARC-SAF-001,REQ-HFPX-ARC-001,Safety,HFPX-ARC-SAF-001 §6,Inspection,TBD,CONCEPT
REQ-HFPX-SFA-004,AI (SYS-21) shall be constrained per Vol 18.10 and shall never silently override pilot or safety authority; human override hooks per Vol 18.11 shall be preserved.,HFPX-ARC-SAF-001,REQ-HFPX-ARC-001,Safety,HFPX-ARC-SAF-001 §6,Analysis + Test,TBD,CONCEPT
REQ-HFPX-DAT-001,"The architecture shall define sensor→fusion→control/safety data flows with producers, consumers, and criticality (details TBD).",HFPX-ARC-DAT-001,REQ-HFPX-ARC-001,Data,HFPX-ARC-DAT-001 §6,Analysis + Inspection,TBD,CONCEPT
REQ-HFPX-DAT-002,Bus and protocol classes for safety-critical vs non-critical traffic shall be defined per Vol 08.6 (selections TBD).,HFPX-ARC-DAT-001,REQ-HFPX-ARC-001,Data,HFPX-ARC-DAT-001 §6,Inspection,TBD,CONCEPT
REQ-HFPX-DAT-003,Time-synchronisation and logging principles shall follow Vol 08.16/08.17 (mechanisms and capacities TBD).,HFPX-ARC-DAT-001,REQ-HFPX-ARC-001,Data,HFPX-ARC-DAT-001 §6,Analysis,TBD,CONCEPT
REQ-HFPX-DAT-004,"Data-integrity and redundancy approach (checking, voting, backup paths — TBD) shall be defined for safety-critical flows.",HFPX-ARC-DAT-001,REQ-HFPX-ARC-001,Data,HFPX-ARC-DAT-001 §6,Analysis,TBD,CONCEPT
REQ-HFPX-CTL-001,"Hover, transition, and cruise shall use distinct control-law sets with defined switching logic and abort criteria (laws and criteria TBD, Vol 07).",HFPX-ARC-CTL-001,REQ-HFPX-ARC-001,SYS-05,HFPX-ARC-CTL-001 §6,Analysis + Test,TBD,CONCEPT
REQ-HFPX-CTL-002,"Thrust-allocation/mixing ownership and authority limits shall be defined (owner TBD, limits TBD).",HFPX-ARC-CTL-001,REQ-HFPX-ARC-001,SYS-05,HFPX-ARC-CTL-001 §6,Analysis,TBD,CONCEPT
REQ-HFPX-CTL-003,"Control-authority margins for each regime and failure case shall be defined (values TBD, ISS-006).",HFPX-ARC-CTL-001,REQ-HFPX-ARC-001,SYS-05,HFPX-ARC-CTL-001 §6,Analysis,TBD,CONCEPT
REQ-HFPX-CTL-004,"Fault-tolerant control hooks (detection input, reconfiguration, degraded modes — TBD) shall be provided to the safety architecture.",HFPX-ARC-CTL-001,REQ-HFPX-ARC-001,SYS-05,HFPX-ARC-CTL-001 §6,Analysis + Test,TBD,CONCEPT
REQ-HFPX-COM-001,"Pilot, ground, telemetry, and command links shall be defined with roles and criticality (parameters TBD).",HFPX-ARC-COM-001,REQ-HFPX-ARC-001,SYS-11,HFPX-ARC-COM-001 §6,Inspection,TBD,CONCEPT
REQ-HFPX-COM-002,"Loss-of-link behaviour shall be defined per Vol 11.9 (behaviour TBD, including autonomous/safety handover).",HFPX-ARC-COM-001,REQ-HFPX-ARC-001,SYS-11,HFPX-ARC-COM-001 §6,Analysis + Test,TBD,CONCEPT
REQ-HFPX-COM-003,Redundancy for safety-critical links shall be defined (scheme TBD).,HFPX-ARC-COM-001,REQ-HFPX-ARC-001,SYS-11,HFPX-ARC-COM-001 §6,Analysis,TBD,CONCEPT
REQ-HFPX-COM-004,"Security hooks per Vol 17 (authentication, integrity, key management — TBD) shall be applied to command and telemetry links.",HFPX-ARC-COM-001,REQ-HFPX-ARC-001,SYS-11,HFPX-ARC-COM-001 §6,Analysis,TBD,CONCEPT
REQ-HFPX-REC-001,"Recovery functions (parachute / impact-protection / escape — all TBD, mechanism unselected) shall be defined with roles and non-roles.",HFPX-ARC-REC-001,REQ-HFPX-ARC-001,SYS-16,HFPX-ARC-REC-001 §6,Inspection,TBD,CONCEPT
REQ-HFPX-REC-002,The recovery deployment envelope shall be defined (all TBD; ISS-008 is the limiting case).,HFPX-ARC-REC-001,REQ-HFPX-ARC-001,SYS-16,HFPX-ARC-REC-001 §6,Analysis,TBD,CONCEPT
REQ-HFPX-REC-003,"Trigger authority (automatic vs pilot-commanded, thresholds, inhibits — all TBD) shall be defined.",HFPX-ARC-REC-001,REQ-HFPX-ARC-001,SYS-16,HFPX-ARC-REC-001 §6,Analysis + Test,TBD,CONCEPT
REQ-HFPX-REC-004,"Recovery shall be verified by analysis plus test (methods TBD, Vol 19/33); effectiveness shall be stated as unproven until verified.",HFPX-ARC-REC-001,REQ-HFPX-ARC-001,SYS-16,HFPX-ARC-REC-001 §6,Analysis + Test,TBD,CONCEPT
REQ-HFPX-HSA-001,"Helmet/HUD/audio/alert integration shall be defined per Vol 10 (symbology, priority, inhibits — TBD).",HFPX-ARC-HUM-001,REQ-HFPX-ARC-001,Human-System,HFPX-ARC-HUM-001 §6,Analysis + Test,TBD,CONCEPT
REQ-HFPX-HSA-002,"Pilot-controls, restraint, and ergonomics hooks shall be defined per Vol 12 (layouts, forces, envelopes — TBD).",HFPX-ARC-HUM-001,REQ-HFPX-ARC-001,Human-System,HFPX-ARC-HUM-001 §6,Analysis + Test,TBD,CONCEPT
REQ-HFPX-HSA-003,Workload and situational-awareness principles shall follow Vol 30 (limits and methods TBD).,HFPX-ARC-HUM-001,REQ-HFPX-ARC-001,Human-System,HFPX-ARC-HUM-001 §6,Analysis,TBD,CONCEPT
REQ-HFPX-HSA-004,"Physiological-monitoring hooks (parameters, use, privacy/safety policy — TBD) shall be defined.",HFPX-ARC-HUM-001,REQ-HFPX-ARC-001,Human-System,HFPX-ARC-HUM-001 §6,Inspection,TBD,CONCEPT
REQ-HFPX-IFR-001,"The architecture shall maintain an interface register across power, data, fuel, mechanical, human, RF, and ground flows (details TBD).",HFPX-ARC-IFR-001,REQ-HFPX-ARC-001,System,HFPX-ARC-IFR-001 §6,Inspection,TBD,CONCEPT
REQ-HFPX-IFR-002,Each interface shall have a defined owner on each side (owners TBD).,HFPX-ARC-IFR-001,REQ-HFPX-ARC-001,System,HFPX-ARC-IFR-001 §6,Inspection,TBD,CONCEPT
REQ-HFPX-IFR-003,Each registered interface shall be captured in an ICD before CDR per ARC-005 (ICDs TBD).,HFPX-ARC-IFR-001,REQ-HFPX-ARC-001,System,HFPX-ARC-IFR-001 §6,Inspection,TBD,CONCEPT
REQ-HFPX-IFR-004,Interface changes shall follow change control; no undocumented interface change shall be accepted.,HFPX-ARC-IFR-001,REQ-HFPX-ARC-001,System,HFPX-ARC-IFR-001 §6,Inspection,TBD,CONCEPT
REQ-HFPX-ICD-001,Each ICD shall carry a unique number of form HFPX-ARC-ICD-NNN (assignments TBD).,HFPX-ARC-ICD-001,REQ-HFPX-ARC-001,System,HFPX-ARC-ICD-001 §6,Inspection,TBD,CONCEPT
REQ-HFPX-ICD-002,"Each ICD shall record parties, signals/flows, limits (TBD), and verification approach.",HFPX-ARC-ICD-001,REQ-HFPX-ARC-001,System,HFPX-ARC-ICD-001 §6,Inspection,TBD,CONCEPT
REQ-HFPX-ICD-003,Each ICD shall follow the defined approval process with bilateral owner sign-off before CDR (process TBD).,HFPX-ARC-ICD-001,REQ-HFPX-ARC-001,System,HFPX-ARC-ICD-001 §6,Inspection,TBD,CONCEPT
REQ-HFPX-ICD-004,"Each ICD shall trace to the RTM (requirement-to-interface-to-verification, TBD entries).",HFPX-ARC-ICD-001,REQ-HFPX-ARC-001,System,HFPX-ARC-ICD-001 §6,Inspection,TBD,CONCEPT
REQ-HFPX-ICD-005,"ICD changes shall follow the ICD change rule (change record, re-approval — TBD detail); no silent interface change is permitted.",HFPX-ARC-ICD-001,REQ-HFPX-ARC-001,System,HFPX-ARC-ICD-001 §6,Inspection,TBD,CONCEPT
REQ-HFPX-VVP-001,"The programme shall assign every requirement exactly one primary verification method: Analysis, Inspection, Demonstration, or Test.",HFPX-VV-PLN-001,REQ-HFPX-PGM-011,V&V,HFPX-VV-PLN-001 §6,Inspection,TBD,CONCEPT
REQ-HFPX-VVP-002,"The programme shall maintain a VCRM (Vol 22.3) tracing every requirement to its verification case(s), with no orphaned requirements and no orphaned verification cases.",HFPX-VV-PLN-001,REQ-HFPX-PGM-011,V&V,HFPX-VV-PLN-001 §6,Analysis,TBD,CONCEPT
REQ-HFPX-VVP-003,"Verification shall be executed at defined hardware, software, system, and safety levels (Vol 22.9–22.12), with level allocation recorded in the VCRM.",HFPX-VV-PLN-001,REQ-HFPX-PGM-011,V&V,HFPX-VV-PLN-001 §6,Inspection,TBD,CONCEPT
REQ-HFPX-VVP-004,"Test progression shall be gated sim → SIL → HIL → unmanned testing, with no gate skipping; each gate requires entrance criteria, completed evidence, and formal gate decision before progression.",HFPX-VV-PLN-001,REQ-HFPX-PGM-011,V&V,HFPX-VV-PLN-001 §6,Demonstration,TBD,CONCEPT
REQ-HFPX-VVP-005,Every verification case shall define acceptance criteria before execution; where criteria are not yet defined they shall be recorded as TBD per case.,HFPX-VV-PLN-001,REQ-HFPX-PGM-011,V&V,HFPX-VV-PLN-001 §6,Test,TBD,CONCEPT
REQ-HFPX-VVP-006,"Safety verification shall be independent of the design organisation to a degree TBD, with independent review or test of safety requirements and safety-critical verification cases.",HFPX-VV-PLN-001,REQ-HFPX-PGM-011,V&V,HFPX-VV-PLN-001 §6,Inspection,TBD,CONCEPT
REQ-HFPX-SCA-001,The programme shall maintain a mandatory hazard log in which every hazard records Hazard → Cause → Effect → Severity → Probability → Mitigation → Verification.,HFPX-SAFE-CAS-001,REQ-HFPX-SYS-003,Safety,HFPX-SAFE-CAS-001 §6,Inspection,TBD,CONCEPT
REQ-HFPX-SCA-002,"The programme shall perform PHA, FHA, FMEA, FTA, and CCA (Vol 13.3–13.7) before CDR/FRR as applicable, with applicability per analysis TBD.",HFPX-SAFE-CAS-001,REQ-HFPX-SYS-003,Safety,HFPX-SAFE-CAS-001 §6,Analysis,TBD,CONCEPT
REQ-HFPX-SCA-003,"The system shall provide an independent safety path and defined recovery/safe-state behaviour, with independence and effectiveness criteria TBD.",HFPX-SAFE-CAS-001,REQ-HFPX-SYS-003,Safety,HFPX-SAFE-CAS-001 §6,Demonstration,TBD,CONCEPT
REQ-HFPX-SCA-004,"The safety case shall be structured as claims → arguments → evidence, with evidence recorded as TBD/empty until verified closure artefacts exist.",HFPX-SAFE-CAS-001,REQ-HFPX-SYS-003,Safety,HFPX-SAFE-CAS-001 §6,Inspection,TBD,CONCEPT
REQ-HFPX-SCA-005,No human flight shall proceed with unretired catastrophic hazards; retirement criteria and authorising board TBD (gated by FRR).,HFPX-SAFE-CAS-001,REQ-HFPX-SYS-003,Safety,HFPX-SAFE-CAS-001 §6,Test,TBD,CONCEPT
REQ-HFPX-SCA-006,"Hazard coverage shall include fire, fuel, thermal, structural, and software hazard classes, each traced to safety requirements and verification.",HFPX-SAFE-CAS-001,REQ-HFPX-SYS-003,Safety,HFPX-SAFE-CAS-001 §6,Analysis,TBD,CONCEPT
REQ-HFPX-HZA-001,"The programme shall maintain a single owned hazard log conforming to the schema in §8 with `hazard_log.csv` columns Hazard ID, Hazard, Cause, Effect, Severity, Probability, Mitigation, Verification, Status.",HFPX-SAFE-HAZ-001,"REQ-HFPX-SCA-001, SAF-001, SFA-003",Safety,HFPX-SAFE-HAZ-001 §6,Inspection,TBD,CONCEPT
REQ-HFPX-HZA-002,"The hazard analysis shall cover SYS-01..23 and all 15 flight modes, with coverage recorded per hazard (applicability TBD per mode).",HFPX-SAFE-HAZ-001,"REQ-HFPX-SCA-006, SAF-002, SFA-003",Safety,HFPX-SAFE-HAZ-001 §6,Analysis,TBD,CONCEPT
REQ-HFPX-HZA-003,The programme shall define severity and probability scales before any retirement claim; all ratings shall remain TBD until scales are approved.,HFPX-SAFE-HAZ-001,"REQ-HFPX-SCA-001, SAF-003",Safety,HFPX-SAFE-HAZ-001 §6,Inspection,TBD,CONCEPT
REQ-HFPX-HZA-004,Each hazard shall flow to safety requirements and verification cases; no hazard shall retire on analysis alone without verified mitigation.,HFPX-SAFE-HAZ-001,"REQ-HFPX-SCA-002, SAF-006, SFA-003",Safety,HFPX-SAFE-HAZ-001 §6,Analysis,TBD,CONCEPT
REQ-HFPX-PHA-001,The PHA shall address the concept-stage system across SYS-01..23 and 15 flight modes using qualitative reasoning only.,HFPX-SAFE-PHA-001,"REQ-HFPX-SCA-002, SAF-002, SFA-003",Safety,HFPX-SAFE-PHA-001 §6,Analysis,TBD,CONCEPT
REQ-HFPX-PHA-002,"The PHA shall apply checklist, energy-source, and functional-decomposition methods with TBD worksheets recorded per method.",HFPX-SAFE-PHA-001,"REQ-HFPX-SCA-002, SAF-002, SFA-003",Safety,HFPX-SAFE-PHA-001 §6,Inspection,TBD,CONCEPT
REQ-HFPX-PHA-003,"PHA outputs shall feed the hazard log and scope FHA and FMEA, with trace from each PHA row to log entries.",HFPX-SAFE-PHA-001,"REQ-HFPX-SCA-001, SAF-006, SFA-003",Safety,HFPX-SAFE-PHA-001 §6,Analysis,TBD,CONCEPT
REQ-HFPX-PHA-004,The PHA shall be updated at PDR to reflect design maturity; deltas shall be recorded.,HFPX-SAFE-PHA-001,"REQ-HFPX-SCA-002, SAF-006",Safety,HFPX-SAFE-PHA-001 §6,Inspection,TBD,CONCEPT
REQ-HFPX-PHA-005,"PHA completion criteria (coverage, review, TBD thresholds) shall be met before PHA closure is claimed.",HFPX-SAFE-PHA-001,"REQ-HFPX-SCA-006, SAF-006",Safety,HFPX-SAFE-PHA-001 §6,Inspection,TBD,CONCEPT
REQ-HFPX-FHA-001,"The FHA shall assess loss and malfunction of aviate, navigate, communicate, and protect functions per the SAD functional view.",HFPX-SAFE-FHA-001,"REQ-HFPX-SCA-002, SAF-002, SFA-003",Safety,HFPX-SAFE-FHA-001 §6,Analysis,TBD,CONCEPT
REQ-HFPX-FHA-002,Each failure condition shall be classified on a TBD scale with TBD definitions; no classification shall be asserted until the scale is approved.,HFPX-SAFE-FHA-001,"REQ-HFPX-SCA-001, SAF-003, SFA-003",Safety,HFPX-SAFE-FHA-001 §6,Inspection,TBD,CONCEPT
REQ-HFPX-FHA-003,Each classified failure condition shall derive safety requirements traced to the SAF tier.,HFPX-SAFE-FHA-001,"REQ-HFPX-SCA-002, SAF-006, SFA-003",Safety,HFPX-SAFE-FHA-001 §6,Analysis,TBD,CONCEPT
REQ-HFPX-FHA-004,The FHA assessor shall be independent of the design team to a TBD degree.,HFPX-SAFE-FHA-001,"REQ-HFPX-SCA-002, SAF-006",Safety,HFPX-SAFE-FHA-001 §6,Inspection,TBD,CONCEPT
REQ-HFPX-FHA-005,The FHA shall be updated at PDR and CDR to reflect functional and architectural maturity.,HFPX-SAFE-FHA-001,"REQ-HFPX-SCA-002, SAF-006, SFA-003",Safety,HFPX-SAFE-FHA-001 §6,Inspection,TBD,CONCEPT
REQ-HFPX-FHA-006,"The FHA shall be verified by review against coverage, classification, and derivation rules.",HFPX-SAFE-FHA-001,"REQ-HFPX-SCA-006, SAF-006",Safety,HFPX-SAFE-FHA-001 §6,Inspection,TBD,CONCEPT
REQ-HFPX-FME-001,"The FMEA shall address propulsion modules, FCS, avionics, power, and recovery items with a TBD item list.",HFPX-SAFE-FME-001,"REQ-HFPX-SCA-002, SAF-002, SFA-003",Safety,HFPX-SAFE-FME-001 §6,Analysis,TBD,CONCEPT
REQ-HFPX-FME-002,"Each FMEA entry shall record failure mode, effect, and cause per the §8 worksheet schema with the Hazard → Cause → Effect → Severity → Probability → Mitigation → Verification chain.",HFPX-SAFE-FME-001,"REQ-HFPX-SCA-001, SAF-006, SFA-003",Safety,HFPX-SAFE-FME-001 §6,Inspection,TBD,CONCEPT
REQ-HFPX-FME-003,Criticality shall use a TBD scale; no criticality rating shall be asserted until the scale is approved.,HFPX-SAFE-FME-001,"REQ-HFPX-SCA-001, SAF-003",Safety,HFPX-SAFE-FME-001 §6,Inspection,TBD,CONCEPT
REQ-HFPX-FME-004,FMEA-driven design actions shall be tracked to closure with traced verification.,HFPX-SAFE-FME-001,"REQ-HFPX-SCA-002, SAF-006",Safety,HFPX-SAFE-FME-001 §6,Analysis,TBD,CONCEPT
REQ-HFPX-FME-005,The FMEA shall be maintained with design changes; affected rows shall be re-assessed and deltas recorded.,HFPX-SAFE-FME-001,"REQ-HFPX-SCA-006, SAF-006, SFA-003",Safety,HFPX-SAFE-FME-001 §6,Inspection,TBD,CONCEPT
REQ-HFPX-FTA-001,"The FTA shall define top events including uncontrolled descent in hover, failed transition with loss of control, and recovery-system non-deployment, with the final list TBD.",HFPX-SAFE-FTA-001,"REQ-HFPX-SCA-002, SAF-002, SFA-003",Safety,HFPX-SAFE-FTA-001 §6,Analysis,TBD,CONCEPT
REQ-HFPX-FTA-002,The FTA shall use defined gate symbology (AND/OR/TBD) recorded per tree.,HFPX-SAFE-FTA-001,"REQ-HFPX-SCA-002, SAF-006",Safety,HFPX-SAFE-FTA-001 §6,Inspection,TBD,CONCEPT
REQ-HFPX-FTA-003,Basic-event data shall remain TBD; no probabilities or rates shall be asserted until data sources and approval are defined.,HFPX-SAFE-FTA-001,"REQ-HFPX-SCA-001, SAF-003",Safety,HFPX-SAFE-FTA-001 §6,Inspection,TBD,CONCEPT
REQ-HFPX-FTA-004,Minimal cut sets shall be reviewed with single-point and TBD-order cut rules recorded.,HFPX-SAFE-FTA-001,"REQ-HFPX-SCA-006, SAF-006, SFA-003",Safety,HFPX-SAFE-FTA-001 §6,Inspection,TBD,CONCEPT
REQ-HFPX-FTA-005,FTA results shall flow to redundancy requirements traced to the SAF tier.,HFPX-SAFE-FTA-001,"REQ-HFPX-SCA-002, SAF-006, SFA-003",Safety,HFPX-SAFE-FTA-001 §6,Analysis,TBD,CONCEPT
REQ-HFPX-CCA-001,"The CCA shall address shared fuel, shared power bus, shared software, environmental, and maintenance-error causes with a TBD checklist.",HFPX-SAFE-CCA-001,"REQ-HFPX-SCA-002, SAF-002, SFA-003",Safety,HFPX-SAFE-CCA-001 §6,Analysis,TBD,CONCEPT
REQ-HFPX-CCA-002,Zonal and particular-risk considerations shall be addressed to a TBD extent tied to physical-architecture maturity.,HFPX-SAFE-CCA-001,"REQ-HFPX-SCA-006, SAF-002, SFA-003",Safety,HFPX-SAFE-CCA-001 §6,Analysis,TBD,CONCEPT
REQ-HFPX-CCA-003,Each independence claim shall require CCA evidence; no independence shall be credited without it.,HFPX-SAFE-CCA-001,"REQ-HFPX-SCA-002, SAF-006",Safety,HFPX-SAFE-CCA-001 §6,Inspection,TBD,CONCEPT
REQ-HFPX-CCA-004,"The CCA shall be updated with physical-architecture maturity, with deltas recorded.",HFPX-SAFE-CCA-001,"REQ-HFPX-SCA-006, SAF-006, SFA-003",Safety,HFPX-SAFE-CCA-001 §6,Inspection,TBD,CONCEPT
REQ-HFPX-FCR-001,"The FCS shall stabilise and control the aircraft across the defined flight envelope, including hover, transition, and cruise (envelope boundaries and criteria TBD).",HFPX-FCS-REQ-001,"SYS-001, SYS-002",SYS-05,HFPX-FCS-REQ-001 §6,Analysis + SIL + HIL + Test (TBD),TBD,CONCEPT
REQ-HFPX-FCR-002,"The primary FCS control path shall be deterministic and bounded in execution and output (timing, bounds, and methods TBD).",HFPX-FCS-REQ-001,"SYS-002, CTL-001",SYS-05,HFPX-FCS-REQ-001 §6,Analysis + SIL + HIL (TBD),TBD,CONCEPT
REQ-HFPX-FCR-003,"The FCS shall provide distinct hover, transition, and cruise control-law sets with defined switching logic (laws, thresholds, and abort criteria TBD, Vol 07).",HFPX-FCS-REQ-001,"CTL-001, SYS-002",SYS-05,HFPX-FCS-REQ-001 §6,Analysis + SIL + Test (TBD),TBD,CONCEPT
REQ-HFPX-FCR-004,"The FCS shall annunciate its health and fault status to the safety system and HMI (signals, latencies, and integrity TBD).",HFPX-FCS-REQ-001,"SYS-002, STK-002",SYS-05,HFPX-FCS-REQ-001 §6,Analysis + SIL + HIL (TBD),TBD,CONCEPT
REQ-HFPX-FCR-005,"The FCS shall interface to propulsion (effector commands), navigation/fusion (estimates), and HMI/operator (commands/status) via defined ICDs (all ICDs TBD).",HFPX-FCS-REQ-001,"SYS-001, SYS-002",SYS-05,HFPX-FCS-REQ-001 §6,Analysis + Test (TBD),TBD,CONCEPT
REQ-HFPX-FCR-006,Each FCS requirement in this document shall have a defined verification method and pass criteria (methods and criteria TBD per requirement).,HFPX-FCS-REQ-001,SYS-002,SYS-05,HFPX-FCS-REQ-001 §6,Analysis (TBD),TBD,CONCEPT
REQ-HFPX-FCA-001,The FCS architecture shall partition inner-loop stabilisation and outer-loop command-tracking functions with defined responsibilities and interfaces (partition TBD).,HFPX-FCS-ARC-001,"ARC-004, CTL-001",SYS-05,HFPX-FCS-ARC-001 §6,Analysis + SIL (TBD),TBD,CONCEPT
REQ-HFPX-FCA-002,"The FCS shall provide a mode supervisor that selects hover/transition/cruise law sets and executes switching and abort logic (detection, hysteresis, thresholds, and abort criteria TBD).",HFPX-FCS-ARC-001,"ARC-004, CTL-001",SYS-05,HFPX-FCS-ARC-001 §6,Analysis + SIL + HIL (TBD),TBD,CONCEPT
REQ-HFPX-FCA-003,"The FCS shall provide a defined sensor-fusion input interface for navigation estimates (signals, rates, integrity, and fallback TBD).",HFPX-FCS-ARC-001,"ARC-004, CTL-002",SYS-05,HFPX-FCS-ARC-001 §6,Analysis + SIL (TBD),TBD,CONCEPT
REQ-HFPX-FCA-004,The FCS architecture shall provide a safety-computer monitoring path with defined observation and intervention interfaces (authority and latencies TBD).,HFPX-FCS-ARC-001,"ARC-004, CTL-002",SYS-05,HFPX-FCS-ARC-001 §6,Analysis + HIL (TBD),TBD,CONCEPT
REQ-HFPX-FCA-005,"FCS software and hardware allocation, including redundancy and determinism provisions, shall be defined (allocation TBD, Vol 08/16).",HFPX-FCS-ARC-001,ARC-004,SYS-05,HFPX-FCS-ARC-001 §6,Analysis (TBD),TBD,CONCEPT
REQ-HFPX-FCI-001,"The input system shall capture pilot/operator commands and deliver them to the FCS with defined integrity and timing (devices, signals, and budgets TBD, Vol 10/12).",HFPX-FCS-INP-001,FUN-002,SYS-05,HFPX-FCS-INP-001 §6,Analysis + HIL + Test (TBD),TBD,CONCEPT
REQ-HFPX-FCI-002,"The input system shall shape and limit commands to bounded FCS inputs (shaping functions, limits, and rates TBD).",HFPX-FCS-INP-001,"FUN-002, HSA-002",SYS-05,HFPX-FCS-INP-001 §6,Analysis + SIL (TBD),TBD,CONCEPT
REQ-HFPX-FCI-003,The input system shall protect against inadvertent inputs (protection means and criteria TBD).,HFPX-FCS-INP-001,HSA-002,SYS-05,HFPX-FCS-INP-001 §6,Analysis + Test (TBD),TBD,CONCEPT
REQ-HFPX-FCI-004,"The FCS shall execute defined behaviour on input loss, stale, or invalid data, including freeze/handling logic (behaviour, timeouts, and annunciation TBD).",HFPX-FCS-INP-001,"FUN-002, HSA-002",SYS-05,HFPX-FCS-INP-001 §6,Analysis + SIL + HIL (TBD),TBD,CONCEPT
REQ-HFPX-FCL-001,"The FCS shall implement a defined control-law structure for each of hover, transition, and cruise modes (structures/forms TBD).",HFPX-FCS-LAW-001,"ARC-004, SYS-002",SYS-05,HFPX-FCS-LAW-001 §6,Analysis + SIL (TBD),TBD,CONCEPT
REQ-HFPX-FCL-002,"Gain-scheduling and interpolation between law sets shall be defined (schedules, breakpoints, and blending TBD).",HFPX-FCS-LAW-001,"ARC-004, SYS-002",SYS-05,HFPX-FCS-LAW-001 §6,Analysis + SIL (TBD),TBD,CONCEPT
REQ-HFPX-FCL-003,Anti-windup and saturation handling for effector/actuator limits shall be defined (scheme and limits TBD).,HFPX-FCS-LAW-001,ARC-004,SYS-05,HFPX-FCS-LAW-001 §6,Analysis + SIL + HIL (TBD),TBD,CONCEPT
REQ-HFPX-FCL-004,Law-switching transients shall be bounded with defined criteria (bounds and criteria TBD).,HFPX-FCS-LAW-001,"ARC-004, SYS-002",SYS-05,HFPX-FCS-LAW-001 §6,Analysis + SIL + HIL (TBD),TBD,CONCEPT
REQ-HFPX-FCL-005,Each control law shall carry a unique identification and version under configuration control (scheme TBD).,HFPX-FCS-LAW-001,SYS-002,SYS-05,HFPX-FCS-LAW-001 §6,Analysis (TBD),TBD,CONCEPT
REQ-HFPX-FCL-006,"The primary control path shall contain no AI/machine-learned components (verification by design inspection and analysis, TBD).",HFPX-FCS-LAW-001,"SYS-002, ARC-004",SYS-05,HFPX-FCS-LAW-001 §6,Analysis (TBD),TBD,CONCEPT
REQ-HFPX-FCT-001,"The FCS shall provide 3-axis attitude stabilisation across hover, transition, and cruise (frames, modes, and criteria TBD).",HFPX-FCS-ATT-001,FCR-001,SYS-05,HFPX-FCS-ATT-001 §6,Analysis + SIL + HIL (TBD),TBD,CONCEPT
REQ-HFPX-FCT-002,"The FCS shall track attitude commands within defined criteria (commands, errors, and conditions TBD).",HFPX-FCS-ATT-001,FCR-001,SYS-05,HFPX-FCS-ATT-001 §6,Analysis + SIL + Test (TBD),TBD,CONCEPT
REQ-HFPX-FCT-003,The FCS shall reject disturbances per defined levels (disturbance models and attenuation TBD).,HFPX-FCS-ATT-001,FCR-001,SYS-05,HFPX-FCS-ATT-001 §6,Analysis + SIL (TBD),TBD,CONCEPT
REQ-HFPX-FCT-004,The FCS shall provide attitude-envelope protection with defined limits and responses (limits and responses TBD).,HFPX-FCS-ATT-001,FCR-003,SYS-05,HFPX-FCS-ATT-001 §6,Analysis + SIL + HIL (TBD),TBD,CONCEPT
REQ-HFPX-FRO-001,The FCS shall provide roll-axis stabilisation via defined differential/allocation means (means and criteria TBD).,HFPX-FCS-ROL-001,FCR-001,SYS-05,HFPX-FCS-ROL-001 §6,Analysis + SIL + HIL (TBD),TBD,CONCEPT
REQ-HFPX-FRO-002,"The FCS shall provide a defined roll-command response (commands, responses, and conditions TBD).",HFPX-FCS-ROL-001,FCR-001,SYS-05,HFPX-FCS-ROL-001 §6,Analysis + SIL + Test (TBD),TBD,CONCEPT
REQ-HFPX-FRO-003,"Roll-authority margins for nominal and failure cases shall be defined (values TBD, ISS-006).",HFPX-FCS-ROL-001,"FCR-001, ISS-006",SYS-05,HFPX-FCS-ROL-001 §6,Analysis (TBD),TBD,CONCEPT
REQ-HFPX-FRO-004,The FCS shall execute a defined roll-fault response with annunciation and handover as needed (behaviour TBD).,HFPX-FCS-ROL-001,FCR-004,SYS-05,HFPX-FCS-ROL-001 §6,Analysis + SIL + HIL (TBD),TBD,CONCEPT
REQ-HFPX-FPI-001,"The FCS shall provide pitch-axis stabilisation across hover, transition, and cruise, with transition behaviour explicitly addressed (means and criteria TBD).",HFPX-FCS-PIT-001,FCR-001,SYS-05,HFPX-FCS-PIT-001 §6,Analysis + SIL + HIL (TBD),TBD,CONCEPT
REQ-HFPX-FPI-002,"The FCS shall provide a defined pitch-command response (commands, responses, and conditions TBD).",HFPX-FCS-PIT-001,FCR-001,SYS-05,HFPX-FCS-PIT-001 §6,Analysis + SIL + Test (TBD),TBD,CONCEPT
REQ-HFPX-FPI-003,"Pitch-authority margins for nominal and failure cases, including transition, shall be defined (values TBD, ISS-006).",HFPX-FCS-PIT-001,"FCR-001, ISS-006",SYS-05,HFPX-FCS-PIT-001 §6,Analysis (TBD),TBD,CONCEPT
REQ-HFPX-FPI-004,The FCS shall execute a defined pitch-fault response with annunciation and handover as needed (behaviour TBD).,HFPX-FCS-PIT-001,FCR-004,SYS-05,HFPX-FCS-PIT-001 §6,Analysis + SIL + HIL (TBD),TBD,CONCEPT
REQ-HFPX-FYW-001,The FCS shall provide yaw-axis stabilisation across all flight regimes (method and gains TBD).,HFPX-FCS-YAW-001,"SYS-001, CTL-003, FCR-xxx (TBD)",SYS-05,HFPX-FCS-YAW-001 §6,Analysis + SIL/HIL + Test (unmanned),TBD,CONCEPT
REQ-HFPX-FYW-002,The FCS shall provide yaw-command response to pilot/operator or outer-loop commands within TBD response characteristics (all thresholds TBD).,HFPX-FCS-YAW-001,"SYS-001, CON-001, CTL-003, MIS-001",SYS-05,HFPX-FCS-YAW-001 §6,Analysis + SIL/HIL + Test (unmanned),TBD,CONCEPT
REQ-HFPX-FYW-003,"The FCS shall enforce yaw-authority margins for each regime and failure case (values and budgets TBD, ISS-006).",HFPX-FCS-YAW-001,"SYS-001, CTL-003, FCL-xxx (TBD)",SYS-05,HFPX-FCS-YAW-001 §6,Analysis + SIL/HIL,TBD,CONCEPT
REQ-HFPX-FYW-004,"The FCS shall provide a defined yaw-fault response including detection input, reconfiguration or degraded mode, and handover to the safety path (logic TBD).",HFPX-FCS-YAW-001,"SYS-001, CON-003, CTL-004, MIS-002",SYS-05,HFPX-FCS-YAW-001 §6,Analysis + SIL/HIL + Test (unmanned),TBD,CONCEPT
REQ-HFPX-FAL-001,The FCS shall provide an altitude-hold function using TBD sensors and estimates (sensor set and tolerances TBD).,HFPX-FCS-ALT-001,"SYS-001, CTL-003, FCR-xxx (TBD)",SYS-05,HFPX-FCS-ALT-001 §6,Analysis + SIL/HIL + Test (unmanned),TBD,CONCEPT
REQ-HFPX-FAL-002,The FCS shall provide climb/descent command tracking within TBD response characteristics (all thresholds TBD).,HFPX-FCS-ALT-001,"SYS-001, CON-001, CTL-003, MIS-001",SYS-05,HFPX-FCS-ALT-001 §6,Analysis + SIL/HIL + Test (unmanned),TBD,CONCEPT
REQ-HFPX-FAL-003,The FCS shall provide ground-effect handling hooks consistent with Vol 06.18 (compensation method TBD).,HFPX-FCS-ALT-001,"SYS-001, CTL-003, FCL-xxx (TBD)",SYS-05,HFPX-FCS-ALT-001 §6,Analysis + SIL/HIL + Test (unmanned),TBD,CONCEPT
REQ-HFPX-FAL-004,"The FCS shall provide a defined altitude-fault response including detection input, reconfiguration or degraded mode, and handover to the safety path (logic TBD).",HFPX-FCS-ALT-001,"SYS-001, CON-003, CTL-004, MIS-002",SYS-05,HFPX-FCS-ALT-001 §6,Analysis + SIL/HIL + Test (unmanned),TBD,CONCEPT
REQ-HFPX-FVL-001,"The FCS shall provide velocity-hold and velocity-tracking functions within TBD characteristics (axes, tolerances, and gains TBD).",HFPX-FCS-VEL-001,"SYS-001, CTL-003, FCR-xxx (TBD)",SYS-05,HFPX-FCS-VEL-001 §6,Analysis + SIL/HIL + Test (unmanned),TBD,CONCEPT
REQ-HFPX-FVL-002,The FCS shall limit hover drift within TBD bounds (limit values and method TBD).,HFPX-FCS-VEL-001,"SYS-001, CON-001, CTL-003, MIS-001",SYS-05,HFPX-FCS-VEL-001 §6,Analysis + SIL/HIL + Test (unmanned),TBD,CONCEPT
REQ-HFPX-FVL-003,The FCS shall provide transition airspeed management hooks including command scheduling and limits (schedule TBD).,HFPX-FCS-VEL-001,"SYS-001, CON-001, CTL-003, MIS-001",SYS-05,HFPX-FCS-VEL-001 §6,Analysis + SIL/HIL + Test (unmanned),TBD,CONCEPT
REQ-HFPX-FVL-004,"The FCS shall provide a defined velocity-fault response including detection input, reconfiguration or degraded mode, and handover to the safety path (logic TBD).",HFPX-FCS-VEL-001,"SYS-001, CON-003, CTL-004, MIS-002",SYS-05,HFPX-FCS-VEL-001 §6,Analysis + SIL/HIL + Test (unmanned),TBD,CONCEPT
REQ-HFPX-FHV-001,The FCS shall provide hover stabilisation on distributed thrust across TBD conditions (laws and gains TBD).,HFPX-FCS-HOV-001,"SYS-001, CTL-001, CTL-003, FCR-xxx (TBD)",SYS-05,HFPX-FCS-HOV-001 §6,Analysis + SIL/HIL + Test (unmanned),TBD,CONCEPT
REQ-HFPX-FHV-002,The FCS shall constrain hover manoeuvring within a defined hover-manoeuvre box (bounds TBD).,HFPX-FCS-HOV-001,"SYS-001, CON-001, CTL-003, MIS-001",SYS-05,HFPX-FCS-HOV-001 §6,Analysis + SIL/HIL + Test (unmanned),TBD,CONCEPT
REQ-HFPX-FHV-003,"The FCS shall enforce hover entry and exit criteria including regime, health, and margin gates (criteria TBD).",HFPX-FCS-HOV-001,"SYS-001, CON-001, CTL-001, MIS-001",SYS-05,HFPX-FCS-HOV-001 §6,Analysis + SIL/HIL + Test (unmanned),TBD,CONCEPT
REQ-HFPX-FHV-004,The FCS shall provide a hover abort-to-landing path with defined sequencing and safety handover (sequence TBD).,HFPX-FCS-HOV-001,"SYS-001, CON-003, CTL-004, MIS-002",SYS-05,HFPX-FCS-HOV-001 §6,Analysis + SIL/HIL + Test (unmanned),TBD,CONCEPT
REQ-HFPX-FHV-005,The hover controller shall be verified by analysis and SIL/HIL and validated by unmanned flight test before any human exposure (methods TBD).,HFPX-FCS-HOV-001,"SYS-001, CON-003, CTL-004, MIS-002",SYS-05,HFPX-FCS-HOV-001 §6,Analysis + SIL/HIL + Test (unmanned),TBD,CONCEPT
REQ-HFPX-FTN-001,The FCS shall provide hover↔cruise conversion sequencing covering nominal conversion in both directions (sequence TBD).,HFPX-FCS-TRN-001,"SYS-001, CON-001, CTL-001, MIS-001",SYS-05,HFPX-FCS-TRN-001 §6,Analysis + SIL/HIL + Test (unmanned),TBD,CONCEPT
REQ-HFPX-FTN-002,The FCS shall provide law-blending or law-switching between hover and cruise law sets with defined transients (method TBD).,HFPX-FCS-TRN-001,"SYS-001, CTL-001, CTL-003, FCR-xxx (TBD)",SYS-05,HFPX-FCS-TRN-001 §6,Analysis + SIL/HIL + Test (unmanned),TBD,CONCEPT
REQ-HFPX-FTN-003,"The FCS shall enforce transition entry, exit, and abort criteria including regime, health, and margin gates (criteria TBD).",HFPX-FCS-TRN-001,"SYS-001, CON-001, CTL-001, MIS-001",SYS-05,HFPX-FCS-TRN-001 §6,Analysis + SIL/HIL + Test (unmanned),TBD,CONCEPT
REQ-HFPX-FTN-004,The FCS shall provide a failed-transition safe response including revert-or-hold logic and handover to the safety path (logic TBD).,HFPX-FCS-TRN-001,"SYS-001, CON-003, CTL-004, MIS-002",SYS-05,HFPX-FCS-TRN-001 §6,Analysis + SIL/HIL + Test (unmanned),TBD,CONCEPT
REQ-HFPX-FTN-005,Transition shall be verified by analysis and SIL/HIL and validated by unmanned flight test before any human exposure (methods TBD).,HFPX-FCS-TRN-001,"SYS-001, CON-003, CTL-004, MIS-002",SYS-05,HFPX-FCS-TRN-001 §6,Analysis + SIL/HIL + Test (unmanned),TBD,CONCEPT
REQ-HFPX-FCZ-001,The FCS shall provide cruise stabilisation with aerodynamic plus propulsion lift sharing (split and laws TBD).,HFPX-FCS-CRZ-001,"SYS-001, CTL-001, CTL-003, FCR-xxx (TBD)",SYS-05,HFPX-FCS-CRZ-001 §6,Analysis + SIL/HIL + Test (unmanned),TBD,CONCEPT
REQ-HFPX-FCZ-002,The FCS shall provide cruise-command tracking within TBD characteristics (commands and tolerances TBD).,HFPX-FCS-CRZ-001,"SYS-001, CON-001, CTL-003, MIS-001",SYS-05,HFPX-FCS-CRZ-001 §6,Analysis + SIL/HIL + Test (unmanned),TBD,CONCEPT
REQ-HFPX-FCZ-003,The FCS shall provide energy-efficient allocation hooks for cruise lift/thrust distribution (metric and method TBD).,HFPX-FCS-CRZ-001,"SYS-001, CTL-003, FCL-xxx (TBD)",SYS-05,HFPX-FCS-CRZ-001 §6,Analysis + SIL/HIL,TBD,CONCEPT
REQ-HFPX-FCZ-004,The FCS shall provide cruise-envelope protection preventing exceedance of defined limits (limits TBD).,HFPX-FCS-CRZ-001,"SYS-001, CON-003, CTL-003, MIS-002",SYS-05,HFPX-FCS-CRZ-001 §6,Analysis + SIL/HIL + Test (unmanned),TBD,CONCEPT
REQ-HFPX-FCZ-005,"The FCS shall provide a defined cruise-fault response including detection input, reconfiguration or degraded mode, and handover to the safety path (logic TBD).",HFPX-FCS-CRZ-001,"SYS-001, CON-003, CTL-004, MIS-002",SYS-05,HFPX-FCS-CRZ-001 §6,Analysis + SIL/HIL + Test (unmanned),TBD,CONCEPT
REQ-HFPX-FLD-001,The FCS shall provide vertical-landing sequencing from descent through touchdown and shutdown (sequence TBD).,HFPX-FCS-LND-001,"SYS-001, CON-001, CTL-001, MIS-001",SYS-05,HFPX-FCS-LND-001 §6,Analysis + SIL/HIL + Test (unmanned),TBD,CONCEPT
REQ-HFPX-FLD-002,The FCS shall provide touchdown detection and thrust cutoff with defined thresholds and sequencing (thresholds TBD).,HFPX-FCS-LND-001,"SYS-001, CTL-003, FCR-xxx (TBD)",SYS-05,HFPX-FCS-LND-001 §6,Analysis + SIL/HIL + Test (unmanned),TBD,CONCEPT
REQ-HFPX-FLD-003,The FCS shall provide landing-abort/go-around hooks with defined capability and sequencing (capability TBD).,HFPX-FCS-LND-001,"SYS-001, CON-003, CTL-004, MIS-002",SYS-05,HFPX-FCS-LND-001 §6,Analysis + SIL/HIL + Test (unmanned),TBD,CONCEPT
REQ-HFPX-FLD-004,Landing shall be verified by analysis and SIL/HIL and validated by unmanned flight test before any human exposure (methods TBD).,HFPX-FCS-LND-001,"SYS-001, CON-003, CTL-004, MIS-002",SYS-05,HFPX-FCS-LND-001 §6,Analysis + SIL/HIL + Test (unmanned),TBD,CONCEPT
REQ-HFPX-FMX-001,The FCS mixing function shall map body-axis control commands to individual module thrust-vector commands; the mixing matrix and its dimensioning are TBD.,HFPX-FCS-MIX-001,"CTL-002, ARC-004",SYS-05,HFPX-FCS-MIX-001 §6,Analysis,TBD,CONCEPT
REQ-HFPX-FMX-002,"Mode-dependent mixing tables for hover, transition, cruise, and degraded modes shall be defined; all table contents and switching conditions are TBD.",HFPX-FCS-MIX-001,"CTL-001, SYS-002",SYS-05,HFPX-FCS-MIX-001 §6,Analysis,TBD,CONCEPT
REQ-HFPX-FMX-003,"Saturation and axis-prioritisation logic for over-demanded mixing outputs shall be defined; logic, priorities, and limits are TBD.",HFPX-FCS-MIX-001,"CTL-002, SFA-001",SYS-05,HFPX-FCS-MIX-001 §6,Analysis,TBD,CONCEPT
REQ-HFPX-FMX-004,"Mixing shall be verified by SIL, HIL, and test; methods and cases TBD per Vol 19 and HFPX-FCS-VER-001.",HFPX-FCS-MIX-001,"VVP-001, VVP-004",SYS-05,HFPX-FCS-MIX-001 §6,Analysis + Test,TBD,CONCEPT
REQ-HFPX-FMX-005,Mixing definitions shall be version-controlled together with the control-law set they were verified against; process TBD.,HFPX-FCS-MIX-001,"ARC-004, VVP-004",SYS-05,HFPX-FCS-MIX-001 §6,Inspection,TBD,CONCEPT
REQ-HFPX-FAC-001,"Thrust allocation across arm, rear, and ankle module groups shall be defined; module geometry and effectiveness data are TBD.",HFPX-FCS-ALC-001,"CTL-002, PRP-002, ARC-004",SYS-05,HFPX-FCS-ALC-001 §6,Analysis,TBD,CONCEPT
REQ-HFPX-FAC-002,Failed-module reallocation logic (exclusion and redistribution) shall be defined; logic and triggers are TBD.,HFPX-FCS-ALC-001,"CTL-004, SFA-001",SYS-05,HFPX-FCS-ALC-001 §6,Analysis + Test,TBD,CONCEPT
REQ-HFPX-FAC-003,"Allocation-optimisation criteria trading efficiency against control authority shall be defined; criteria are noted but unweighted, weights TBD.",HFPX-FCS-ALC-001,"SYS-003, ARC-004",SYS-05,HFPX-FCS-ALC-001 §6,Analysis,TBD,CONCEPT
REQ-HFPX-FAC-004,"The allocation-to-mixing interface (signals, scaling, mode dependence) shall be defined in an ICD; contents TBD.",HFPX-FCS-ALC-001,"CTL-002, ARC-004",SYS-05,HFPX-FCS-ALC-001 §6,Inspection,TBD,CONCEPT
REQ-HFPX-FAC-005,Allocation shall be verified by analysis and test; methods and cases TBD per Vol 19 and HFPX-FCS-VER-001.,HFPX-FCS-ALC-001,"VVP-001, VVP-004",SYS-05,HFPX-FCS-ALC-001 §6,Analysis + Test,TBD,CONCEPT
REQ-HFPX-FAU-001,"Authority budgets per axis, flight mode, and failure case shall be defined using a 6-DOF method; method, budgets, and data are TBD.",HFPX-FCS-AUT-001,"CTL-003, ARC-004",SYS-05,HFPX-FCS-AUT-001 §6,Analysis,TBD,CONCEPT
REQ-HFPX-FAU-002,"An authority-margins policy (required margins, accounting method, failure-case coverage) shall be defined; policy and values TBD under ISS-006.",HFPX-FCS-AUT-001,"CTL-003, SFA-001",SYS-05,HFPX-FCS-AUT-001 §6,Analysis,TBD,CONCEPT
REQ-HFPX-FAU-003,"Any authority shortfall against the margins policy shall trigger a recorded design change (laws, allocation, configuration, or requirements); change process TBD.",HFPX-FCS-AUT-001,"ARC-004, SFA-001",SYS-05,HFPX-FCS-AUT-001 §6,Inspection,TBD,CONCEPT
REQ-HFPX-FAU-004,Authority evidence gates shall be defined and passed before any transition attempt; gate criteria and evidence are TBD under ISS-006.,HFPX-FCS-AUT-001,"CTL-003, VVP-001, VVP-004",SYS-05,HFPX-FCS-AUT-001 §6,Analysis + Test,TBD,CONCEPT
REQ-HFPX-FFT-001,"The fault detection → isolation → reconfiguration chain, including the safety-computer role, shall be defined; thresholds, logic, and timing are TBD.",HFPX-FCS-FTC-001,"CTL-004, SFA-001",SYS-05,HFPX-FCS-FTC-001 §6,Analysis + Test,TBD,CONCEPT
REQ-HFPX-FFT-002,"A single-module-out controllability objective shall be defined and assessed; the objective is unproven, criteria and results TBD.",HFPX-FCS-FTC-001,"CTL-004, CTL-003, SYS-002",SYS-05,HFPX-FCS-FTC-001 §6,Analysis + Test,TBD,CONCEPT
REQ-HFPX-FFT-003,"The degraded-mode set (modes, entry/exit conditions, capability claims) shall be defined; all definitions TBD.",HFPX-FCS-FTC-001,"CTL-001, CTL-004, SFA-001",SYS-05,HFPX-FCS-FTC-001 §6,Analysis + Test,TBD,CONCEPT
REQ-HFPX-FFT-004,"Handover from FTC to emergency stabilisation (conditions, authority transfer, timing) shall be defined; criteria TBD.",HFPX-FCS-FTC-001,"CTL-004, SFA-001",SYS-05,HFPX-FCS-FTC-001 §6,Analysis + Test,TBD,CONCEPT
REQ-HFPX-FFT-005,"FTC shall be verified by fault-injection in SIL, HIL, and test; methods, cases, and acceptance criteria TBD per Vol 19 and HFPX-FCS-VER-001.",HFPX-FCS-FTC-001,"VVP-001, VVP-004",SYS-05,HFPX-FCS-FTC-001 §6,Test,TBD,CONCEPT
REQ-HFPX-FVV-001,"Control laws, mixing, and allocation shall be verified through the ordered thread sim → SIL → HIL → unmanned test with no gate skipping; stage entry/exit criteria TBD.",HFPX-FCS-VER-001,"VVP-001, CTL-001, CTL-002",V&V,HFPX-FCS-VER-001 §6,Analysis + Test,TBD,CONCEPT
REQ-HFPX-FVV-002,Each verification case shall trace to one or more of FCR/FCL/FMX/FAC/FFT requirements; case list and trace TBD.,HFPX-FCS-VER-001,"VVP-004, ARC-004",V&V,HFPX-FCS-VER-001 §6,Inspection,TBD,CONCEPT
REQ-HFPX-FVV-003,Acceptance criteria shall be defined per verification case; all criteria TBD per case.,HFPX-FCS-VER-001,"VVP-001, VVP-004",V&V,HFPX-FCS-VER-001 §6,Inspection,TBD,CONCEPT
REQ-HFPX-FVV-004,A regression policy shall require defined re-verification on any control-law change (including paired mixing/allocation changes); scope and triggers TBD.,HFPX-FCS-VER-001,"VVP-004, ARC-004, CTL-001",V&V,HFPX-FCS-VER-001 §6,Inspection,TBD,CONCEPT
REQ-HFPX-MRQ-001,"The MVP system shall demonstrate unmanned hover capability under controlled test conditions with defined entrance criteria, abort rules, and evidence capture (envelope and thresholds TBD).",HFPX-MVP-REQ-001,"MVP-001, MIS-001",MVP,HFPX-MVP-REQ-001 §6,Test,TBD,CONCEPT
REQ-HFPX-MRQ-002,"The MVP system shall demonstrate unmanned transition capability between hover and horizontal flight under controlled test conditions with defined entrance criteria, abort rules, and evidence capture (envelope and thresholds TBD).",HFPX-MVP-REQ-001,"MVP-001, MIS-002",MVP,HFPX-MVP-REQ-001 §6,Test,TBD,CONCEPT
REQ-HFPX-MRQ-003,"The MVP system shall demonstrate unmanned cruise (horizontal flight) capability under controlled test conditions with defined entrance criteria, abort rules, and evidence capture (envelope and thresholds TBD).",HFPX-MVP-REQ-001,"MVP-001, MIS-003",MVP,HFPX-MVP-REQ-001 §6,Test,TBD,CONCEPT
REQ-HFPX-MRQ-004,"The MVP system shall capture telemetry and instrumentation data for each test sufficient to validate first-order models (dataset, sampling, and retention TBD in 33.12).",HFPX-MVP-REQ-001,"MVP-002, MIS-006",MVP,HFPX-MVP-REQ-001 §6,Inspection,TBD,CONCEPT
REQ-HFPX-MRQ-005,"The MVP system shall provide prototype safety-system functions including abort, stabilisation, and recovery-trigger functions (logic, thresholds, and independence TBD in 33.11).",HFPX-MVP-REQ-001,"MVP-004, MIS-004",MVP,HFPX-MVP-REQ-001 §6,Demonstration,TBD,CONCEPT
REQ-HFPX-MRQ-006,"The MVP system shall permit gated human-proximate testing only after unmanned hover, transition, and cruise evidence has met defined exit criteria and received authorisation (criteria and authority TBD in 33.19/33.14).",HFPX-MVP-REQ-001,"MVP-001, MVP-004, MIS-005",MVP,HFPX-MVP-REQ-001 §6,Inspection,TBD,CONCEPT
REQ-HFPX-MAR-001,"The MVP architecture shall provide a representative airframe whose mass, inertia, and interface properties are characterised by a defined method (method and tolerances TBC) with documented representativeness limits.",HFPX-MVP-ARC-001,"MRQ-001, MRQ-002, MRQ-003, DDR-001",MVP,HFPX-MVP-ARC-001 §6,Inspection,TBD,CONCEPT
REQ-HFPX-MAR-002,"The MVP architecture shall provide a prototype propulsion installation that hosts controlled ground and unmanned test methodology with defined chain boundaries (chain TBD in 33.6, ISS-003).",HFPX-MVP-ARC-001,"MRQ-001, MRQ-002, MRQ-003",MVP,HFPX-MVP-ARC-001 §6,Inspection,TBD,CONCEPT
REQ-HFPX-MAR-003,"The MVP architecture shall provide prototype avionics, compute, sensors, and ground-station segments that host command, telemetry, and data-capture methodology (allocation and performance TBD in 33.7–33.10).",HFPX-MVP-ARC-001,"MRQ-004, MRQ-001",MVP,HFPX-MVP-ARC-001 §6,Inspection,TBD,CONCEPT
REQ-HFPX-MAR-004,The MVP architecture shall provide a prototype safety chain with defined independence from nominal control and data paths (independence criteria and logic TBD in 33.11).,HFPX-MVP-ARC-001,"MRQ-005, DDR-001",MVP,HFPX-MVP-ARC-001 §6,Analysis,TBD,CONCEPT
REQ-HFPX-MAR-005,"The MVP architecture shall provide instrumentation provisions with hooks to the 33.12 dataset including power, mounting, data-bus, and software interfaces (list TBD).",HFPX-MVP-ARC-001,MRQ-004,MVP,HFPX-MVP-ARC-001 §6,Inspection,TBD,CONCEPT
REQ-HFPX-MCF-001,The MVP programme shall maintain a configuration index owning the identity and revision of each prototype config item for each test article and test event (items and index format TBD).,HFPX-MVP-CFG-001,"MVP-002, MRQ-004",MVP,HFPX-MVP-CFG-001 §6,Inspection,TBD,CONCEPT
REQ-HFPX-MCF-002,"The MVP programme shall control MVP parts separately from production parts such that no prototype component, value, or revision enters the production baseline except via the 33.20 transition gate (per MVP-005).",HFPX-MVP-CFG-001,MVP-005,MVP,HFPX-MVP-CFG-001 §6,Inspection,TBD,CONCEPT
REQ-HFPX-MCF-003,"The MVP programme shall apply a defined configuration-change rule to the prototype such that changes, deviations, and non-conformances are recorded, reviewed, and re-gated before further testing (rule and authority TBD).",HFPX-MVP-CFG-001,"MVP-001, MRQ-006",MVP,HFPX-MVP-CFG-001 §6,Inspection,TBD,CONCEPT
REQ-HFPX-MCF-004,The MVP programme shall record as-built and as-tested states for each gated test to a defined record standard including deviations (standard and retention TBD).,HFPX-MVP-CFG-001,"MVP-002, MRQ-004",MVP,HFPX-MVP-CFG-001 §6,Inspection,TBD,CONCEPT
REQ-HFPX-PAN-001,The ankle propulsion modules shall provide thrust and control functions per allocated demands with ratings and characteristics TBD.,HFPX-PROP-ANK-001,"REQ-HFPX-PRQ-001, REQ-HFPX-PAR-001",SYS-03,HFPX-PROP-ANK-001 §6,"Analysis, Simulation",TBD,CONCEPT
REQ-HFPX-PAN-002,The ankle propulsion modules shall define leg-mount and mobility interfaces per Vol 12.10 with loads and geometries TBD.,HFPX-PROP-ANK-001,REQ-HFPX-PRQ-003,SYS-03,HFPX-PROP-ANK-001 §6,Inspection,TBD,CONCEPT
REQ-HFPX-PAN-003,The ankle propulsion modules shall define failure responses with behaviours and authority TBD under Vol 13 fault logic.,HFPX-PROP-ANK-001,REQ-HFPX-PRQ-004,SYS-03,HFPX-PROP-ANK-001 §6,Analysis,TBD,CONCEPT
REQ-HFPX-PAN-004,The ankle propulsion modules shall define control-authority contributions with allocation TBD pending ISS-006.,HFPX-PROP-ANK-001,"REQ-HFPX-PRQ-001, REQ-HFPX-PRQ-002",SYS-03,HFPX-PROP-ANK-001 §6,"Analysis, Simulation",TBD,CONCEPT
REQ-HFPX-PAR-001,"The propulsion architecture shall partition thrust functions into arm, rear and ankle modules (counts, positions and ratings TBD).",HFPX-PROP-ARC-001,REQ-HFPX-PRQ-001,SYS-03,HFPX-PROP-ARC-001 §6,Inspection,TBD,CONCEPT
REQ-HFPX-PAR-002,"The propulsion architecture shall define the energy→thrust chain structure with chain type, conditioning and distribution TBD pending ISS-003 trade.",HFPX-PROP-ARC-001,"REQ-HFPX-PRQ-001, REQ-HFPX-PRQ-003",SYS-03,HFPX-PROP-ARC-001 §6,Inspection,TBD,CONCEPT
REQ-HFPX-PAR-003,"The propulsion architecture shall define control and monitoring interfaces to Vol 07 and Vol 08 (signals, ownership and thresholds TBD).",HFPX-PROP-ARC-001,"REQ-HFPX-PRQ-002, REQ-HFPX-PRQ-004",SYS-03,HFPX-PROP-ARC-001 §6,Inspection,TBD,CONCEPT
REQ-HFPX-PAR-004,"The propulsion architecture shall define thermal and fuel interfaces to Vol 05 and Vol 14 (flows, loads and limits TBD).",HFPX-PROP-ARC-001,"REQ-HFPX-PRQ-003, REQ-HFPX-PRQ-004",SYS-03,HFPX-PROP-ARC-001 §6,Inspection,TBD,CONCEPT
REQ-HFPX-PAR-005,The propulsion architecture shall be verified by review and simulation with controlled test methodology (no fuelled or high-energy operation outside controlled conditions).,HFPX-PROP-ARC-001,REQ-HFPX-PRQ-006,SYS-03,HFPX-PROP-ARC-001 §6,"Inspection, Simulation",TBD,CONCEPT
REQ-HFPX-PAM-001,The arm propulsion modules shall provide thrust and vectoring functions per allocated demands with ratings and ranges TBD.,HFPX-PROP-ARM-001,"REQ-HFPX-PRQ-001, REQ-HFPX-PAR-001",SYS-03,HFPX-PROP-ARM-001 §6,"Analysis, Simulation",TBD,CONCEPT
REQ-HFPX-PAM-002,The arm propulsion modules shall define pilot-load interfaces per Vol 12.4 with loads and geometries TBD.,HFPX-PROP-ARM-001,REQ-HFPX-PRQ-003,SYS-03,HFPX-PROP-ARM-001 §6,Inspection,TBD,CONCEPT
REQ-HFPX-PAM-003,The arm propulsion modules shall define failure responses with behaviours and authority TBD under Vol 13 fault logic.,HFPX-PROP-ARM-001,REQ-HFPX-PRQ-004,SYS-03,HFPX-PROP-ARM-001 §6,Analysis,TBD,CONCEPT
REQ-HFPX-PAM-004,The arm propulsion modules shall be verified by analysis and controlled test methodology with scope and criteria TBD.,HFPX-PROP-ARM-001,REQ-HFPX-PRQ-006,SYS-03,HFPX-PROP-ARM-001 §6,"Analysis, Test (methodology)",TBD,CONCEPT
REQ-HFPX-PCT-001,The propulsion control architecture shall define the engine-control ownership split between Vol 07 and module controllers with boundaries TBD.,HFPX-PROP-CTL-001,"REQ-HFPX-PRQ-002, REQ-HFPX-PAR-003",SYS-03,HFPX-PROP-CTL-001 §6,Inspection,TBD,CONCEPT
REQ-HFPX-PCT-002,The propulsion control system shall define start/stop logic with sequences and authority TBD.,HFPX-PROP-CTL-001,"REQ-HFPX-PRQ-002, REQ-HFPX-PRQ-003",SYS-03,HFPX-PROP-CTL-001 §6,"Analysis, Simulation",TBD,CONCEPT
REQ-HFPX-PCT-003,"The propulsion control system shall define limit protection with limits, thresholds and protective responses TBD.",HFPX-PROP-CTL-001,REQ-HFPX-PRQ-004,SYS-03,HFPX-PROP-CTL-001 §6,Analysis,TBD,CONCEPT
REQ-HFPX-PCT-004,"The propulsion control system shall be verified by review, analysis, simulation, SIL/HIL and controlled test methodology with scope and criteria TBD.",HFPX-PROP-CTL-001,REQ-HFPX-PRQ-006,SYS-03,HFPX-PROP-CTL-001 §6,"Inspection, Simulation, SIL/HIL",TBD,CONCEPT
REQ-HFPX-PEM-001,The propulsion system shall define the emergency-mode set (set TBD).,HFPX-PROP-EMG-001,"REQ-HFPX-SYS-001, REQ-HFPX-PRP-004",SYS-03,HFPX-PROP-EMG-001 §6,Inspection,TBD,CONCEPT
REQ-HFPX-PEM-002,Mode-entry and mode-exit criteria for each emergency mode shall be defined (criteria TBD).,HFPX-PROP-EMG-001,REQ-HFPX-SYS-003,SYS-03,HFPX-PROP-EMG-001 §6,Analysis,TBD,CONCEPT
REQ-HFPX-PEM-003,Emergency-mode authority shall be defined (safety computer TBD).,HFPX-PROP-EMG-001,"REQ-HFPX-SYS-003, REQ-HFPX-PRP-004",SYS-03,HFPX-PROP-EMG-001 §6,Inspection,TBD,CONCEPT
REQ-HFPX-PEM-004,Emergency modes shall be verified by fault-injection test under controlled conditions (procedures and criteria TBD).,HFPX-PROP-EMG-001,VVP-004,SYS-03,HFPX-PROP-EMG-001 §6,Test,TBD,CONCEPT
REQ-HFPX-PFD-001,The propulsion system shall define the detectable fault list (list TBD).,HFPX-PROP-FLT-001,"REQ-HFPX-SYS-001, REQ-HFPX-PRP-004",SYS-03,HFPX-PROP-FLT-001 §6,Inspection,TBD,CONCEPT
REQ-HFPX-PFD-002,Detection thresholds for each detectable fault shall be defined (values TBD).,HFPX-PROP-FLT-001,"REQ-HFPX-SYS-003, REQ-HFPX-PRP-003",SYS-03,HFPX-PROP-FLT-001 §6,Analysis,TBD,CONCEPT
REQ-HFPX-PFD-003,Detection latency for each detectable fault shall be defined (bounds TBD).,HFPX-PROP-FLT-001,REQ-HFPX-SYS-003,SYS-03,HFPX-PROP-FLT-001 §6,Analysis / Test,TBD,CONCEPT
REQ-HFPX-PFD-004,"Fault annunciation and isolation interfaces shall be defined (provisions TBD, Vol 08.11/08.12).",HFPX-PROP-FLT-001,"REQ-HFPX-SYS-003, REQ-HFPX-PRP-004",SYS-03,HFPX-PROP-FLT-001 §6,Inspection,TBD,CONCEPT
REQ-HFPX-PGT-001,The programme shall define the propulsion ground-test thread from bench to rig to integrated configurations under controlled conditions (procedures TBD).,HFPX-PROP-GND-001,"REQ-HFPX-SYS-003, VVP-004",SYS-03,HFPX-PROP-GND-001 §6,Inspection,TBD,CONCEPT
REQ-HFPX-PGT-002,Pass/fail criteria for each ground-test stage shall be defined (criteria TBD).,HFPX-PROP-GND-001,REQ-HFPX-SYS-003,SYS-03,HFPX-PROP-GND-001 §6,Inspection,TBD,CONCEPT
REQ-HFPX-PGT-003,Data-capture provisions for ground testing shall be defined (scope and retention TBD).,HFPX-PROP-GND-001,"REQ-HFPX-SYS-003, VVP-004",SYS-03,HFPX-PROP-GND-001 §6,Inspection,TBD,CONCEPT
REQ-HFPX-PGT-004,No flight credit shall be claimed from ground testing without gated evidence (gate TBD).,HFPX-PROP-GND-001,"REQ-HFPX-SYS-001, REQ-HFPX-SYS-003",SYS-03,HFPX-PROP-GND-001 §6,Inspection,TBD,CONCEPT
REQ-HFPX-PIN-001,"The propulsion system shall define the sensed-parameter list for engine instrumentation, including speed, temperature, pressure and vibration (full list TBD).",HFPX-PROP-INS-001,"REQ-HFPX-SYS-001, REQ-HFPX-PRP-003",SYS-03,HFPX-PROP-INS-001 §6,Inspection,TBD,CONCEPT
REQ-HFPX-PIN-002,Sensor accuracy for each sensed parameter shall be defined (values TBD).,HFPX-PROP-INS-001,"REQ-HFPX-SYS-003, REQ-HFPX-PRP-003",SYS-03,HFPX-PROP-INS-001 §6,Analysis,TBD,CONCEPT
REQ-HFPX-PIN-003,Sampling and refresh behaviour for engine instrumentation shall be defined (rates and timing TBD).,HFPX-PROP-INS-001,"REQ-HFPX-SYS-003, REQ-HFPX-PRP-003",SYS-03,HFPX-PROP-INS-001 §6,Analysis,TBD,CONCEPT
REQ-HFPX-PIN-004,Engine instrumentation shall provide calibration hooks traceable to Vol 09.17 (methods and intervals TBD).,HFPX-PROP-INS-001,VVP-004,SYS-03,HFPX-PROP-INS-001 §6,Inspection,TBD,CONCEPT
REQ-HFPX-PIT-001,"Airframe/propulsion interface ownership shall be defined (Vol 03.6, Vol 21.3).",HFPX-PROP-INT-001,REQ-HFPX-SYS-001,SYS-03,HFPX-PROP-INT-001 §6,Inspection,TBD,CONCEPT
REQ-HFPX-PIT-002,A fuel/electrical/data interface register for propulsion integration shall be defined (content TBD).,HFPX-PROP-INT-001,"REQ-HFPX-SYS-001, REQ-HFPX-SYS-003",SYS-03,HFPX-PROP-INT-001 §6,Inspection,TBD,CONCEPT
REQ-HFPX-PIT-003,Integration-test procedures ownership shall be defined (Vol 21.13; procedures TBD).,HFPX-PROP-INT-001,VVP-004,SYS-03,HFPX-PROP-INT-001 §6,Inspection,TBD,CONCEPT
REQ-HFPX-PIT-004,Changes to owned propulsion interfaces shall follow the interface-change rule (rule TBD; no unapproved change).,HFPX-PROP-INT-001,REQ-HFPX-SYS-003,SYS-03,HFPX-PROP-INT-001 §6,Inspection,TBD,CONCEPT
REQ-HFPX-PMC-001,The microturbine modules shall provide thrust performance per allocated demands with ratings and characteristics TBD.,HFPX-PROP-MIC-001,"REQ-HFPX-PRQ-001, REQ-HFPX-PTB-001",SYS-03,HFPX-PROP-MIC-001 §6,"Analysis, Simulation",TBD,CONCEPT
REQ-HFPX-PMC-002,The microturbine modules shall define mounting and mechanical interfaces per Vol 03.6 with loads and geometries TBD.,HFPX-PROP-MIC-001,"REQ-HFPX-PRQ-003, REQ-HFPX-PAR-001",SYS-03,HFPX-PROP-MIC-001 §6,Inspection,TBD,CONCEPT
REQ-HFPX-PMC-003,The microturbine modules shall provide service and inspection hooks with intervals and access TBD (maintenance conditions only).,HFPX-PROP-MIC-001,REQ-HFPX-PRQ-005,SYS-03,HFPX-PROP-MIC-001 §6,Inspection,TBD,CONCEPT
REQ-HFPX-PMC-004,The microturbine modules shall be evaluated by bench test methodology under controlled conditions with scope and pass criteria TBD.,HFPX-PROP-MIC-001,REQ-HFPX-PRQ-006,SYS-03,HFPX-PROP-MIC-001 §6,"Inspection, Test (methodology)",TBD,CONCEPT
REQ-HFPX-PMN-001,The propulsion system shall define engine health parameters and associated limits (set and values TBD).,HFPX-PROP-MON-001,"REQ-HFPX-SYS-001, REQ-HFPX-PRP-003",SYS-03,HFPX-PROP-MON-001 §6,Inspection,TBD,CONCEPT
REQ-HFPX-PMN-002,The monitoring function shall annunciate health-parameter exceedances (mechanism and thresholds TBD).,HFPX-PROP-MON-001,"REQ-HFPX-SYS-003, REQ-HFPX-PRP-003",SYS-03,HFPX-PROP-MON-001 §6,Analysis,TBD,CONCEPT
REQ-HFPX-PMN-003,"The monitoring function shall provide data-recording hooks for health and exceedance data (format, rate and retention TBD).",HFPX-PROP-MON-001,REQ-HFPX-SYS-003,SYS-03,HFPX-PROP-MON-001 §6,Inspection,TBD,CONCEPT
REQ-HFPX-PMN-004,The monitoring function shall interface to the safety path for protective action (authority and protocol TBD).,HFPX-PROP-MON-001,"REQ-HFPX-SYS-003, REQ-HFPX-PRP-004",SYS-03,HFPX-PROP-MON-001 §6,Analysis,TBD,CONCEPT
REQ-HFPX-PDY-001,The propulsion system shall define the redundancy approach (scope TBD; module-out capability unproven).,HFPX-PROP-RDY-001,"REQ-HFPX-SYS-001, REQ-HFPX-PRP-004",SYS-03,HFPX-PROP-RDY-001 §6,Inspection,TBD,CONCEPT
REQ-HFPX-PDY-002,"Independence of redundant propulsion paths shall be defined (claims TBD, CCA hooks).",HFPX-PROP-RDY-001,"REQ-HFPX-SYS-003, REQ-HFPX-PRP-004",SYS-03,HFPX-PROP-RDY-001 §6,Analysis,TBD,CONCEPT
REQ-HFPX-PDY-003,Redundancy claims shall be verified (method and criteria TBD).,HFPX-PROP-RDY-001,VVP-004,SYS-03,HFPX-PROP-RDY-001 §6,Analysis / Test,TBD,CONCEPT
REQ-HFPX-PDY-004,"Redundancy claims shall flow into FTA (allocation and gates TBD, Vol 13).",HFPX-PROP-RDY-001,"REQ-HFPX-SYS-003, REQ-HFPX-PRP-004",SYS-03,HFPX-PROP-RDY-001 §6,Analysis,TBD,CONCEPT
REQ-HFPX-PRQ-001,"The propulsion system shall provide distributed thrust for hover, transition and cruise modes (magnitudes, allocation and margins TBD).",HFPX-PROP-REQ-001,"SYS-001, MIS-001..003, PRP-001",SYS-03,HFPX-PROP-REQ-001 §6,"Analysis, Simulation",TBD,CONCEPT
REQ-HFPX-PRQ-002,The propulsion system shall provide throttle/modulation response to allocation commands (response characteristics TBD).,HFPX-PROP-REQ-001,"SYS-001, PRP-001",SYS-03,HFPX-PROP-REQ-001 §6,"Analysis, Simulation",TBD,CONCEPT
REQ-HFPX-PRQ-003,The propulsion system shall be operable across the defined flight envelope (envelope limits and derating TBD).,HFPX-PROP-REQ-001,"SYS-001, MIS-001..003",SYS-03,HFPX-PROP-REQ-001 §6,Analysis,TBD,CONCEPT
REQ-HFPX-PRQ-004,"The propulsion system shall provide monitoring and protection hooks for health, limits and fault logic (thresholds and ownership TBD).",HFPX-PROP-REQ-001,"SYS-001, PRP-001",SYS-03,HFPX-PROP-REQ-001 §6,"Inspection, Analysis",TBD,CONCEPT
REQ-HFPX-PRQ-005,"The propulsion system shall provide maintainability hooks for inspection, servicing and module replacement (intervals and procedures TBD, maintenance conditions only).",HFPX-PROP-REQ-001,SYS-001,SYS-03,HFPX-PROP-REQ-001 §6,Inspection,TBD,CONCEPT
REQ-HFPX-PRQ-006,"The propulsion system requirements shall be verified by review, analysis, simulation and controlled test methodology (no fuelled or high-energy operation outside controlled conditions).",HFPX-PROP-REQ-001,PRP-001,SYS-03,HFPX-PROP-REQ-001 §6,Inspection,TBD,CONCEPT
REQ-HFPX-PRR-001,The rear propulsion modules shall provide thrust functions per allocated demands with ratings and characteristics TBD.,HFPX-PROP-RER-001,"REQ-HFPX-PRQ-001, REQ-HFPX-PAR-001",SYS-03,HFPX-PROP-RER-001 §6,"Analysis, Simulation",TBD,CONCEPT
REQ-HFPX-PRR-002,The rear propulsion modules shall define torso-mount interfaces with loads and geometries TBD.,HFPX-PROP-RER-001,REQ-HFPX-PRQ-003,SYS-03,HFPX-PROP-RER-001 §6,Inspection,TBD,CONCEPT
REQ-HFPX-PRR-003,The rear propulsion modules shall define thermal and exhaust interfaces per Vol 14.2/14.3 with loads and routes TBD.,HFPX-PROP-RER-001,"REQ-HFPX-PRQ-003, REQ-HFPX-PRQ-004",SYS-03,HFPX-PROP-RER-001 §6,Inspection,TBD,CONCEPT
REQ-HFPX-PRR-004,The rear propulsion modules shall define failure responses with behaviours and authority TBD under Vol 13 fault logic.,HFPX-PROP-RER-001,REQ-HFPX-PRQ-004,SYS-03,HFPX-PROP-RER-001 §6,Analysis,TBD,CONCEPT
REQ-HFPX-PTH-001,The propulsion system shall define heat-rejection paths for engine thermal management (set TBD).,HFPX-PROP-THM-001,"REQ-HFPX-SYS-001, REQ-HFPX-PRP-003",SYS-03,HFPX-PROP-THM-001 §6,Inspection,TBD,CONCEPT
REQ-HFPX-PTH-002,Temperature limits for propulsion hardware and interfaces shall be defined (values TBD).,HFPX-PROP-THM-001,REQ-HFPX-SYS-003,SYS-03,HFPX-PROP-THM-001 §6,Analysis,TBD,CONCEPT
REQ-HFPX-PTH-003,"Thermal protection of pilot and structure from propulsion heat shall be defined (provisions TBD, Vol 14.2/14.3).",HFPX-PROP-THM-001,"REQ-HFPX-SYS-001, REQ-HFPX-SYS-003",SYS-03,HFPX-PROP-THM-001 §6,Analysis,TBD,CONCEPT
REQ-HFPX-PTH-004,"Thermal management shall be verified by thermal model and test (models, rigs and criteria TBD).",HFPX-PROP-THM-001,VVP-004,SYS-03,HFPX-PROP-THM-001 §6,Analysis / Test,TBD,CONCEPT
REQ-HFPX-PTB-001,"The turbine architecture shall define turbine-module classes with ratings, fuels and integration roles TBD.",HFPX-PROP-TRB-001,"REQ-HFPX-PRQ-001, REQ-HFPX-PAR-002",SYS-03,HFPX-PROP-TRB-001 §6,Inspection,TBD,CONCEPT
REQ-HFPX-PTB-002,The turbine architecture shall define start/shutdown sequencing ownership with sequences and authority TBD.,HFPX-PROP-TRB-001,"REQ-HFPX-PRQ-002, REQ-HFPX-PRQ-003",SYS-03,HFPX-PROP-TRB-001 §6,Inspection,TBD,CONCEPT
REQ-HFPX-PTB-003,"The turbine architecture shall define operating-limits protection with limits, thresholds and protective responses TBD.",HFPX-PROP-TRB-001,REQ-HFPX-PRQ-004,SYS-03,HFPX-PROP-TRB-001 §6,Analysis,TBD,CONCEPT
REQ-HFPX-PTB-004,The turbine architecture shall provide trade-study inputs per the ISS-003 input rule without selecting the energy source.,HFPX-PROP-TRB-001,"REQ-HFPX-PRQ-006, REQ-HFPX-PAR-002",SYS-03,HFPX-PROP-TRB-001 §6,Inspection,TBD,CONCEPT
REQ-HFPX-PVC-001,The thrust-vectoring functions shall provide directed thrust per allocated demands with functions and ranges TBD.,HFPX-PROP-VEC-001,"REQ-HFPX-PRQ-001, REQ-HFPX-PRQ-002",SYS-03,HFPX-PROP-VEC-001 §6,"Analysis, Simulation",TBD,CONCEPT
REQ-HFPX-PVC-002,The thrust-vectoring system shall implement vectoring-command interfaces per Vol 07.15/07.16 with signals and ownership TBD.,HFPX-PROP-VEC-001,REQ-HFPX-PRQ-002,SYS-03,HFPX-PROP-VEC-001 §6,Inspection,TBD,CONCEPT
REQ-HFPX-PVC-003,The thrust-vectoring system shall define vectoring-fault responses with behaviours and authority TBD under Vol 13 fault logic.,HFPX-PROP-VEC-001,REQ-HFPX-PRQ-004,SYS-03,HFPX-PROP-VEC-001 §6,Analysis,TBD,CONCEPT
REQ-HFPX-PVC-004,The thrust-vectoring system shall be verified by SIL/HIL and controlled test methodology with scope and criteria TBD.,HFPX-PROP-VEC-001,REQ-HFPX-PRQ-006,SYS-03,HFPX-PROP-VEC-001 §6,"SIL/HIL, Test (methodology)",TBD,CONCEPT
REQ-HFPX-FDS-001,"The fuel distribution subsystem shall implement a defined distribution topology from tanks to consumers (line counts, branches, valve positions — TBD) meeting delivery demands (rates TBD).",HFPX-FUEL-DIS-001,REQ-HFPX-FRQ-001,Fuel,HFPX-FUEL-DIS-001 §6,Analysis + Inspection,TBD,CONCEPT
REQ-HFPX-FDS-002,The fuel distribution subsystem shall provide redundancy and cross-feed provisions (schemes and coverage TBD) such that defined single-fault feed failures do not prevent continued delivery (cases TBD).,HFPX-FUEL-DIS-001,"REQ-HFPX-FRQ-001, REQ-HFPX-FRQ-004",Fuel,HFPX-FUEL-DIS-001 §6,Analysis + Test,TBD,CONCEPT
REQ-HFPX-FDS-003,"The fuel distribution subsystem shall comply with line-routing and fire-zone interface provisions (separation, protection, shutoff placement — details TBD) per Vol 03/Vol 13 inputs.",HFPX-FUEL-DIS-001,REQ-HFPX-FRQ-004,Fuel,HFPX-FUEL-DIS-001 §6,Analysis + Inspection,TBD,CONCEPT
REQ-HFPX-FDS-004,"The fuel distribution subsystem shall be verifiable by defined distribution-verification means (analysis, inspection, flow-test methodology — cases TBD) under controlled conditions.",HFPX-FUEL-DIS-001,REQ-HFPX-FRQ-005,Fuel,HFPX-FUEL-DIS-001 §6,Analysis + Demonstration,TBD,CONCEPT
REQ-HFPX-FFL-001,"The filtration subsystem shall remove contaminants to defined rating provisions (rating, efficiency, capacity — values TBD) for the selected fuel.",HFPX-FUEL-FLT-001,REQ-HFPX-FRQ-002,Fuel,HFPX-FUEL-FLT-001 §6,Analysis + Test,TBD,CONCEPT
REQ-HFPX-FFL-002,"The filtration subsystem shall provide bypass and clogging annunciation provisions (detection, thresholds, signals — TBD) to the control/monitoring system.",HFPX-FUEL-FLT-001,REQ-HFPX-FRQ-003,Fuel,HFPX-FUEL-FLT-001 §6,Analysis + Demonstration,TBD,CONCEPT
REQ-HFPX-FFL-003,"The filtration subsystem shall provide maintenance hooks (access, replacement, condition-indication provisions — details TBD) enabling future servicing tasks.",HFPX-FUEL-FLT-001,REQ-HFPX-FRQ-005,Fuel,HFPX-FUEL-FLT-001 §6,Inspection,TBD,CONCEPT
REQ-HFPX-FNJ-001,"The injection subsystem shall implement the injection interface to engines (flows, pressures, mechanical/thermal provisions — all TBD) per Vol 04 allocation.",HFPX-FUEL-INJ-001,REQ-HFPX-FRQ-001,Fuel,HFPX-FUEL-INJ-001 §6,Analysis + Inspection,TBD,CONCEPT
REQ-HFPX-FNJ-002,"The injection subsystem shall provide operability across the defined flight envelope and transients (regimes, margins, relight/turndown provisions — TBD) under controlled conditions.",HFPX-FUEL-INJ-001,REQ-HFPX-FRQ-001,Fuel,HFPX-FUEL-INJ-001 §6,Analysis + Test,TBD,CONCEPT
REQ-HFPX-FNJ-003,"The injection subsystem shall be verifiable by defined injection-verification means (analysis, inspection, spray/flow-test methodology — cases TBD) under controlled conditions.",HFPX-FUEL-INJ-001,REQ-HFPX-FRQ-005,Fuel,HFPX-FUEL-INJ-001 §6,Analysis + Demonstration,TBD,CONCEPT
REQ-HFPX-FIS-001,The fuel system shall provide isolation valves/functions at locations to be determined (TBD).,HFPX-FUEL-ISO-001,"FRQ tier (TBD), REQ-HFPX-SYS-003",Fuel,HFPX-FUEL-ISO-001 §6,Inspection,TBD,CONCEPT
REQ-HFPX-FIS-002,"The fuel system shall implement isolation authority, including emergency isolation authority to be determined (TBD), from sources to be determined (TBD).",HFPX-FUEL-ISO-001,"REQ-HFPX-SYS-003, SAF tier (TBD)",Fuel,HFPX-FUEL-ISO-001 §6,Demonstration,TBD,CONCEPT
REQ-HFPX-FIS-003,The fuel system shall provide isolation verification that confirms isolation state (method and criteria TBD).,HFPX-FUEL-ISO-001,"SCA-006, SAF tier (TBD)",Fuel,HFPX-FUEL-ISO-001 §6,Test,TBD,CONCEPT
REQ-HFPX-FIS-004,"The fuel system shall implement a fail-safe direction on loss of power or command that is to be determined (TBD, not assumed).",HFPX-FUEL-ISO-001,"REQ-HFPX-SYS-003, SCA-006",Fuel,HFPX-FUEL-ISO-001 §6,Analysis,TBD,CONCEPT
REQ-HFPX-FLK-001,The fuel system shall provide leak detection coverage for zones and leak states to be determined (TBD).,HFPX-FUEL-LEK-001,"FRQ tier (TBD), REQ-HFPX-SYS-003",Fuel,HFPX-FUEL-LEK-001 §6,Test,TBD,CONCEPT
REQ-HFPX-FLK-002,The fuel system shall provide leak annunciation to the pilot/operator upon detection (threshold and semantics TBD).,HFPX-FUEL-LEK-001,"REQ-HFPX-SYS-003, SAF tier (TBD)",Fuel,HFPX-FUEL-LEK-001 §6,Demonstration,TBD,CONCEPT
REQ-HFPX-FLK-003,The fuel system shall provide an isolation-trigger interface that exposes leak-detection status to the isolation function (logic and authority TBD).,HFPX-FUEL-LEK-001,"REQ-HFPX-SYS-003, SCA-006",Fuel,HFPX-FUEL-LEK-001 §6,Inspection,TBD,CONCEPT
REQ-HFPX-FLK-004,Fuel leak detection performance shall be verified by test under controlled conditions (procedures and pass/fail TBD).,HFPX-FUEL-LEK-001,"SCA-006, REQ-HFPX-SYS-006",Fuel,HFPX-FUEL-LEK-001 §6,Test,TBD,CONCEPT
REQ-HFPX-FMT-001,"The metering subsystem shall meter fuel flow within defined accuracy, range, and dynamic provisions (values TBD) across the flight envelope.",HFPX-FUEL-MTR-001,REQ-HFPX-FRQ-001,Fuel,HFPX-FUEL-MTR-001 §6,Analysis + Test,TBD,CONCEPT
REQ-HFPX-FMT-002,"The metering subsystem shall implement the metering-to-control interface (commands, feedback, fault signals — details TBD) per Vol 07 allocation.",HFPX-FUEL-MTR-001,REQ-HFPX-FRQ-003,Fuel,HFPX-FUEL-MTR-001 §6,Analysis + Demonstration,TBD,CONCEPT
REQ-HFPX-FMT-003,"The metering subsystem shall be verifiable by defined metering-verification means (analysis, inspection, flow-test methodology — cases TBD) under controlled conditions.",HFPX-FUEL-MTR-001,REQ-HFPX-FRQ-005,Fuel,HFPX-FUEL-MTR-001 §6,Analysis + Demonstration,TBD,CONCEPT
REQ-HFPX-FPP-001,"The fuel pump subsystem shall provide pressurised fuel flow meeting distribution and engine-interface demands, with pressures, flow rates, and duty TBD.",HFPX-FUEL-PMP-001,REQ-HFPX-FRQ-001,Fuel,HFPX-FUEL-PMP-001 §6,Analysis + Test,TBD,CONCEPT
REQ-HFPX-FPP-002,The fuel pump subsystem shall provide pump redundancy provisions (schemes and coverage TBD) such that defined single-pump faults do not prevent continued delivery (cases TBD).,HFPX-FUEL-PMP-001,REQ-HFPX-FRQ-001,Fuel,HFPX-FUEL-PMP-001 §6,Analysis + Test,TBD,CONCEPT
REQ-HFPX-FPP-003,"The fuel pump subsystem shall provide pump monitoring provisions (status, fault detection, annunciation signals — details TBD) to the control/monitoring system.",HFPX-FUEL-PMP-001,REQ-HFPX-FRQ-003,Fuel,HFPX-FUEL-PMP-001 §6,Analysis + Demonstration,TBD,CONCEPT
REQ-HFPX-FPP-004,"The fuel pump subsystem shall be verifiable by defined pump-verification means (analysis, inspection, bench/loop-test methodology — cases TBD) under controlled conditions.",HFPX-FUEL-PMP-001,REQ-HFPX-FRQ-005,Fuel,HFPX-FUEL-PMP-001 §6,Analysis + Demonstration,TBD,CONCEPT
REQ-HFPX-FPS-001,The fuel system shall sense fuel pressure at points to be determined (TBD) with an accuracy to be determined (TBD).,HFPX-FUEL-PRS-001,"FRQ tier (TBD), REQ-HFPX-SYS-006",Fuel,HFPX-FUEL-PRS-001 §6,Test,TBD,CONCEPT
REQ-HFPX-FPS-002,The fuel system shall provide fuel-pressure exceedance annunciation when pressure exceeds bounds to be determined (TBD).,HFPX-FUEL-PRS-001,"REQ-HFPX-SYS-003, SAF tier (TBD)",Fuel,HFPX-FUEL-PRS-001 §6,Demonstration,TBD,CONCEPT
REQ-HFPX-FPS-003,The fuel system shall provide a protection interface that exposes fuel-pressure status to the protection function (logic and response TBD).,HFPX-FUEL-PRS-001,"REQ-HFPX-SYS-003, SCA-006",Fuel,HFPX-FUEL-PRS-001 §6,Inspection,TBD,CONCEPT
REQ-HFPX-FQT-001,The fuel system shall measure fuel quantity remaining with an accuracy to be determined (TBD).,HFPX-FUEL-QTY-001,"FRQ tier (TBD), REQ-HFPX-SYS-006",Fuel,HFPX-FUEL-QTY-001 §6,Test,TBD,CONCEPT
REQ-HFPX-FQT-002,The fuel system shall provide low-quantity annunciation to the pilot/operator when fuel quantity reaches a threshold to be determined (TBD).,HFPX-FUEL-QTY-001,"REQ-HFPX-SYS-003, SAF tier (TBD)",Fuel,HFPX-FUEL-QTY-001 §6,Demonstration,TBD,CONCEPT
REQ-HFPX-FQT-003,The fuel system shall provide calibration hooks for fuel quantity measurement (method and interval TBD).,HFPX-FUEL-QTY-001,"FRQ tier (TBD), SCA-006",Fuel,HFPX-FUEL-QTY-001 §6,Inspection,TBD,CONCEPT
REQ-HFPX-FRQ-001,"The fuel system shall deliver fuel to the propulsion system across the defined flight envelope (hover, transition, cruise, landing), with flow rates and pressures TBD.",HFPX-FUEL-REQ-001,"SYS-001, SYS-003",Fuel,HFPX-FUEL-REQ-001 §6,Analysis + Test,TBD,CONCEPT
REQ-HFPX-FRQ-002,"The fuel system shall deliver fuel meeting defined quality and conditioning criteria (filtration, contamination limits, conditioning state — values TBD) for the selected fuel type.",HFPX-FUEL-REQ-001,SYS-001,Fuel,HFPX-FUEL-REQ-001 §6,Analysis + Test,TBD,CONCEPT
REQ-HFPX-FRQ-003,"The fuel system shall provide knowledge of fuel quantity, pressure, and temperature to the control/monitoring system, with accuracies, ranges, and update rates TBD.",HFPX-FUEL-REQ-001,"SYS-001, SYS-003",Fuel,HFPX-FUEL-REQ-001 §6,Analysis + Demonstration,TBD,CONCEPT
REQ-HFPX-FRQ-004,"The fuel system shall implement safety primacy by means of isolability and leak detection/containment provisions, independent of the primary delivery path (thresholds and times TBD).",HFPX-FUEL-REQ-001,SYS-003,Fuel,HFPX-FUEL-REQ-001 §6,Analysis + Test,TBD,CONCEPT
REQ-HFPX-FRQ-005,"Each fuel requirement in this specification shall be traceable to a verification case in the V&V Plan, with verification method and success criteria defined before detailed design approval.",HFPX-FUEL-REQ-001,SYS-003,Fuel,HFPX-FUEL-REQ-001 §6,Inspection,TBD,CONCEPT
REQ-HFPX-FRF-001,The fuel system shall provide servicing interfaces for refuelling and defuelling (locations and types TBD).,HFPX-FUEL-RFL-001,"FRQ tier (TBD), REQ-HFPX-SYS-006",Fuel,HFPX-FUEL-RFL-001 §6,Inspection,TBD,CONCEPT
REQ-HFPX-FRF-002,The fuel system shall provide grounding/bonding hooks interfacing to Vol 21.11 provisions (details TBD).,HFPX-FUEL-RFL-001,"SAF tier (TBD), REQ-HFPX-SYS-003",Fuel,HFPX-FUEL-RFL-001 §6,Inspection,TBD,CONCEPT
REQ-HFPX-FRF-003,The fuel system shall implement spill/containment principles for servicing (criteria TBD).,HFPX-FUEL-RFL-001,"REQ-HFPX-SYS-003, SAF tier (TBD)",Fuel,HFPX-FUEL-RFL-001 §6,Analysis,TBD,CONCEPT
REQ-HFPX-FRF-004,Servicing interfaces and principles shall be verified by demonstration under controlled conditions (procedures TBD).,HFPX-FUEL-RFL-001,"SCA-006, REQ-HFPX-SYS-006",Fuel,HFPX-FUEL-RFL-001 §6,Demonstration,TBD,CONCEPT
REQ-HFPX-FSF-001,"The programme shall perform a fuel hazard analysis covering the fuel system, feeding Vol 13 (scope and method TBD).",HFPX-FUEL-SAF-001,"SAF tier (TBD), SCA-006",Fuel,HFPX-FUEL-SAF-001 §6,Inspection,TBD,CONCEPT
REQ-HFPX-FSF-002,The fuel system shall define fire-zone interfaces to fire detection and protection functions (zones and signals TBD).,HFPX-FUEL-SAF-001,"REQ-HFPX-SYS-003, SAF tier (TBD)",Fuel,HFPX-FUEL-SAF-001 §6,Inspection,TBD,CONCEPT
REQ-HFPX-FSF-003,The fuel system shall implement crash-safety principles for fuel containment and isolation (criteria TBD).,HFPX-FUEL-SAF-001,"REQ-HFPX-SYS-003, SAF tier (TBD)",Fuel,HFPX-FUEL-SAF-001 §6,Analysis,TBD,CONCEPT
REQ-HFPX-FSF-004,"The fuel system shall provide maintenance-safety hooks enabling safe maintenance (tasks and procedures TBD, controlled conditions).",HFPX-FUEL-SAF-001,"FRQ tier (TBD), SCA-006",Fuel,HFPX-FUEL-SAF-001 §6,Inspection,TBD,CONCEPT
REQ-HFPX-FSF-005,Fuel system safety requirements shall be verified through a defined fuel-safety verification thread (cases and evidence TBD).,HFPX-FUEL-SAF-001,"SCA-006, REQ-HFPX-SYS-006",Fuel,HFPX-FUEL-SAF-001 §6,Analysis,TBD,CONCEPT
REQ-HFPX-FSL-001,"The project shall define fuel-selection criteria covering at minimum compatibility, safety, energy, and operability, with evaluation metrics and weights TBD.",HFPX-FUEL-SEL-001,REQ-HFPX-FRQ-002,Fuel,HFPX-FUEL-SEL-001 §6,Inspection,TBD,CONCEPT
REQ-HFPX-FSL-002,"The project shall maintain a candidate-fuel compatibility matrix mapping each candidate against materials, components, engines, environment, and servicing constraints, with entries TBD and no candidate selected.",HFPX-FUEL-SEL-001,REQ-HFPX-FRQ-002,Fuel,HFPX-FUEL-SEL-001 §6,Inspection,TBD,CONCEPT
REQ-HFPX-FSL-003,"The project shall identify safety and regulatory constraints applicable to candidate fuels (handling class, storage class, transport, test-range, certification implications — details TBD) before any selection decision.",HFPX-FUEL-SEL-001,REQ-HFPX-FRQ-004,Fuel,HFPX-FUEL-SEL-001 §6,Analysis + Inspection,TBD,CONCEPT
REQ-HFPX-FSL-004,"The project shall make the fuel-type decision only through the ISS-003 trade study recorded in a DDR, with re-verification of affected fuel requirements upon approval.",HFPX-FUEL-SEL-001,REQ-HFPX-FRQ-005,Fuel,HFPX-FUEL-SEL-001 §6,Inspection,TBD,CONCEPT
REQ-HFPX-FSR-001,"The fuel storage subsystem shall maintain storage integrity (containment, leakage, permeation provisions — limits and durations TBD) in defined storage environments.",HFPX-FUEL-STO-001,REQ-HFPX-FRQ-004,Fuel,HFPX-FUEL-STO-001 §6,Analysis + Test,TBD,CONCEPT
REQ-HFPX-FSR-002,"The fuel storage subsystem shall remain within defined thermal and environmental limits (temperature, humidity, contaminants — values TBD) for the selected fuel.",HFPX-FUEL-STO-001,REQ-HFPX-FRQ-002,Fuel,HFPX-FUEL-STO-001 §6,Analysis,TBD,CONCEPT
REQ-HFPX-FSR-003,"The fuel storage subsystem shall provide inspection and maintenance hooks (access, sampling, drain, NDT provisions — details TBD) enabling future inspection and maintenance tasks.",HFPX-FUEL-STO-001,REQ-HFPX-FRQ-005,Fuel,HFPX-FUEL-STO-001 §6,Inspection,TBD,CONCEPT
REQ-HFPX-FSR-004,"The fuel storage subsystem shall be verifiable by defined storage-verification means (analysis, inspection, endurance/ageing test methodology — cases TBD) under controlled conditions.",HFPX-FUEL-STO-001,REQ-HFPX-FRQ-005,Fuel,HFPX-FUEL-STO-001 §6,Analysis + Inspection,TBD,CONCEPT
REQ-HFPX-FTP-001,The fuel system shall sense fuel temperature at points to be determined (TBD) with an accuracy to be determined (TBD).,HFPX-FUEL-TMP-001,"FRQ tier (TBD), REQ-HFPX-SYS-006",Fuel,HFPX-FUEL-TMP-001 §6,Test,TBD,CONCEPT
REQ-HFPX-FTP-002,The fuel system shall provide thermal-limit annunciation when fuel temperature breaches limits defined in Vol 14.6 (values TBD).,HFPX-FUEL-TMP-001,"REQ-HFPX-SYS-003, SAF tier (TBD)",Fuel,HFPX-FUEL-TMP-001 §6,Demonstration,TBD,CONCEPT
REQ-HFPX-FTP-003,The fuel system shall provide a protection interface that exposes fuel-temperature status to the protection function (logic and response TBD).,HFPX-FUEL-TMP-001,"REQ-HFPX-SYS-003, SCA-006",Fuel,HFPX-FUEL-TMP-001 §6,Inspection,TBD,CONCEPT
REQ-HFPX-FTK-001,"The fuel tank subsystem shall provide containment and supply functions for the usable-fuel capacity, with capacity, compartmentalisation, and feed provisions TBD.",HFPX-FUEL-TNK-001,REQ-HFPX-FRQ-001,Fuel,HFPX-FUEL-TNK-001 §6,Analysis + Inspection,TBD,CONCEPT
REQ-HFPX-FTK-002,"The fuel tank subsystem shall implement crashworthiness and venting principles (impact behaviour, vent paths, over-pressure provisions — details and values TBD) per Vol 03/Vol 13 inputs.",HFPX-FUEL-TNK-001,REQ-HFPX-FRQ-004,Fuel,HFPX-FUEL-TNK-001 §6,Analysis,TBD,CONCEPT
REQ-HFPX-FTK-003,"The fuel tank subsystem shall provide a quantity-sensing interface delivering tank-quantity data to the control/monitoring system, with accuracy, resolution, and update provisions TBD.",HFPX-FUEL-TNK-001,REQ-HFPX-FRQ-003,Fuel,HFPX-FUEL-TNK-001 §6,Analysis + Demonstration,TBD,CONCEPT
REQ-HFPX-FTK-004,"The fuel tank subsystem shall integrate with the airframe structure (mounting, loads, access, fire-zone provisions — details TBD) per Vol 03 allocation.",HFPX-FUEL-TNK-001,"REQ-HFPX-FRQ-001, REQ-HFPX-FRQ-004",Fuel,HFPX-FUEL-TNK-001 §6,Analysis + Inspection,TBD,CONCEPT
REQ-HFPX-FTS-001,The programme shall test the fuel system through a thread from rig to integrated testing under controlled conditions (procedures TBD).,HFPX-FUEL-TST-001,"FRQ tier (TBD), REQ-HFPX-SYS-006",Fuel,HFPX-FUEL-TST-001 §6,Test,TBD,CONCEPT
REQ-HFPX-FTS-002,Each fuel system test shall define pass/fail criteria to be determined (TBD).,HFPX-FUEL-TST-001,"SCA-006, SAF tier (TBD)",Fuel,HFPX-FUEL-TST-001 §6,Inspection,TBD,CONCEPT
REQ-HFPX-FTS-003,Each fuel system test shall capture data to be determined (TBD).,HFPX-FUEL-TST-001,"SCA-006, FRQ tier (TBD)",Fuel,HFPX-FUEL-TST-001 §6,Inspection,TBD,CONCEPT
REQ-HFPX-FTS-004,Fuel system test evidence shall receive flight credit only through a gated evidence process (gate criteria TBD).,HFPX-FUEL-TST-001,"REQ-HFPX-SYS-003, SCA-006",Fuel,HFPX-FUEL-TST-001 §6,Analysis,TBD,CONCEPT
REQ-HFPX-AIP-001,"The system shall provide impact-attenuation functions, with zones and adaptivity TBD.",HFPX-SAFE-AIP-001,SYS-003,Safety,HFPX-SAFE-AIP-001 §6,Analysis,TBD,CONCEPT
REQ-HFPX-AIP-002,"The system shall define deployment/activation criteria for impact protection, with all thresholds, latencies, and sensing TBD.",HFPX-SAFE-AIP-001,SYS-003,Safety,HFPX-SAFE-AIP-001 §6,Analysis,TBD,CONCEPT
REQ-HFPX-AIP-003,"The system shall define the suit/airframe interface for impact protection, with loads, couplings, and protocols TBD (Vol 12).",HFPX-SAFE-AIP-001,SYS-003,Safety,HFPX-SAFE-AIP-001 §6,Inspection,TBD,CONCEPT
REQ-HFPX-AIP-004,"Impact protection shall be verified by analysis plus component test, with methods and pass criteria TBD.",HFPX-SAFE-AIP-001,SYS-003,Safety,HFPX-SAFE-AIP-001 §6,Test,TBD,CONCEPT
REQ-HFPX-AST-001,"The system shall provide an automatic stabilisation function independent of the primary FCS, with independence criteria TBD.",HFPX-SAFE-AST-001,"SYS-003, ARC-003/SFA-001",Safety,HFPX-SAFE-AST-001 §6,Analysis,TBD,CONCEPT
REQ-HFPX-AST-002,"The system shall define engagement and disengagement criteria for automatic stabilisation, with all thresholds, latencies, and handover logic TBD.",HFPX-SAFE-AST-001,SYS-003,Safety,HFPX-SAFE-AST-001 §6,Analysis,TBD,CONCEPT
REQ-HFPX-AST-003,"The system shall define the stabilisation envelope, addressed hover-first, with all bounds TBD.",HFPX-SAFE-AST-001,"SYS-003, FFT-005",Safety,HFPX-SAFE-AST-001 §6,Analysis,TBD,CONCEPT
REQ-HFPX-AST-004,"Automatic stabilisation shall be verified by fault-injection SIL/HIL and unmanned test, with fault set, environments, and pass criteria TBD.",HFPX-SAFE-AST-001,"SYS-003, FFT-005",Safety,HFPX-SAFE-AST-001 §6,Test,TBD,CONCEPT
REQ-HFPX-ECM-001,"The system shall provide emergency/priority links for contingency traffic, with bearers, coverage, and priority scheme TBD.",HFPX-SAFE-ECM-001,"OPC-003, COM-001..004",Safety,HFPX-SAFE-ECM-001 §6,Demonstration,TBD,CONCEPT
REQ-HFPX-ECM-002,"The system shall provide Mayday-type signalling, with format, triggers, and annunciation TBD (Vol 11.6).",HFPX-SAFE-ECM-001,"OPC-003, COM-001..004",Safety,HFPX-SAFE-ECM-001 §6,Demonstration,TBD,CONCEPT
REQ-HFPX-ECM-003,"The programme shall define ground-station emergency authority, with powers, responsibilities, and handover conditions TBD.",HFPX-SAFE-ECM-001,"OPC-003, COM-001..004",Safety,HFPX-SAFE-ECM-001 §6,Inspection,TBD,CONCEPT
REQ-HFPX-ECM-004,"Emergency-communications functions shall be verified by demonstration and test, with scope, conditions, and acceptance criteria TBD.",HFPX-SAFE-ECM-001,"OPC-003, COM-001..004",Safety,HFPX-SAFE-ECM-001 §6,Test,TBD,CONCEPT
REQ-HFPX-EPM-001,"The system shall assign propulsion-fault response ownership such that faults are detected via health monitoring and responded to via the safety path, with detection coverage, latencies, and authority TBD.",HFPX-SAFE-EPM-001,SYS-003,Safety,HFPX-SAFE-EPM-001 §6,Analysis,TBD,CONCEPT
REQ-HFPX-EPM-002,"The system shall define thrust-reallocation versus shutdown criteria, with all thresholds, conditions, and sequencing TBD.",HFPX-SAFE-EPM-001,"SYS-003, FHA/FMEA hooks",Safety,HFPX-SAFE-EPM-001 §6,Analysis,TBD,CONCEPT
REQ-HFPX-EPM-003,"The system shall define the emergency power-to-propulsion interface sustaining the EPM response, with capacity, duration, and signal protocols TBD.",HFPX-SAFE-EPM-001,SYS-003,Safety,HFPX-SAFE-EPM-001 §6,Inspection,TBD,CONCEPT
REQ-HFPX-EPM-004,"The EPM response shall be demonstrated unmanned before any human-flight credit is claimed, with demonstration scope and pass criteria TBD.",HFPX-SAFE-EPM-001,SYS-003,Safety,HFPX-SAFE-EPM-001 §6,Demonstration,TBD,CONCEPT
REQ-HFPX-EPR-001,"The system shall define emergency states with entry criteria and exit criteria, with all criteria values TBD.",HFPX-SAFE-EPR-001,CON-002,Safety,HFPX-SAFE-EPR-001 §6,Inspection,TBD,CONCEPT
REQ-HFPX-EPR-002,"The crew/operator shall have a defined action for each emergency state, consistent with the CONOPS off-nominal thread, with sequencing and responsibilities TBD.",HFPX-SAFE-EPR-001,"CON-004, OPC-004",Safety,HFPX-SAFE-EPR-001 §6,Demonstration,TBD,CONCEPT
REQ-HFPX-EPR-003,"Each emergency procedure shall map to the alert(s) that initiate it, traceable to Vol 10.11/10.12 alert definitions, with alert thresholds and latencies TBD.",HFPX-SAFE-EPR-001,OPC-004,Safety,HFPX-SAFE-EPR-001 §6,Analysis,TBD,CONCEPT
REQ-HFPX-EPR-004,"Each emergency procedure shall be validated by rehearsal and/or demonstration, and no human-flight credit shall be claimed for a human-executed procedure before gated closure, with methods and criteria TBD.",HFPX-SAFE-EPR-001,CON-004,Safety,HFPX-SAFE-EPR-001 §6,Demonstration,TBD,CONCEPT
REQ-HFPX-EPW-001,"The system shall sustain emergency power to safety loads, with load list TBD (safety computer, recovery triggers, comms).",HFPX-SAFE-EPW-001,"SYS-003, PWR-001..004",Safety,HFPX-SAFE-EPW-001 §6,Test,TBD,CONCEPT
REQ-HFPX-EPW-002,"The system shall provide an emergency source and switch-over behaviour, with source, logic, and timing TBD (Vol 15.8).",HFPX-SAFE-EPW-001,"SYS-003, PWR-001..004",Safety,HFPX-SAFE-EPW-001 §6,Test,TBD,CONCEPT
REQ-HFPX-EPW-003,"The system shall sustain emergency power for a defined endurance, with duration and load profile TBD.",HFPX-SAFE-EPW-001,"SYS-003, PWR-001..004",Safety,HFPX-SAFE-EPW-001 §6,Test,TBD,CONCEPT
REQ-HFPX-EPW-004,"Emergency-power performance shall be verified by test, with test scope, conditions, and acceptance criteria TBD.",HFPX-SAFE-EPW-001,"SYS-003, PWR-001..004",Safety,HFPX-SAFE-EPW-001 §6,Test,TBD,CONCEPT
REQ-HFPX-ESC-001,"The system shall provide pilot escape/separation functions, with concept, means, and functional allocation TBD (concept unselected).",HFPX-SAFE-ESC-001,REQ-HFPX-MIS-005,Safety,HFPX-SAFE-ESC-001 §6,Analysis,TBD,CONCEPT
REQ-HFPX-ESC-002,"The programme shall define the escape envelope within which escape functions are intended to operate, with bounds TBD.",HFPX-SAFE-ESC-001,REQ-HFPX-MIS-005,Safety,HFPX-SAFE-ESC-001 §6,Analysis,TBD,CONCEPT
REQ-HFPX-ESC-003,"The system shall define escape-to-recovery handover behaviour, with handover conditions, interfaces, and success criteria TBD.",HFPX-SAFE-ESC-001,REQ-HFPX-MIS-005,Safety,HFPX-SAFE-ESC-001 §6,Demonstration,TBD,CONCEPT
REQ-HFPX-ESC-004,"The programme shall define escape decision authority, with commanding authority, initiation conditions, and authorisation logic TBD.",HFPX-SAFE-ESC-001,REQ-HFPX-MIS-005,Safety,HFPX-SAFE-ESC-001 §6,Inspection,TBD,CONCEPT
REQ-HFPX-FIR-001,"The programme shall define fire zones, with boundaries and hazard allocation TBD (Vol 05/14 inputs).",HFPX-SAFE-FIR-001,"SCA-006, FHA engine/propulsion rows",Safety,HFPX-SAFE-FIR-001 §6,Inspection,TBD,CONCEPT
REQ-HFPX-FIR-002,"The system shall provide fire-detection functions for each defined fire zone, with means, coverage, and thresholds TBD.",HFPX-SAFE-FIR-001,"SCA-006, FHA engine/propulsion rows",Safety,HFPX-SAFE-FIR-001 §6,Demonstration,TBD,CONCEPT
REQ-HFPX-FIR-003,"The system shall provide fire isolation/suppression functions for each defined fire zone, with means, allocation, and effectiveness criteria TBD.",HFPX-SAFE-FIR-001,"SCA-006, FHA engine/propulsion rows",Safety,HFPX-SAFE-FIR-001 §6,Demonstration,TBD,CONCEPT
REQ-HFPX-FIR-004,"The system shall achieve a defined post-fire safe-state following a fire event or protection actuation, with state definition and entry criteria TBD.",HFPX-SAFE-FIR-001,"SCA-006, FHA engine/propulsion rows",Safety,HFPX-SAFE-FIR-001 §6,Analysis,TBD,CONCEPT
REQ-HFPX-IPS-001,"The system shall provide inflation functions with coverage TBD, with medium, geometry, and mechanism unselected in this revision.",HFPX-SAFE-IPS-001,SYS-003,Safety,HFPX-SAFE-IPS-001 §6,Inspection,TBD,CONCEPT
REQ-HFPX-IPS-002,"The system shall define trigger criteria for inflation, with all thresholds, latencies, and sensing TBD.",HFPX-SAFE-IPS-001,SYS-003,Safety,HFPX-SAFE-IPS-001 §6,Analysis,TBD,CONCEPT
REQ-HFPX-IPS-003,"The system shall provide inadvertent-deployment protection, with interlocks, safeguards, and verification methods TBD.",HFPX-SAFE-IPS-001,SYS-003,Safety,HFPX-SAFE-IPS-001 §6,Analysis,TBD,CONCEPT
REQ-HFPX-IPS-004,"The system shall define storage, inspection, and maintenance hooks for inflatables, with intervals, methods, and criteria TBD (Vol 27).",HFPX-SAFE-IPS-001,SYS-003,Safety,HFPX-SAFE-IPS-001 §6,Inspection,TBD,CONCEPT
REQ-HFPX-PRS-001,"The system shall provide recovery functions, with type, mechanism, and coverage TBD (mechanism unselected in this revision).",HFPX-SAFE-PRS-001,"MIS-005, SYS-003, REC-001..004",SYS-16,HFPX-SAFE-PRS-001 §6,Inspection,TBD,CONCEPT
REQ-HFPX-PRS-002,"The system shall define the recovery deployment envelope with low-altitude limits explicit, with all bounds TBD.",HFPX-SAFE-PRS-001,"SYS-003, REC-001..004",SYS-16,HFPX-SAFE-PRS-001 §6,Analysis,TBD,CONCEPT
REQ-HFPX-PRS-003,"The system shall define trigger authority for recovery deployment (automatic/manual allocation TBD), with interlocks and sequencing TBD.",HFPX-SAFE-PRS-001,SYS-003,SYS-16,HFPX-SAFE-PRS-001 §6,Analysis,TBD,CONCEPT
REQ-HFPX-PRS-004,"The system shall define jettison/separation interfaces supporting recovery, with loads, couplings, and sequencing TBD.",HFPX-SAFE-PRS-001,SYS-003,SYS-16,HFPX-SAFE-PRS-001 §6,Inspection,TBD,CONCEPT
REQ-HFPX-PRS-005,"A recovery feasibility study shall be completed before any recovery envelope credit is claimed, with scope and pass criteria TBD.",HFPX-SAFE-PRS-001,"MIS-005, SYS-003",SYS-16,HFPX-SAFE-PRS-001 §6,Analysis,TBD,CONCEPT
REQ-HFPX-RST-001,"The programme shall execute a gated recovery test thread from component through system to unmanned demonstration, with no human-flight credit until demonstrated and retired.",HFPX-SAFE-RST-001,REQ-HFPX-MIS-005,Safety,HFPX-SAFE-RST-001 §6,Test,TBD,CONCEPT
REQ-HFPX-RST-002,"The programme shall apply a defined test-envelope expansion rule, with step criteria, hold criteria, and rollback criteria TBD.",HFPX-SAFE-RST-001,REQ-HFPX-MIS-005,Safety,HFPX-SAFE-RST-001 §6,Inspection,TBD,CONCEPT
REQ-HFPX-RST-003,"The programme shall capture defined recovery-test data, with content, fidelity, and retention TBD (hooks to §33.12/§23.16).",HFPX-SAFE-RST-001,REQ-HFPX-MIS-005,Safety,HFPX-SAFE-RST-001 §6,Inspection,TBD,CONCEPT
REQ-HFPX-RST-004,"The programme shall investigate every failure to deploy under a defined investigation rule, with process, close-out criteria, and re-test rules TBD; gated progression is mandatory.",HFPX-SAFE-RST-001,REQ-HFPX-MIS-005,Safety,HFPX-SAFE-RST-001 §6,Inspection,TBD,CONCEPT
REQ-HFPX-TAV-001,"Avionics verification shall be structured across bench and HIL configurations, with objectives, articles, interfaces, and entrance/exit criteria defined per case and values recorded as TBD.",HFPX-TEST-AVN-001,VVP-003,V&V,HFPX-TEST-AVN-001 §6,Demonstration,TBD,CONCEPT
REQ-HFPX-TAV-002,"Avionics BIT and redundancy functions shall have verification hooks traced to parent requirements, with methods, levels, and criteria recorded as TBD.",HFPX-TEST-AVN-001,VVP-002,V&V,HFPX-TEST-AVN-001 §6,Test,TBD,CONCEPT
REQ-HFPX-TAV-003,"Every avionics-test case shall define pass/fail criteria before execution, with all threshold values recorded as TBD in this revision.",HFPX-TEST-AVN-001,VVP-005,V&V,HFPX-TEST-AVN-001 §6,Test,TBD,CONCEPT
REQ-HFPX-TAV-004,"Avionics changes shall trigger regression verification under a defined regression rule, with scope, method, and acceptance recorded as TBD.",HFPX-TEST-AVN-001,VVP-002,V&V,HFPX-TEST-AVN-001 §6,Analysis,TBD,CONCEPT
REQ-HFPX-TCL-001,"Control laws, mixing, and allocation shall have verification hooks traced to parent FVV-thread requirements, with methods, levels, and criteria recorded as TBD.",HFPX-TEST-CTL-001,VVP-002,V&V,HFPX-TEST-CTL-001 §6,Analysis,TBD,CONCEPT
REQ-HFPX-TCL-002,"Fault-injection verification shall be defined with scope, injected modes, configurations, and environments recorded as TBD, covering methodology and gating only.",HFPX-TEST-CTL-001,VVP-003,V&V,HFPX-TEST-CTL-001 §6,Demonstration,TBD,CONCEPT
REQ-HFPX-TCL-003,"Every control-system test case shall define pass/fail criteria before execution, with all threshold values recorded as TBD in this revision.",HFPX-TEST-CTL-001,VVP-005,V&V,HFPX-TEST-CTL-001 §6,Test,TBD,CONCEPT
REQ-HFPX-TCL-004,"Control-system changes shall be flight-verified unmanned-first, with no crewed flight consideration until unmanned evidence, gate closure, and authorisation are complete and criteria recorded as TBD.",HFPX-TEST-CTL-001,"VVP-004, MVP thread",V&V,HFPX-TEST-CTL-001 §6,Demonstration,TBD,CONCEPT
REQ-HFPX-TDA-001,"Each flight-test campaign shall define its analysis methods with Vol 19 hooks (methods, tools, inputs, outputs — all TBD) before data is claimed as evidence.",HFPX-TEST-DAT-001,"REQ-HFPX-VVP-005, Vol 19 (TBD)",V&V,HFPX-TEST-DAT-001 §6,Inspection,TBD,CONCEPT
REQ-HFPX-TDA-002,"Analysis claiming model validation shall define the validation logic (predictions, comparison logic, acceptance logic — all TBD) and record limitations.",HFPX-TEST-DAT-001,REQ-HFPX-VVP-005,V&V,HFPX-TEST-DAT-001 §6,Analysis,TBD,CONCEPT
REQ-HFPX-TDA-003,"Any qualifying anomaly shall trigger a defined anomaly-review process (triggers, membership, dispositions TBD) before gate progression.",HFPX-TEST-DAT-001,"REQ-HFPX-VVP-004, REQ-HFPX-VVP-006",V&V,HFPX-TEST-DAT-001 §6,Inspection,TBD,CONCEPT
REQ-HFPX-TDA-004,"The programme shall define flight-test data and analysis-artefact retention rules (scope, duration, configuration control, access — all TBD).",HFPX-TEST-DAT-001,REQ-HFPX-VVP-002,V&V,HFPX-TEST-DAT-001 §6,Inspection,TBD,CONCEPT
REQ-HFPX-TEM-001,"Emergency procedures shall be validated in unmanned and/or fault-injection environments (scope TBD) before any human-flight-credit consideration, with objectives and success logic TBD per procedure.",HFPX-TEST-EMG-001,"REQ-HFPX-VVP-004, REQ-HFPX-VVP-005",V&V,HFPX-TEST-EMG-001 §6,Test,TBD,CONCEPT
REQ-HFPX-TEM-002,Emergency-test planning shall define recovery-system test hooks and data needs (interfaces and measurands TBD) supporting the RST thread.,HFPX-TEST-EMG-001,"RST (TBD), REQ-HFPX-VVP-002",V&V,HFPX-TEST-EMG-001 §6,Demonstration,TBD,CONCEPT
REQ-HFPX-TEM-003,"Each emergency test shall define pass/fail criteria (conditions, measurands, thresholds — all TBD) before execution.",HFPX-TEST-EMG-001,"REQ-HFPX-VVP-005, REQ-HFPX-VVP-001",V&V,HFPX-TEST-EMG-001 §6,Test,TBD,CONCEPT
REQ-HFPX-TEM-004,No human-flight credit shall be claimed for any emergency procedure or recovery function until its demonstration gate (evidence scope and authorisation TBD) is closed per the DDR-001 gate.,HFPX-TEST-EMG-001,"REQ-HFPX-VVP-004, DDR-001, MIS-006",V&V,HFPX-TEST-EMG-001 §6,Inspection,TBD,CONCEPT
REQ-HFPX-TEV-001,The envelope-expansion campaign shall define ordered expansion steps with objectives and sequencing logic (parameters and increments TBD) per stage.,HFPX-TEST-ENV-001,"REQ-HFPX-VVP-005, MRQ/MAR (TBD)",V&V,HFPX-TEST-ENV-001 §6,Inspection,TBD,CONCEPT
REQ-HFPX-TEV-002,"Each expansion step shall define exit criteria (evidence, analysis, and review scope TBD) that shall be closed before the next step is authorised.",HFPX-TEST-ENV-001,"REQ-HFPX-VVP-004, REQ-HFPX-VVP-005",V&V,HFPX-TEST-ENV-001 §6,Inspection,TBD,CONCEPT
REQ-HFPX-TEV-003,Any envelope exceedance or qualifying anomaly shall trigger rollback to the last cleared envelope and defined review and re-entry logic (all TBD).,HFPX-TEST-ENV-001,"REQ-HFPX-VVP-004, REQ-HFPX-VVP-006",V&V,HFPX-TEST-ENV-001 §6,Demonstration,TBD,CONCEPT
REQ-HFPX-TEV-004,"The programme shall document the cleared envelope, supporting evidence, and limitations (format and content TBD) after each cleared step, with trace to test reports and the VCRM.",HFPX-TEST-ENV-001,"REQ-HFPX-VVP-002, REQ-HFPX-VVP-005",V&V,HFPX-TEST-ENV-001 §6,Inspection,TBD,CONCEPT
REQ-HFPX-TFL-001,"Fuel-system verification shall be structured as rig tests and integrated tests under controlled conditions, with objectives, configurations, and entrance/exit criteria defined per case and values recorded as TBD.",HFPX-TEST-FUL-001,VVP-004,V&V,HFPX-TEST-FUL-001 §6,Demonstration,TBD,CONCEPT
REQ-HFPX-TFL-002,"Fuel-system leak and isolation functions shall have verification hooks traced to parent hazard-derived requirements, with methods, levels, and criteria recorded as TBD.",HFPX-TEST-FUL-001,VVP-002,V&V,HFPX-TEST-FUL-001 §6,Inspection,TBD,CONCEPT
REQ-HFPX-TFL-003,"Every fuel-system test case shall define pass/fail criteria before execution, with all threshold values recorded as TBD in this revision.",HFPX-TEST-FUL-001,VVP-005,V&V,HFPX-TEST-FUL-001 §6,Test,TBD,CONCEPT
REQ-HFPX-TFL-004,"Fuel-system testing shall be conducted only under defined controlled conditions including configuration control, authorisation, and evidence capture, with condition details recorded as TBD via Vol 25 hooks.",HFPX-TEST-FUL-001,VVP-006,V&V,HFPX-TEST-FUL-001 §6,Demonstration,TBD,CONCEPT
REQ-HFPX-TGD-001,"The ground-test programme shall define its verification scope as an enumerated list of ground-test objectives and threads, with the list recorded as TBD in this revision.",HFPX-TEST-GND-001,VVP-001,V&V,HFPX-TEST-GND-001 §6,Inspection,TBD,CONCEPT
REQ-HFPX-TGD-002,"Each ground rig and fixture shall have defined ownership, configuration control, and calibration/adequacy status, with assignments recorded as TBD in this revision.",HFPX-TEST-GND-001,VVP-003,V&V,HFPX-TEST-GND-001 §6,Inspection,TBD,CONCEPT
REQ-HFPX-TGD-003,"Every ground-test case shall define pass/fail criteria before execution, with all threshold values recorded as TBD in this revision.",HFPX-TEST-GND-001,VVP-005,V&V,HFPX-TEST-GND-001 §6,Test,TBD,CONCEPT
REQ-HFPX-TGD-004,"Ground results claimed as flight-verification credit shall satisfy a documented ground-to-flight credit rule including representativeness, environment coverage, and gate approval, with rule details TBD per claim.",HFPX-TEST-GND-001,VVP-004,V&V,HFPX-TEST-GND-001 §6,Analysis,TBD,CONCEPT
REQ-HFPX-TGD-005,"Ground testing involving hazardous energy or constrained operations shall be subject to defined safety and range controls and authorisation, with control details TBD via Vol 25 hooks.",HFPX-TEST-GND-001,VVP-006,V&V,HFPX-TEST-GND-001 §6,Demonstration,TBD,CONCEPT
REQ-HFPX-THM-001,"Human flight testing shall not commence without FRR-type authorisation (criteria, authority, evidence scope TBD) granted after acceptance of prior unmanned and tethered evidence per the DDR-001 gate.",HFPX-TEST-HUM-001,"REQ-HFPX-VVP-004, DDR-001, MIS-006",V&V,HFPX-TEST-HUM-001 §6,Inspection,TBD,CONCEPT
REQ-HFPX-THM-002,"Human-flight-test personnel, including pilot qualification, currency, and fitness requirements (all TBD), shall be defined per Vol 30 and verified before authorisation.",HFPX-TEST-HUM-001,"REQ-HFPX-VVP-004, Vol 30 (TBD)",V&V,HFPX-TEST-HUM-001 §6,Inspection,TBD,CONCEPT
REQ-HFPX-THM-003,"Each human flight test shall define controlled conditions (configuration, environment, range, support — all TBD) that bound the test; flight outside defined conditions shall trigger review.",HFPX-TEST-HUM-001,"REQ-HFPX-VVP-005, REQ-HFPX-VVP-006",V&V,HFPX-TEST-HUM-001 §6,Demonstration,TBD,CONCEPT
REQ-HFPX-THM-004,The human-flight-test campaign shall follow an incremental build-up with objectives and sequencing logic (steps and success logic TBD) per flight.,HFPX-TEST-HUM-001,"REQ-HFPX-VVP-005, CONOPS (TBD)",V&V,HFPX-TEST-HUM-001 §6,Inspection,TBD,CONCEPT
REQ-HFPX-THM-005,"Any qualifying anomaly during the human-flight-test campaign shall invoke a stop rule halting further human flights pending investigation and re-authorisation (triggers, scope TBD).",HFPX-TEST-HUM-001,"REQ-HFPX-VVP-004, REQ-HFPX-VVP-006",V&V,HFPX-TEST-HUM-001 §6,Inspection,TBD,CONCEPT
REQ-HFPX-TIN-001,Each flight-test campaign shall define its measurand list with rationale and consuming objective or analysis claim (all TBD) per test.,HFPX-TEST-INS-001,"REQ-HFPX-VVP-005, REQ-HFPX-VVP-002",V&V,HFPX-TEST-INS-001 §6,Inspection,TBD,CONCEPT
REQ-HFPX-TIN-002,"Each measurand shall define accuracy, sampling, synchronisation, and data-quality requirements (all TBD) supporting its consuming analysis.",HFPX-TEST-INS-001,"REQ-HFPX-VVP-005, REQ-HFPX-VVP-001",V&V,HFPX-TEST-INS-001 §6,Analysis,TBD,CONCEPT
REQ-HFPX-TIN-003,"Flight-test instrumentation shall satisfy calibration rules per Vol 09.17 (intervals, standards, records TBD) before data is claimed as verification evidence.",HFPX-TEST-INS-001,"REQ-HFPX-VVP-004, Vol 09.17 (TBD)",V&V,HFPX-TEST-INS-001 §6,Inspection,TBD,CONCEPT
REQ-HFPX-TIN-004,Each measurand shall be traced to its consuming analysis method or gate claim (mapping TBD) with no untraced measurands and no unsupported analysis inputs.,HFPX-TEST-INS-001,REQ-HFPX-VVP-002,V&V,HFPX-TEST-INS-001 §6,Inspection,TBD,CONCEPT
REQ-HFPX-TPR-001,"Propulsion verification shall progress bench → rig → integrated configurations under controlled conditions, with entrance/exit criteria defined per stage and threshold values recorded as TBD.",HFPX-TEST-PRP-001,VVP-004,V&V,HFPX-TEST-PRP-001 §6,Demonstration,TBD,CONCEPT
REQ-HFPX-TPR-002,"Each propulsion test case shall define its measurement set including thrust and related parameters, with instruments, sampling, and all threshold values recorded as TBD and no figures baselined in this revision.",HFPX-TEST-PRP-001,VVP-005,V&V,HFPX-TEST-PRP-001 §6,Test,TBD,CONCEPT
REQ-HFPX-TPR-003,"Each propulsion test configuration shall define abort rules including conditions, authority, and evidence capture, with rule details recorded as TBD via Vol 25 hooks.",HFPX-TEST-PRP-001,VVP-006,V&V,HFPX-TEST-PRP-001 §6,Inspection,TBD,CONCEPT
REQ-HFPX-TPR-004,"Propulsion ground results claimed as flight-verification credit shall satisfy the ground-to-flight credit rule with representativeness and gate approval, with rule details TBD per claim and no credit claimed in this revision.",HFPX-TEST-PRP-001,VVP-004,V&V,HFPX-TEST-PRP-001 §6,Analysis,TBD,CONCEPT
REQ-HFPX-TRP-001,"Each flight-test report shall record conditions, results, anomalies, and supporting evidence (detail and format TBD) with stated scope and limitations.",HFPX-TEST-RPT-001,REQ-HFPX-VVP-005,V&V,HFPX-TEST-RPT-001 §6,Inspection,TBD,CONCEPT
REQ-HFPX-TRP-002,"Each flight-test report shall satisfy a defined approval and sign-off workflow (roles, criteria TBD) with Vol 25 hooks before it is claimed as gate evidence.",HFPX-TEST-RPT-001,"REQ-HFPX-VVP-004, Vol 25 (TBD)",V&V,HFPX-TEST-RPT-001 §6,Inspection,TBD,CONCEPT
REQ-HFPX-TRP-003,Each flight-test report shall trace its contents to RTM/VCRM rows and gate records (mapping TBD) with no untraced evidence claims and no orphaned report sections.,HFPX-TEST-RPT-001,REQ-HFPX-VVP-002,V&V,HFPX-TEST-RPT-001 §6,Inspection,TBD,CONCEPT
REQ-HFPX-TSC-001,"The structural-test scope shall address static, fatigue, damage-tolerance, and vibration threads with objectives referenced to Vol 03.13–03.18, with scope details and values recorded as TBD.",HFPX-TEST-STC-001,VVP-001,V&V,HFPX-TEST-STC-001 §6,Inspection,TBD,CONCEPT
REQ-HFPX-TSC-002,"Each structural test shall be executed on a defined test article with documented configuration, pedigree, and representativeness, with acceptance details recorded as TBD per article.",HFPX-TEST-STC-001,VVP-003,V&V,HFPX-TEST-STC-001 §6,Analysis,TBD,CONCEPT
REQ-HFPX-TSC-003,"Every structural-test case shall define pass/fail criteria before execution, with all threshold values recorded as TBD in this revision.",HFPX-TEST-STC-001,VVP-005,V&V,HFPX-TEST-STC-001 §6,Test,TBD,CONCEPT
REQ-HFPX-TSC-004,"Structural analysis models shall be correlated to measured test results under a defined correlation rule, with tolerances, method, and acceptance recorded as TBD.",HFPX-TEST-STC-001,VVP-002,V&V,HFPX-TEST-STC-001 §6,Analysis,TBD,CONCEPT
REQ-HFPX-TST-001,"The test programme shall execute verification through the gated thread simulation → SIL → HIL → subsystem → integrated → unmanned → tethered → human → envelope expansion, with each stage's objectives and evidence defined before entry.",HFPX-TEST-STR-001,VVP-004,V&V,HFPX-TEST-STR-001 §6,Inspection,TBD,CONCEPT
REQ-HFPX-TST-002,"Each test stage shall define entrance criteria and exit criteria before entry, with all threshold values recorded as TBD in this revision and closed by formal gate decision.",HFPX-TEST-STR-001,VVP-005,V&V,HFPX-TEST-STR-001 §6,Inspection,TBD,CONCEPT
REQ-HFPX-TST-003,"Each test claim shall document test-article representativeness (configuration, fidelity, environment limits), with representativeness acceptance criteria TBD per claim.",HFPX-TEST-STR-001,VVP-003,V&V,HFPX-TEST-STR-001 §6,Analysis,TBD,CONCEPT
REQ-HFPX-TST-004,"The test programme shall capture and retain test data, configuration, and gate records per a defined data-rights and data-capture plan, with tooling, retention, and access rules TBD.",HFPX-TEST-STR-001,VVP-002,V&V,HFPX-TEST-STR-001 §6,Inspection,TBD,CONCEPT
REQ-HFPX-TST-005,The test programme shall prohibit gate skipping; progression to any higher stage without closure of all prior gate exit criteria and formal authorisation is prohibited.,HFPX-TEST-STR-001,"VVP-004, DDR-001",V&V,HFPX-TEST-STR-001 §6,Demonstration,TBD,CONCEPT
REQ-HFPX-TSW-001,"Software verification shall be structured across unit, integration, and system levels referenced to Vol 16, with objectives and entrance/exit criteria defined per level and values recorded as TBD.",HFPX-TEST-SW-001,VVP-003,V&V,HFPX-TEST-SW-001 §6,Inspection,TBD,CONCEPT
REQ-HFPX-TSW-002,"Each software-test level shall define coverage criteria before execution, with all coverage thresholds recorded as TBD and no percentages baselined in this revision.",HFPX-TEST-SW-001,VVP-005,V&V,HFPX-TEST-SW-001 §6,Test,TBD,CONCEPT
REQ-HFPX-TSW-003,"Software changes shall trigger regression verification under a defined regression rule, with scope, method, and acceptance recorded as TBD.",HFPX-TEST-SW-001,VVP-002,V&V,HFPX-TEST-SW-001 §6,Analysis,TBD,CONCEPT
REQ-HFPX-TSW-004,"Each software release for test-stage use shall satisfy a defined release-gate rule including evidence, configuration baseline, and approval, with rule details recorded as TBD.",HFPX-TEST-SW-001,VVP-004,V&V,HFPX-TEST-SW-001 §6,Demonstration,TBD,CONCEPT
REQ-HFPX-TTH-001,"The thermal-test scope shall address the thermal survey referenced to Vol 14, with survey points, configurations, and environments recorded as TBD.",HFPX-TEST-THM-001,VVP-001,V&V,HFPX-TEST-THM-001 §6,Inspection,TBD,CONCEPT
REQ-HFPX-TTH-002,"Each thermal-test case shall define applicable thermal limits, with all limit values recorded as TBD in this revision.",HFPX-TEST-THM-001,VVP-005,V&V,HFPX-TEST-THM-001 §6,Test,TBD,CONCEPT
REQ-HFPX-TTH-003,"Every thermal-test case shall define pass/fail criteria before execution, with all threshold values recorded as TBD in this revision.",HFPX-TEST-THM-001,VVP-005,V&V,HFPX-TEST-THM-001 §6,Test,TBD,CONCEPT
REQ-HFPX-TTH-004,"Thermal models shall be correlated to measured test results under a defined correlation rule, with tolerances, method, and acceptance recorded as TBD.",HFPX-TEST-THM-001,VVP-002,V&V,HFPX-TEST-THM-001 §6,Analysis,TBD,CONCEPT
REQ-HFPX-TTN-001,The transition-test campaign shall define an ordered build-up with objectives and sequencing logic (steps and success logic TBD) per test stage.,HFPX-TEST-TRN-001,"REQ-HFPX-VVP-005, FTN (TBD)",V&V,HFPX-TEST-TRN-001 §6,Inspection,TBD,CONCEPT
REQ-HFPX-TTN-002,"Each transition-test step shall define entry, exit, and abort criteria (all TBD) before authorisation, with range-safety hooks per Vol 25.",HFPX-TEST-TRN-001,"REQ-HFPX-VVP-004, REQ-HFPX-VVP-005, Vol 25 (TBD)",V&V,HFPX-TEST-TRN-001 §6,Inspection,TBD,CONCEPT
REQ-HFPX-TTN-003,"The programme shall define failed-transition response actions, including safeing, recovery interfaces, and review and re-entry logic (all TBD).",HFPX-TEST-TRN-001,REQ-HFPX-VVP-006,V&V,HFPX-TEST-TRN-001 §6,Demonstration,TBD,CONCEPT
REQ-HFPX-TTN-004,"Each transition test shall define and capture the data set (measurands, conditions, quality rules — all TBD) required to validate the FTN thread.",HFPX-TEST-TRN-001,"REQ-HFPX-VVP-005, FTN (TBD)",V&V,HFPX-TEST-TRN-001 §6,Test,TBD,CONCEPT
REQ-HFPX-TTN-005,No human exposure shall be permitted on transition objectives until unmanned transition demonstration (scope TBD) is accepted and FRR-type authorisation (criteria TBD) is granted per the DDR-001 gate.,HFPX-TEST-TRN-001,"REQ-HFPX-VVP-004, DDR-001, MIS-006, MRQ-002",V&V,HFPX-TEST-TRN-001 §6,Inspection,TBD,CONCEPT
REQ-HFPX-TTT-001,"The programme shall define tether-system requirements (functions, attachment, restraint behaviour, monitoring, and release/safeing interfaces — all TBD) before tethered testing, with each requirement allocated a verification method.",HFPX-TEST-TTH-001,"REQ-HFPX-VVP-001, REQ-HFPX-VVP-004",V&V,HFPX-TEST-TTH-001 §6,Inspection,TBD,CONCEPT
REQ-HFPX-TTT-002,"The tethered-test campaign shall define test objectives and success criteria (conditions, measurands, and pass/fail logic — all TBD) per test, traced to parent needs and CONOPS threads.",HFPX-TEST-TTH-001,"REQ-HFPX-VVP-005, CONOPS (TBD)",V&V,HFPX-TEST-TTH-001 §6,Test,TBD,CONCEPT
REQ-HFPX-TTT-003,"Tethered testing shall not commence until prior unmanned hover evidence (scope TBD) is accepted and FRR-type authorisation (criteria, authority TBD) is granted per the DDR-001 gate.",HFPX-TEST-TTH-001,"REQ-HFPX-VVP-004, DDR-001, MIS-006",V&V,HFPX-TEST-TTH-001 §6,Inspection,TBD,CONCEPT
REQ-HFPX-TTT-004,"The programme shall define tethered-test abort rules, abort decision authority, and post-abort response and review actions (all TBD), with range-safety hooks per Vol 25.",HFPX-TEST-TTH-001,"REQ-HFPX-VVP-006, Vol 25 (TBD)",V&V,HFPX-TEST-TTH-001 §6,Inspection,TBD,CONCEPT
REQ-HFPX-TUV-001,"The unmanned flight-test campaign shall demonstrate hover, transition, and cruise objectives (scope and success criteria TBD) traced to MRQ-001..003.",HFPX-TEST-UAV-001,"MRQ-001, MRQ-002, MRQ-003, REQ-HFPX-VVP-005",V&V,HFPX-TEST-UAV-001 §6,Test,TBD,CONCEPT
REQ-HFPX-TUV-002,"Unmanned flights shall not commence without applicable range and flight authorisation (authority, conditions TBD) per Vol 25.",HFPX-TEST-UAV-001,"REQ-HFPX-VVP-004, Vol 25 (TBD)",V&V,HFPX-TEST-UAV-001 §6,Inspection,TBD,CONCEPT
REQ-HFPX-TUV-003,"The campaign shall define and capture the required flight-test data set (measurands, recording, retention hooks — all TBD) per test via Vol 23.16/23.17 threads.",HFPX-TEST-UAV-001,"REQ-HFPX-VVP-005, REQ-HFPX-VVP-002",V&V,HFPX-TEST-UAV-001 §6,Inspection,TBD,CONCEPT
REQ-HFPX-TUV-004,Each unmanned test shall define envelope limits and exceedance-response actions (all TBD); exceedance shall trigger review and gate hold before further flights.,HFPX-TEST-UAV-001,"REQ-HFPX-VVP-004, REQ-HFPX-VVP-006",V&V,HFPX-TEST-UAV-001 §6,Test,TBD,CONCEPT
REQ-HFPX-TUV-005,"Any mishap or qualifying anomaly shall trigger a defined investigation and gate-hold process (membership, scope, re-entry criteria TBD) before test resumption.",HFPX-TEST-UAV-001,"REQ-HFPX-VVP-004, REQ-HFPX-VVP-006",V&V,HFPX-TEST-UAV-001 §6,Inspection,TBD,CONCEPT
REQ-HFPX-ACD-001,"The system shall define the CFD scope covering concept screening and interaction flows per Vol 06.7, with cases TBD.",HFPX-AERO-CFD-001,SYS-001/008,Aero,HFPX-AERO-CFD-001 §6,Inspection,TBD,CONCEPT
REQ-HFPX-ACD-002,"CFD mesh and solution verification practice shall be defined with Vol 19.15 hooks, with practice and criteria TBD.",HFPX-AERO-CFD-001,SYS-001/008,Aero,HFPX-AERO-CFD-001 §6,Analysis,TBD,CONCEPT
REQ-HFPX-ACD-003,"The system shall define the CFD-to-model feed rule stating which tables CFD may populate and with what uncertainty, with rule and uncertainties TBD.",HFPX-AERO-CFD-001,SYS-001/008,Aero,HFPX-AERO-CFD-001 §6,Inspection,TBD,CONCEPT
REQ-HFPX-ACD-004,"The system shall state CFD limits, including that CFD is not a substitute for test, with limit statement TBD.",HFPX-AERO-CFD-001,SYS-001/008,Aero,HFPX-AERO-CFD-001 §6,Inspection,TBD,CONCEPT
REQ-HFPX-ANC-001,"HFP-X aerodynamic concept shall define lift as shared between aerodynamic surfaces/body and distributed thrust, with the split between sources TBD by regime.",HFPX-AERO-CON-001,"REQ-HFPX-MIS-002, REQ-HFPX-MIS-003, HFPX-SYS-REQ-001",Aero,HFPX-AERO-CON-001 §6,Inspection,TBD,CONCEPT
REQ-HFPX-ANC-002,"HFP-X aerodynamic concept shall distinguish hover, transition, and cruise aerodynamic regimes with regime definitions TBD and no performance values stated.",HFPX-AERO-CON-001,"REQ-HFPX-MIS-001, REQ-HFPX-MIS-002, HFPX-SYS-REQ-001",Aero,HFPX-AERO-CON-001 §6,Inspection,TBD,CONCEPT
REQ-HFPX-ANC-003,"HFP-X aerodynamic concept shall provide trade-study inputs without selecting an airframe configuration; candidate families (conventional wing, lifting body, blended, deployable, hybrid) shall remain open under ISS-004.",HFPX-AERO-CON-001,"HFPX-SYS-REQ-001, HFPX-SYS-ARC-001 SAD aero views",Aero,HFPX-AERO-CON-001 §6,Inspection,TBD,CONCEPT
REQ-HFPX-ANC-004,HFP-X aerodynamic concept shall be verified by review and first-order analysis with method TBD and all quantitative results TBD.,HFPX-AERO-CON-001,HFPX-SYS-REQ-001,Aero,HFPX-AERO-CON-001 §6,Inspection + Analysis,TBD,CONCEPT
REQ-HFPX-ACZ-001,"The system shall define the cruise force and energy balance, with all terms and values TBD.",HFPX-AERO-CRZ-001,"SYS-001/008, MIS-007, PRF tier",Aero,HFPX-AERO-CRZ-001 §6,Analysis,TBD,CONCEPT
REQ-HFPX-ACZ-002,"The system shall define cruise-efficiency factors, with factor set and values TBD.",HFPX-AERO-CRZ-001,"SYS-001/008, MIS-007, PRF tier",Aero,HFPX-AERO-CRZ-001 §6,Analysis,TBD,CONCEPT
REQ-HFPX-ACZ-003,"The system shall define the cruise envelope, with all bounds TBD.",HFPX-AERO-CRZ-001,"SYS-001/008, MIS-007, PRF tier",Aero,HFPX-AERO-CRZ-001 §6,Analysis,TBD,CONCEPT
REQ-HFPX-ACZ-004,"Cruise data shall feed endurance budgets per the budget schemas in §12, with feed rule and acceptance criteria TBD.",HFPX-AERO-CRZ-001,"SYS-001/008, MIS-007, PRF tier",Aero,HFPX-AERO-CRZ-001 §6,Inspection,TBD,CONCEPT
REQ-HFPX-ACF-001,"HFP-X control-surface set (surface types, locations, and allocation roles) shall remain TBD with the trade between surfaces and pure thrust-vectoring control held open.",HFPX-AERO-CSF-001,"HFPX-SYS-REQ-001, HFPX-SYS-ARC-001 SAD aero views",Aero,HFPX-AERO-CSF-001 §6,Inspection,TBD,CONCEPT
REQ-HFPX-ACF-002,HFP-X control-surface authority contribution within the overall control allocation shall remain TBD with estimation method TBD.,HFPX-AERO-CSF-001,HFPX-SYS-REQ-001,Aero,HFPX-AERO-CSF-001 §6,Analysis,TBD,CONCEPT
REQ-HFPX-ACF-003,HFP-X control-surface design shall define an FCS interface with Vol 07 with interface content TBD.,HFPX-AERO-CSF-001,"HFPX-SYS-REQ-001, HFPX-SYS-ARC-001 SAD aero views",Aero,HFPX-AERO-CSF-001 §6,Inspection,TBD,CONCEPT
REQ-HFPX-ACF-004,HFP-X control-surface design shall be verified by a method TBD with acceptance criteria TBD and all quantitative results TBD.,HFPX-AERO-CSF-001,HFPX-SYS-REQ-001,Aero,HFPX-AERO-CSF-001 §6,Inspection,TBD,CONCEPT
REQ-HFPX-ADR-001,"HFP-X drag buildup shall use a defined table schema covering body, pilot, propulsion-module, and interference contributors with all estimates, coefficients, reference quantities, and methods TBD.",HFPX-AERO-DRG-001,"HFPX-SYS-REQ-001, HFPX-SYS-ARC-001 SAD aero views",Aero,HFPX-AERO-DRG-001 §6,Inspection,TBD,CONCEPT
REQ-HFPX-ADR-002,HFP-X drag estimates shall be updated with design maturity under a defined update rule with maturity gates TBD.,HFPX-AERO-DRG-001,HFPX-SYS-REQ-001,Aero,HFPX-AERO-DRG-001 §6,Inspection,TBD,CONCEPT
REQ-HFPX-ADR-003,HFP-X drag data shall feed energy and endurance budgets under ISS-007 with feed content and timing TBD.,HFPX-AERO-DRG-001,"REQ-HFPX-MIS-003, HFPX-SYS-REQ-001",Aero,HFPX-AERO-DRG-001 §6,Inspection,TBD,CONCEPT
REQ-HFPX-ADS-001,"Modal analysis shall be performed for all flight modes, covering short-period, phugoid, and Dutch-roll equivalents, with applicability, conditions, and results TBD.",HFPX-AERO-DSB-001,"HFPX-SYS-REQ-001, HFPX-SYS-CON-001",Aero,HFPX-AERO-DSB-001 §6,Analysis,TBD,CONCEPT
REQ-HFPX-ADS-002,"Damping criteria shall be defined for all assessed modes, with definitions, thresholds, and applicability TBD.",HFPX-AERO-DSB-001,"HFPX-SYS-REQ-001, HFPX-SYS-ARC-001",Aero,HFPX-AERO-DSB-001 §6,Inspection,TBD,CONCEPT
REQ-HFPX-ADS-003,"The FCS-augmentation interface (required augmentation, data exchange, ownership) shall be defined with Vol 07, with laws and data TBD.",HFPX-AERO-DSB-001,"HFPX-SYS-ARC-001, HFPX-SYS-CON-003, ISS-006",Aero,HFPX-AERO-DSB-001 §6,Inspection,TBD,CONCEPT
REQ-HFPX-AGD-001,"The system shall characterise ground effect affecting hover and landing per the FAL thread, with extents and criteria TBD.",HFPX-AERO-GND-001,SYS-001/008,Aero,HFPX-AERO-GND-001 §6,Analysis,TBD,CONCEPT
REQ-HFPX-AGD-002,"The system shall assign modelling ownership and method for ground effect, with owner, form, and fidelity TBD.",HFPX-AERO-GND-001,SYS-001/008,Aero,HFPX-AERO-GND-001 §6,Inspection,TBD,CONCEPT
REQ-HFPX-AGD-003,"Ground-effect characterisation shall be validated by test, with scope and pass criteria TBD.",HFPX-AERO-GND-001,SYS-001/008,Aero,HFPX-AERO-GND-001 §6,Test,TBD,CONCEPT
REQ-HFPX-AHV-001,"The hover aerodynamic environment shall be characterised (downwash, recirculation, interaction effects), with definitions, conditions, and data TBD.",HFPX-AERO-HOV-001,"HFPX-SYS-REQ-001, HFPX-SYS-MIS-002",Aero,HFPX-AERO-HOV-001 §6,Analysis,TBD,CONCEPT
REQ-HFPX-AHV-002,"A hover thrust-to-weight requirement placeholder shall be defined, with value TBD and budget ownership under the ISS-007 action.",HFPX-AERO-HOV-001,"HFPX-SYS-REQ-001, ISS-007",Aero,HFPX-AERO-HOV-001 §6,Inspection,TBD,CONCEPT
REQ-HFPX-AHV-003,"Hover-efficiency factors (losses, interactions, installation effects) shall be identified, with definitions and values TBD.",HFPX-AERO-HOV-001,"HFPX-SYS-ARC-001, ISS-007",Aero,HFPX-AERO-HOV-001 §6,Analysis,TBD,CONCEPT
REQ-HFPX-AHV-004,"The hover aerodynamic model shall be validated by unmanned test, with test conditions, methods, and success criteria TBD.",HFPX-AERO-HOV-001,"HFPX-SYS-CON-001, ISS-006",Aero,HFPX-AERO-HOV-001 §6,Test,TBD,CONCEPT
REQ-HFPX-AHZ-001,"The horizontal-flight force balance shall be defined, with conditions, contributions, and data TBD.",HFPX-AERO-HRZ-001,"HFPX-SYS-REQ-001, HFPX-SYS-MIS-002",Aero,HFPX-AERO-HRZ-001 §6,Analysis,TBD,CONCEPT
REQ-HFPX-AHZ-002,"Control allocation between aerodynamic surfaces and thrust shall be defined, with effectors, logic, and ownership TBD (Vol 07).",HFPX-AERO-HRZ-001,"HFPX-SYS-ARC-001, ISS-006",Aero,HFPX-AERO-HRZ-001 §6,Inspection,TBD,CONCEPT
REQ-HFPX-AHZ-003,"Deceleration and reverse-transition dynamics shall be characterised, with conditions, behaviours, and criteria TBD.",HFPX-AERO-HRZ-001,"HFPX-SYS-CON-003, ISS-006",Aero,HFPX-AERO-HRZ-001 §6,Analysis,TBD,CONCEPT
REQ-HFPX-AHZ-004,"Horizontal-flight aerodynamic claims shall be verified, with methods, conditions, and success criteria TBD.",HFPX-AERO-HRZ-001,HFPX-SYS-CON-001,Aero,HFPX-AERO-HRZ-001 §6,Analysis + Test,TBD,CONCEPT
REQ-HFPX-AHS-001,"The system shall define the high-speed regime, with regime threshold and bounds TBD.",HFPX-AERO-HSP-001,SYS-001/008,Aero,HFPX-AERO-HSP-001 §6,Analysis,TBD,CONCEPT
REQ-HFPX-AHS-002,"The system shall address compressibility and flutter considerations for the high-speed regime, with scope and criteria TBD.",HFPX-AERO-HSP-001,SYS-001/008,Aero,HFPX-AERO-HSP-001 §6,Analysis,TBD,CONCEPT
REQ-HFPX-AHS-003,"The system shall define a speed-limit policy for the high-speed regime, with all limits and margins TBD.",HFPX-AERO-HSP-001,SYS-001/008,Aero,HFPX-AERO-HSP-001 §6,Inspection,TBD,CONCEPT
REQ-HFPX-ALI-001,"HFP-X lift data shall use a defined lift-table schema with all lift values, coefficients, reference quantities, conditions, and methods TBD.",HFPX-AERO-LFT-001,"HFPX-SYS-REQ-001, HFPX-SYS-ARC-001 SAD aero views",Aero,HFPX-AERO-LFT-001 §6,Inspection,TBD,CONCEPT
REQ-HFPX-ALI-002,HFP-X lift characteristics shall include stall and separation characterisation with results and method TBD.,HFPX-AERO-LFT-001,HFPX-SYS-REQ-001,Aero,HFPX-AERO-LFT-001 §6,Analysis,TBD,CONCEPT
REQ-HFPX-ALI-003,HFP-X lift data shall feed the 6-DOF model (06.11) and programme budgets with feed content and timing TBD.,HFPX-AERO-LFT-001,"REQ-HFPX-MIS-002, REQ-HFPX-MIS-003, HFPX-SYS-REQ-001",Aero,HFPX-AERO-LFT-001 §6,Inspection,TBD,CONCEPT
REQ-HFPX-ALF-001,"HFP-X lifting-body geometry (outer mould line, body planform and section definition) shall remain TBD with definition method TBD and no selection implied.",HFPX-AERO-LIF-001,"HFPX-SYS-REQ-001, HFPX-SYS-ARC-001 SAD aero views",Aero,HFPX-AERO-LIF-001 §6,Inspection,TBD,CONCEPT
REQ-HFPX-ALF-002,HFP-X lifting-body lift and contribution estimates shall remain TBD with estimation method TBD and all coefficients and reference quantities TBD.,HFPX-AERO-LIF-001,"REQ-HFPX-MIS-002, REQ-HFPX-MIS-003, HFPX-SYS-REQ-001",Aero,HFPX-AERO-LIF-001 §6,Analysis,TBD,CONCEPT
REQ-HFPX-ALF-003,HFP-X lifting-body design shall define a pilot-integration interface with Vol 12 with interface content TBD.,HFPX-AERO-LIF-001,"HFPX-SYS-REQ-001, HFPX-SYS-ARC-001 SAD aero views",Aero,HFPX-AERO-LIF-001 §6,Inspection,TBD,CONCEPT
REQ-HFPX-ALF-004,"HFP-X lifting-body design shall be verified by analysis, CFD, or test with method and acceptance criteria TBD.",HFPX-AERO-LIF-001,HFPX-SYS-REQ-001,Aero,HFPX-AERO-LIF-001 §6,Analysis,TBD,CONCEPT
REQ-HFPX-API-001,"HFP-X propulsion-airframe interaction effects (inflow, exhaust, interference) shall be enumerated with all magnitudes, conditions, and methods TBD.",HFPX-AERO-PAI-001,"HFPX-SYS-REQ-001, HFPX-SYS-ARC-001 SAD aero views",Aero,HFPX-AERO-PAI-001 §6,Inspection,TBD,CONCEPT
REQ-HFPX-API-002,"HFP-X propulsion-airframe interaction modelling ownership (analysis, CFD, test apportionment) shall be defined with methods and acceptance criteria TBD.",HFPX-AERO-PAI-001,HFPX-SYS-REQ-001,Aero,HFPX-AERO-PAI-001 §6,Inspection,TBD,CONCEPT
REQ-HFPX-API-003,HFP-X design shall mitigate adverse propulsion-airframe interactions under a defined mitigation rule with mitigation content TBD.,HFPX-AERO-PAI-001,"REQ-HFPX-MIS-002, REQ-HFPX-MIS-003, HFPX-SYS-REQ-001",Aero,HFPX-AERO-PAI-001 §6,Inspection,TBD,CONCEPT
REQ-HFPX-API-004,"HFP-X propulsion-airframe interaction work shall remain analysis-only and shall contain no propulsion build, ignition, or operation instructions.",HFPX-AERO-PAI-001,HFPX-SYS-REQ-001,Aero,HFPX-AERO-PAI-001 §6,Inspection,TBD,CONCEPT
REQ-HFPX-ASX-001,"The 6-DOF equation-of-motion structure shall be defined as force summation (aerodynamic TBD + propulsion TBD + gravity) and moment summation (aerodynamic TBD + propulsion TBD), with state-vector and control-vector structures defined and all data TBD.",HFPX-AERO-SIX-001,"HFPX-SYS-REQ-001, HFPX-SYS-ARC-001, ISS-006",Aero,HFPX-AERO-SIX-001 §6,Inspection,TBD,CONCEPT
REQ-HFPX-ASX-002,"Required 6-DOF input data shall be enumerated (mass / inertia TBD, aerodynamic tables TBD per Chapters 06.5 / 06.6, thrust maps TBD per Vol 04 / Vol 07, environment and initial conditions TBD), with all values TBD.",HFPX-AERO-SIX-001,"HFPX-SYS-REQ-001, HFPX-SYS-MIS-002",Aero,HFPX-AERO-SIX-001 §6,Inspection,TBD,CONCEPT
REQ-HFPX-ASX-003,"6-DOF model implementation ownership shall reside with Vol 19.3, with implementation detail, tools, and configuration TBD.",HFPX-AERO-SIX-001,HFPX-SYS-ARC-001,Aero,HFPX-AERO-SIX-001 §6,Inspection,TBD,CONCEPT
REQ-HFPX-ASX-004,"No authority, feasibility, or clearance claim shall be drawn from an unverified 6-DOF model; such claims shall be subject to Vol 19.15 evidence gates, with criteria TBD.",HFPX-AERO-SIX-001,"HFPX-SYS-CON-003, ISS-006",Aero,HFPX-AERO-SIX-001 §6,Inspection,TBD,CONCEPT
REQ-HFPX-ASX-005,"Model use at CONCEPT stage shall be limited to structure definition, data-requirements capture, and interface alignment; the model shall not support design freeze, envelope clearance, or flight authorisation, with permitted uses TBD.",HFPX-AERO-SIX-001,"HFPX-SYS-CON-001, HFPX-SYS-ARC-001, ISS-006",Aero,HFPX-AERO-SIX-001 §6,Inspection,TBD,CONCEPT
REQ-HFPX-ASS-001,"Static-stability assessment shall evaluate the CG / CP relationship in all flight modes, with CG positions, CP positions, and evaluation conditions TBD.",HFPX-AERO-SSB-001,"HFPX-SYS-REQ-001, HFPX-SYS-MIS-002",Aero,HFPX-AERO-SSB-001 §6,Analysis,TBD,CONCEPT
REQ-HFPX-ASS-002,"A static-margin policy shall be defined, with definitions, applicability, and values TBD.",HFPX-AERO-SSB-001,"HFPX-SYS-REQ-001, HFPX-SYS-ARC-001",Aero,HFPX-AERO-SSB-001 §6,Inspection,TBD,CONCEPT
REQ-HFPX-ASS-003,"Trim analysis shall be performed for all flight modes, with trim conditions, control settings, and acceptance criteria TBD.",HFPX-AERO-SSB-001,"HFPX-SYS-CON-001, HFPX-SYS-CON-003, ISS-006",Aero,HFPX-AERO-SSB-001 §6,Analysis,TBD,CONCEPT
REQ-HFPX-ASB-001,"Stability assessment shall cover static stability and dynamic stability in all flight modes (hover, transition, horizontal flight), with mode-specific scope TBD.",HFPX-AERO-STB-001,"HFPX-SYS-CON-001, HFPX-SYS-MIS-002",Aero,HFPX-AERO-STB-001 §6,Inspection,TBD,CONCEPT
REQ-HFPX-ASB-002,"Stability assessment input-data requirements (geometry, mass properties, aerodynamic tables, propulsion effects) shall be defined, with all data TBD.",HFPX-AERO-STB-001,"HFPX-SYS-REQ-001, HFPX-SYS-ARC-001",Aero,HFPX-AERO-STB-001 §6,Inspection,TBD,CONCEPT
REQ-HFPX-ASB-003,"Any identified instability shall require a recorded design change or operational limitation before progression, with disposition TBD.",HFPX-AERO-STB-001,"HFPX-SYS-REQ-001, ISS-006",Aero,HFPX-AERO-STB-001 §6,Analysis,TBD,CONCEPT
REQ-HFPX-ASB-004,"Stability claims shall be verified by analysis and test, with methods and success criteria TBD.",HFPX-AERO-STB-001,"HFPX-SYS-CON-003, HFPX-SYS-ARC-001",Aero,HFPX-AERO-STB-001 §6,Analysis + Test,TBD,CONCEPT
REQ-HFPX-ATN-001,"A transition corridor concept shall be defined, with corridor boundaries, entry / exit conditions, and abort criteria TBD.",HFPX-AERO-TRN-001,"HFPX-SYS-CON-003, HFPX-SYS-MIS-002, ISS-006",Aero,HFPX-AERO-TRN-001 §6,Inspection,TBD,CONCEPT
REQ-HFPX-ATN-002,"The corridor-determination method (6-DOF plus simulation, conditions TBD) shall be defined, with tools, inputs, and acceptance logic TBD.",HFPX-AERO-TRN-001,"HFPX-SYS-ARC-001, ISS-006",Aero,HFPX-AERO-TRN-001 §6,Analysis,TBD,CONCEPT
REQ-HFPX-ATN-003,"Failed-transition dynamics (detection, response, safe-state behaviour) shall be characterised, with thresholds and behaviours TBD.",HFPX-AERO-TRN-001,"HFPX-SYS-CON-003, ISS-006",Aero,HFPX-AERO-TRN-001 §6,Analysis,TBD,CONCEPT
REQ-HFPX-ATN-004,"Transition-data requirements for FCS (Vol 07.12) shall be defined, with data content, formats, and ownership TBD.",HFPX-AERO-TRN-001,HFPX-SYS-ARC-001,Aero,HFPX-AERO-TRN-001 §6,Inspection,TBD,CONCEPT
REQ-HFPX-ATN-005,"No transition attempt shall be made before corridor evidence is gated per Vol 19.15 and demonstrated by unmanned test, with gate criteria TBD.",HFPX-AERO-TRN-001,"HFPX-SYS-CON-001, HFPX-SYS-CON-003, ISS-006",Aero,HFPX-AERO-TRN-001 §6,Test,TBD,CONCEPT
REQ-HFPX-AWN-001,"The system shall define the wind and gust environment, with all levels, profiles, and gust definitions TBD.",HFPX-AERO-WND-001,SYS-001/008,Aero,HFPX-AERO-WND-001 §6,Analysis,TBD,CONCEPT
REQ-HFPX-AWN-002,"The system shall define a wind-limit policy, with all limits and associated actions TBD.",HFPX-AERO-WND-001,SYS-001/008,Aero,HFPX-AERO-WND-001 §6,Inspection,TBD,CONCEPT
REQ-HFPX-AWN-003,"Gust response shall be verified by simulation plus unmanned test, with coverage and pass criteria TBD.",HFPX-AERO-WND-001,SYS-001/008,Aero,HFPX-AERO-WND-001 §6,Test,TBD,CONCEPT
REQ-HFPX-AWG-001,"HFP-X wing geometry (planform, section, arrangement, and installation definition) shall remain TBD as a candidate with no selection implied.",HFPX-AERO-WNG-001,"HFPX-SYS-REQ-001, HFPX-SYS-ARC-001 SAD aero views",Aero,HFPX-AERO-WNG-001 §6,Inspection,TBD,CONCEPT
REQ-HFPX-AWG-002,HFP-X wing design shall define a wing-load and stress interface with Vol 03 with interface content TBD.,HFPX-AERO-WNG-001,"HFPX-SYS-REQ-001, HFPX-SYS-ARC-001 SAD aero views",Aero,HFPX-AERO-WNG-001 §6,Inspection,TBD,CONCEPT
REQ-HFPX-AWG-003,"HFP-X wing design shall address the deployable-versus-fixed trade with trade method, criteria, and outcome TBD.",HFPX-AERO-WNG-001,HFPX-SYS-REQ-001,Aero,HFPX-AERO-WNG-001 §6,Inspection,TBD,CONCEPT
REQ-HFPX-AWG-004,HFP-X wing design shall be verified by a method TBD with acceptance criteria TBD and all quantitative results TBD.,HFPX-AERO-WNG-001,HFPX-SYS-REQ-001,Aero,HFPX-AERO-WNG-001 §6,Inspection,TBD,CONCEPT
REQ-HFPX-AWT-001,"The system shall define wind-tunnel test objectives, with all objectives TBD.",HFPX-AERO-WTT-001,SYS-001/008,Aero,HFPX-AERO-WTT-001 §6,Inspection,TBD,CONCEPT
REQ-HFPX-AWT-002,"The system shall define scaling and similarity requirements for wind-tunnel testing, with all parameters TBD.",HFPX-AERO-WTT-001,SYS-001/008,Aero,HFPX-AERO-WTT-001 §6,Analysis,TBD,CONCEPT
REQ-HFPX-AWT-003,"The system shall define data-capture requirements for wind-tunnel testing, with scope TBD.",HFPX-AERO-WTT-001,SYS-001/008,Aero,HFPX-AERO-WTT-001 §6,Inspection,TBD,CONCEPT
REQ-HFPX-AWT-004,"The system shall define the tunnel-to-model correlation rule, with rule and uncertainties TBD.",HFPX-AERO-WTT-001,SYS-001/008,Aero,HFPX-AERO-WTT-001 §6,Analysis,TBD,CONCEPT
REQ-HFPX-VAA-001,The avionics architecture shall define a modular partition of avionics functions (partition details TBD).,HFPX-AVN-ARC-001,REQ-HFPX-SYS-002; SAD AVN view,Avionics,HFPX-AVN-ARC-001 §6,Inspection,TBD,CONCEPT
REQ-HFPX-VAA-002,The avionics architecture shall define separation between flight computing and safety computing paths (ownership of independence TBD).,HFPX-AVN-ARC-001,REQ-HFPX-SYS-003; SAD AVN view,Avionics,HFPX-AVN-ARC-001 §6,Inspection,TBD,CONCEPT
REQ-HFPX-VAA-003,The avionics architecture shall define sensor interface classes and actuator interface classes (selections TBD).,HFPX-AVN-ARC-001,REQ-HFPX-SYS-002; SAD HWA view,Avionics,HFPX-AVN-ARC-001 §6,Inspection,TBD,CONCEPT
REQ-HFPX-VAA-004,The avionics architecture shall define a health-monitoring concept for avionics nodes and linked subsystems (thresholds and mechanisms TBD).,HFPX-AVN-ARC-001,REQ-HFPX-SYS-005; SAD AVN view,Avionics,HFPX-AVN-ARC-001 §6,Analysis,TBD,CONCEPT
REQ-HFPX-VAA-005,The avionics architecture shall be verified by review against parent requirements (evidence TBD).,HFPX-AVN-ARC-001,REQ-HFPX-SYS-002; SAD AVN view,Avionics,HFPX-AVN-ARC-001 §6,Inspection,TBD,CONCEPT
REQ-HFPX-VBT-001,"The BIT scope, including power-up, continuous and initiated test, shall be defined; all scope TBD.",HFPX-AVN-BIT-001,"REQ-HFPX-SYS-002, REQ-HFPX-SYS-003",Avionics,HFPX-AVN-BIT-001 §6,Inspection,TBD,CONCEPT
REQ-HFPX-VBT-002,The BIT coverage policy shall be defined; coverage claims TBD.,HFPX-AVN-BIT-001,"REQ-HFPX-SYS-003, CCA hook",Avionics,HFPX-AVN-BIT-001 §6,Analysis,TBD,CONCEPT
REQ-HFPX-VBT-003,"BIT-fault annunciation, including reporting paths and conditions, shall be defined; provisions TBD.",HFPX-AVN-BIT-001,"REQ-HFPX-SYS-003, SFA hook",Avionics,HFPX-AVN-BIT-001 §6,Analysis + Test,TBD,CONCEPT
REQ-HFPX-VBT-004,The BIT-to-maintenance flow shall be defined per Vol 27; allocation TBD.,HFPX-AVN-BIT-001,"REQ-HFPX-SYS-005, VAA tier",Avionics,HFPX-AVN-BIT-001 §6,Inspection,TBD,CONCEPT
REQ-HFPX-VDB-001,The avionics data design shall define bus and protocol classes without selection (classes TBD).,HFPX-AVN-DBS-001,REQ-HFPX-SYS-002; SAD DAT view,Avionics,HFPX-AVN-DBS-001 §6,Inspection,TBD,CONCEPT
REQ-HFPX-VDB-002,The avionics data design shall define redundancy for data buses (topology and mechanisms TBD).,HFPX-AVN-DBS-001,REQ-HFPX-SYS-003; SAD AVN view,Avionics,HFPX-AVN-DBS-001 §6,Analysis,TBD,CONCEPT
REQ-HFPX-VDB-003,The avionics data design shall define bandwidth and latency budgets for data buses (values TBD).,HFPX-AVN-DBS-001,REQ-HFPX-SYS-002; SAD DAT view,Avionics,HFPX-AVN-DBS-001 §6,Analysis,TBD,CONCEPT
REQ-HFPX-VDB-004,The avionics data-bus definitions shall be verified (method and evidence TBD).,HFPX-AVN-DBS-001,REQ-HFPX-SYS-005; SAD AVN view,Avionics,HFPX-AVN-DBS-001 §6,Inspection,TBD,CONCEPT
REQ-HFPX-VDL-001,The logged-parameter inventory shall be defined; all parameters TBD.,HFPX-AVN-DLG-001,"REQ-HFPX-SYS-002, REQ-HFPX-SYS-005",Avionics,HFPX-AVN-DLG-001 §6,Inspection,TBD,CONCEPT
REQ-HFPX-VDL-002,"Logging rate, capacity and retention provisions shall be defined; all provisions TBD.",HFPX-AVN-DLG-001,REQ-HFPX-SYS-003,Avionics,HFPX-AVN-DLG-001 §6,Analysis,TBD,CONCEPT
REQ-HFPX-VDL-003,Crash-survivability hooks for log recovery shall be defined; implementations TBD.,HFPX-AVN-DLG-001,"REQ-HFPX-SYS-003, SFA hook",Avionics,HFPX-AVN-DLG-001 §6,Analysis,TBD,CONCEPT
REQ-HFPX-VDL-004,The log-to-analysis flow shall be defined per Vol 23.17 and 33.16; allocation TBD.,HFPX-AVN-DLG-001,"REQ-HFPX-SYS-005, VAA tier",Avionics,HFPX-AVN-DLG-001 §6,Inspection,TBD,CONCEPT
REQ-HFPX-VEC-001,The embedded controllers shall have a defined allocation between module and central implementations (details TBD).,HFPX-AVN-EBC-001,HFPX-SYS-REQ-001 REQ-HFPX-SYS-002/003; VAA tier; SFA tier,Avionics,HFPX-AVN-EBC-001 §6,Inspection,TBD,CONCEPT
REQ-HFPX-VEC-002,The embedded controllers shall have defined firmware ownership hooks to Vol 16.5 (details TBD).,HFPX-AVN-EBC-001,HFPX-SYS-REQ-001 REQ-HFPX-SYS-002/003; VAA tier; SFA tier,Avionics,HFPX-AVN-EBC-001 §6,Inspection,TBD,CONCEPT
REQ-HFPX-VEC-003,The embedded controllers shall follow defined update and versioning rules (details TBD).,HFPX-AVN-EBC-001,HFPX-SYS-REQ-001 REQ-HFPX-SYS-002/003; FHA/FMEA hooks; SFA tier,Avionics,HFPX-AVN-EBC-001 §6,Inspection,TBD,CONCEPT
REQ-HFPX-VEC-004,The verification approach for embedded controllers shall be defined (TBD).,HFPX-AVN-EBC-001,HFPX-SYS-REQ-001 REQ-HFPX-SYS-002/003; SFA tier,Avionics,HFPX-AVN-EBC-001 §6,Inspection,TBD,CONCEPT
REQ-HFPX-VFD-001,The avionics fault detection shall define the detectable-fault inventory (details TBD).,HFPX-AVN-FDT-001,HFPX-SYS-REQ-001 REQ-HFPX-SYS-002/003; VAA tier; FHA/FMEA hooks,Avionics,HFPX-AVN-FDT-001 §6,Inspection,TBD,CONCEPT
REQ-HFPX-VFD-002,The avionics fault detection shall have defined detection-method ownership with thresholds and latency TBD (details TBD).,HFPX-AVN-FDT-001,HFPX-SYS-REQ-001 REQ-HFPX-SYS-002/003; FHA/FMEA hooks; SFA tier,Avionics,HFPX-AVN-FDT-001 §6,Inspection,TBD,CONCEPT
REQ-HFPX-VFD-003,The avionics fault detection shall follow a defined false-alarm policy (details TBD).,HFPX-AVN-FDT-001,HFPX-SYS-REQ-001 REQ-HFPX-SYS-002/003; VAA tier; SFA tier,Avionics,HFPX-AVN-FDT-001 §6,Inspection,TBD,CONCEPT
REQ-HFPX-VFD-004,The avionics fault detection shall define the detection-to-isolation handover to Ch 08.12 (details TBD).,HFPX-AVN-FDT-001,HFPX-SYS-REQ-001 REQ-HFPX-SYS-002/003; VAA tier; SFA tier,Avionics,HFPX-AVN-FDT-001 §6,Inspection,TBD,CONCEPT
REQ-HFPX-VFI-001,The avionics fault isolation shall define the isolation-action inventory (details TBD).,HFPX-AVN-FIS-001,HFPX-SYS-REQ-001 REQ-HFPX-SYS-002/003; VAA tier; FHA/FMEA hooks,Avionics,HFPX-AVN-FIS-001 §6,Inspection,TBD,CONCEPT
REQ-HFPX-VFI-002,The avionics fault isolation shall have defined isolation authority including safety-computer override hooks with behaviour TBD (details TBD).,HFPX-AVN-FIS-001,HFPX-SYS-REQ-001 REQ-HFPX-SYS-002/003; FHA/FMEA hooks; SFA tier,Avionics,HFPX-AVN-FIS-001 §6,Analysis,TBD,CONCEPT
REQ-HFPX-VFI-003,The avionics fault isolation shall provide inadvertent-isolation protection (details TBD).,HFPX-AVN-FIS-001,HFPX-SYS-REQ-001 REQ-HFPX-SYS-002/003; FHA/FMEA hooks; SFA tier,Avionics,HFPX-AVN-FIS-001 §6,Test,TBD,CONCEPT
REQ-HFPX-VFI-004,The avionics fault isolation shall define the isolation-to-recovery handover to Ch 08.13 (details TBD).,HFPX-AVN-FIS-001,HFPX-SYS-REQ-001 REQ-HFPX-SYS-002/003; VAA tier; SFA tier,Avionics,HFPX-AVN-FIS-001 §6,Inspection,TBD,CONCEPT
REQ-HFPX-VFC-001,The flight computer shall provide deterministic execution of allocated functions (execution bounds including WCET TBD).,HFPX-AVN-FLC-001,REQ-HFPX-SYS-003; SAD SWA view,Avionics,HFPX-AVN-FLC-001 §6,Analysis,TBD,CONCEPT
REQ-HFPX-VFC-002,The flight computer shall define input/output capacity for allocated interfaces (capacity details TBD).,HFPX-AVN-FLC-001,REQ-HFPX-SYS-002; SAD HWA view,Avionics,HFPX-AVN-FLC-001 §6,Inspection,TBD,CONCEPT
REQ-HFPX-VFC-003,The flight computer shall define a growth and spare-capacity policy (margins TBD).,HFPX-AVN-FLC-001,REQ-HFPX-SYS-002; SAD AVN view,Avionics,HFPX-AVN-FLC-001 §6,Inspection,TBD,CONCEPT
REQ-HFPX-VFC-004,The flight computer development artefacts shall be structured according to DO-178C and DO-254 concepts (details TBD).,HFPX-AVN-FLC-001,REQ-HFPX-SYS-005; SAD SWA view,Avionics,HFPX-AVN-FLC-001 §6,Inspection,TBD,CONCEPT
REQ-HFPX-VFC-005,"The flight computer shall be verified through a defined thread including SIL, HIL, and test (cases and coverage TBD).",HFPX-AVN-FLC-001,REQ-HFPX-SYS-005; SAD AVN view,Avionics,HFPX-AVN-FLC-001 §6,Test,TBD,CONCEPT
REQ-HFPX-VFR-001,"The avionics fault-recovery action inventory, including reconfiguration, restart and reversion actions, shall be defined; all actions and conditions TBD.",HFPX-AVN-FRC-001,"REQ-HFPX-SYS-002, REQ-HFPX-SYS-003",Avionics,HFPX-AVN-FRC-001 §6,Inspection,TBD,CONCEPT
REQ-HFPX-VFR-002,"Recovery authority, including command, inhibit and override provisions, shall be defined; authority allocation TBD.",HFPX-AVN-FRC-001,"REQ-HFPX-SYS-003, SFA hook",Avionics,HFPX-AVN-FRC-001 §6,Inspection,TBD,CONCEPT
REQ-HFPX-VFR-003,"Fault recovery shall be verified by fault-injection; methods, cases and acceptance criteria TBD.",HFPX-AVN-FRC-001,VAA tier,Avionics,HFPX-AVN-FRC-001 §6,Test,TBD,CONCEPT
REQ-HFPX-VFR-004,"Recovery-to-FTC handover, including conditions, state transfer and timing, shall be defined per Vol 07.18; criteria TBD.",HFPX-AVN-FRC-001,"REQ-HFPX-SYS-005, SFA hook",Avionics,HFPX-AVN-FRC-001 §6,Analysis + Test,TBD,CONCEPT
REQ-HFPX-VHM-001,The avionics health monitoring shall define the monitored-parameter inventory (details TBD).,HFPX-AVN-HLM-001,HFPX-SYS-REQ-001 REQ-HFPX-SYS-002/003; VAA tier; FHA/FMEA hooks,Avionics,HFPX-AVN-HLM-001 §6,Inspection,TBD,CONCEPT
REQ-HFPX-VHM-002,The avionics health monitoring shall follow a defined limit and threshold policy with values TBD (details TBD).,HFPX-AVN-HLM-001,HFPX-SYS-REQ-001 REQ-HFPX-SYS-002/003; FHA/FMEA hooks; SFA tier,Avionics,HFPX-AVN-HLM-001 §6,Inspection,TBD,CONCEPT
REQ-HFPX-VHM-003,The avionics health monitoring shall define annunciation interfaces to HMI and safety paths (details TBD).,HFPX-AVN-HLM-001,HFPX-SYS-REQ-001 REQ-HFPX-SYS-002/003; VAA tier; SFA tier,Avionics,HFPX-AVN-HLM-001 §6,Demonstration,TBD,CONCEPT
REQ-HFPX-VHM-004,The avionics health monitoring shall define recording hooks for health data (details TBD).,HFPX-AVN-HLM-001,HFPX-SYS-REQ-001 REQ-HFPX-SYS-002/003; VAA tier; SFA tier,Avionics,HFPX-AVN-HLM-001 §6,Inspection,TBD,CONCEPT
REQ-HFPX-VIO-001,"The avionics I/O architecture shall define the I/O channel inventory by class including discrete, analogue, and bus channels (details TBD).",HFPX-AVN-IOA-001,HFPX-SYS-REQ-001 REQ-HFPX-SYS-002/003; VAA tier; SFA tier,Avionics,HFPX-AVN-IOA-001 §6,Inspection,TBD,CONCEPT
REQ-HFPX-VIO-002,The avionics I/O architecture shall define sampling and refresh principles for I/O channels (values TBD).,HFPX-AVN-IOA-001,HFPX-SYS-REQ-001 REQ-HFPX-SYS-002/003; VAA tier; SFA tier,Avionics,HFPX-AVN-IOA-001 §6,Inspection,TBD,CONCEPT
REQ-HFPX-VIO-003,The avionics I/O architecture shall define I/O-fault handling feeding fault logic (details TBD).,HFPX-AVN-IOA-001,HFPX-SYS-REQ-001 REQ-HFPX-SYS-002/003; FHA/FMEA hooks; SFA tier,Avionics,HFPX-AVN-IOA-001 §6,Inspection,TBD,CONCEPT
REQ-HFPX-VIO-004,The verification approach for avionics I/O architecture shall be defined (TBD).,HFPX-AVN-IOA-001,HFPX-SYS-REQ-001 REQ-HFPX-SYS-002/003; SFA tier,Avionics,HFPX-AVN-IOA-001 §6,Inspection,TBD,CONCEPT
REQ-HFPX-VPH-001,The avionics processing hardware shall define processor and device classes without part selection (classes TBD).,HFPX-AVN-PHW-001,REQ-HFPX-SYS-002; SAD HWA view,Avionics,HFPX-AVN-PHW-001 §6,Inspection,TBD,CONCEPT
REQ-HFPX-VPH-002,The avionics processing hardware shall define environmental qualification hooks structured according to DO-160 concepts (details TBD).,HFPX-AVN-PHW-001,REQ-HFPX-SYS-003; SAD HWA view,Avionics,HFPX-AVN-PHW-001 §6,Inspection,TBD,CONCEPT
REQ-HFPX-VPH-003,The avionics processing hardware shall define obsolescence hooks linked to Vol 32.9 (details TBD).,HFPX-AVN-PHW-001,REQ-HFPX-SYS-002; SAD AVN view,Avionics,HFPX-AVN-PHW-001 §6,Inspection,TBD,CONCEPT
REQ-HFPX-VPH-004,The avionics processing hardware definitions shall be verified (method and evidence TBD).,HFPX-AVN-PHW-001,REQ-HFPX-SYS-005; SAD HWA view,Avionics,HFPX-AVN-PHW-001 §6,Inspection,TBD,CONCEPT
REQ-HFPX-VPI-001,"The avionics power interfaces shall define avionics power feeds and returns (details TBD, hooks to Vol 15).",HFPX-AVN-PWR-001,HFPX-SYS-REQ-001 REQ-HFPX-SYS-002/003; VAA tier; SFA tier,Avionics,HFPX-AVN-PWR-001 §6,Inspection,TBD,CONCEPT
REQ-HFPX-VPI-002,The avionics power interfaces shall define brownout and switch-over behaviour (details TBD).,HFPX-AVN-PWR-001,HFPX-SYS-REQ-001 REQ-HFPX-SYS-002/003; FHA/FMEA hooks; SFA tier,Avionics,HFPX-AVN-PWR-001 §6,Inspection,TBD,CONCEPT
REQ-HFPX-VPI-003,The avionics power interfaces shall define power-monitoring hooks feeding health and fault logic (details TBD).,HFPX-AVN-PWR-001,HFPX-SYS-REQ-001 REQ-HFPX-SYS-002/003; VAA tier; FHA/FMEA hooks,Avionics,HFPX-AVN-PWR-001 §6,Inspection,TBD,CONCEPT
REQ-HFPX-VPI-004,The verification approach for avionics power interfaces shall be defined (TBD).,HFPX-AVN-PWR-001,HFPX-SYS-REQ-001 REQ-HFPX-SYS-002/003; SFA tier,Avionics,HFPX-AVN-PWR-001 §6,Inspection,TBD,CONCEPT
REQ-HFPX-VRD-001,"The avionics redundancy approach, including channels and voting provisions, shall be defined; channels TBD, voting TBD.",HFPX-AVN-RDY-001,"REQ-HFPX-SYS-002, REQ-HFPX-SYS-003",Avionics,HFPX-AVN-RDY-001 §6,Inspection,TBD,CONCEPT
REQ-HFPX-VRD-002,Independence of redundant avionics paths shall be evidenced; claims TBD with CCA hooks.,HFPX-AVN-RDY-001,"REQ-HFPX-SYS-003, CCA hook",Avionics,HFPX-AVN-RDY-001 §6,Analysis,TBD,CONCEPT
REQ-HFPX-VRD-003,Redundancy claims shall be verified; method and criteria TBD.,HFPX-AVN-RDY-001,VAA tier,Avionics,HFPX-AVN-RDY-001 §6,Analysis / Test,TBD,CONCEPT
REQ-HFPX-VRD-004,Redundancy claims shall flow into FTA; allocation and gates TBD (Vol 13).,HFPX-AVN-RDY-001,"REQ-HFPX-SYS-005, SFA hook",Avionics,HFPX-AVN-RDY-001 §6,Analysis,TBD,CONCEPT
REQ-HFPX-VRT-001,The avionics real-time design shall define a scheduling policy (policy details and execution rates TBD).,HFPX-AVN-RTS-001,REQ-HFPX-SYS-003; SAD SWA view,Avionics,HFPX-AVN-RTS-001 §6,Analysis,TBD,CONCEPT
REQ-HFPX-VRT-002,The avionics real-time design shall define deadline-miss handling (detection and response TBD).,HFPX-AVN-RTS-001,REQ-HFPX-SYS-003; SAD SWA view,Avionics,HFPX-AVN-RTS-001 §6,Analysis,TBD,CONCEPT
REQ-HFPX-VRT-003,The avionics real-time design shall define determinism evidence (artefacts TBD).,HFPX-AVN-RTS-001,REQ-HFPX-SYS-005; SAD SWA view,Avionics,HFPX-AVN-RTS-001 §6,Inspection,TBD,CONCEPT
REQ-HFPX-VRT-004,The avionics real-time design shall be verified by analysis and HIL (cases and coverage TBD).,HFPX-AVN-RTS-001,REQ-HFPX-SYS-005; SAD AVN view,Avionics,HFPX-AVN-RTS-001 §6,Test,TBD,CONCEPT
REQ-HFPX-VSC-001,"The safety computer shall be independent from the flight computer across power, sensing, and compute aspects (details TBD).",HFPX-AVN-SFC-001,REQ-HFPX-SYS-003; SAD AVN view,Avionics,HFPX-AVN-SFC-001 §6,Analysis,TBD,CONCEPT
REQ-HFPX-VSC-002,"The safety computer shall provide monitoring, stabilisation, and recovery-trigger functions (logic and thresholds TBD).",HFPX-AVN-SFC-001,REQ-HFPX-SYS-003; SAD SWA view,Avionics,HFPX-AVN-SFC-001 §6,Analysis,TBD,CONCEPT
REQ-HFPX-VSC-003,The safety computer shall be governed by a dissimilarity policy with respect to the flight computer (measures TBD).,HFPX-AVN-SFC-001,REQ-HFPX-SYS-005; SAD HWA view,Avionics,HFPX-AVN-SFC-001 §6,Inspection,TBD,CONCEPT
REQ-HFPX-VSC-004,The safety computer development artefacts shall be structured according to DO-178C and DO-254 concepts (details TBD).,HFPX-AVN-SFC-001,REQ-HFPX-SYS-005; SAD SWA view,Avionics,HFPX-AVN-SFC-001 §6,Inspection,TBD,CONCEPT
REQ-HFPX-VSC-005,The safety computer shall be verified by fault injection covering detection and recovery triggering (cases TBD).,HFPX-AVN-SFC-001,REQ-HFPX-SYS-005; SAD AVN view,Avionics,HFPX-AVN-SFC-001 §6,Test,TBD,CONCEPT
REQ-HFPX-VTS-001,The avionics time-source hierarchy shall be defined; all sources and ordering TBD.,HFPX-AVN-TSY-001,"REQ-HFPX-SYS-002, REQ-HFPX-SYS-003",Avionics,HFPX-AVN-TSY-001 §6,Inspection,TBD,CONCEPT
REQ-HFPX-VTS-002,Time-sync accuracy provisions shall be defined; accuracy claims TBD.,HFPX-AVN-TSY-001,REQ-HFPX-SYS-003,Avionics,HFPX-AVN-TSY-001 §6,Analysis,TBD,CONCEPT
REQ-HFPX-VTS-003,"Loss-of-sync behaviour, including annunciation and holdover provisions, shall be defined; behaviour TBD.",HFPX-AVN-TSY-001,"REQ-HFPX-SYS-003, SFA hook",Avionics,HFPX-AVN-TSY-001 §6,Analysis + Test,TBD,CONCEPT
REQ-HFPX-VTS-004,Time synchronisation shall be verified; methods and acceptance criteria TBD.,HFPX-AVN-TSY-001,"REQ-HFPX-SYS-005, VAA tier",Avionics,HFPX-AVN-TSY-001 §6,Analysis / Test,TBD,CONCEPT
REQ-HFPX-NAC-001,"The accelerometers shall provide acceleration-sensing functions, with functions TBD.",HFPX-NAV-ACC-001,"REQ-HFPX-SYS-004, REQ-HFPX-FUN-003, SAD DAT/LOG",Sensors,HFPX-NAV-ACC-001 §6,Inspection,TBD,CONCEPT
REQ-HFPX-NAC-002,"The accelerometer performance shall be defined, with all performance values TBD.",HFPX-NAV-ACC-001,"REQ-HFPX-SYS-004, REQ-HFPX-FUN-003, SAD DAT/LOG",Sensors,HFPX-NAV-ACC-001 §6,Inspection,TBD,CONCEPT
REQ-HFPX-NAC-003,"The accelerometer design shall address vibration-rectification considerations, with considerations TBD.",HFPX-NAV-ACC-001,"REQ-HFPX-SYS-004, REQ-HFPX-FUN-003, SAD DAT/LOG",Sensors,HFPX-NAV-ACC-001 §6,Inspection,TBD,CONCEPT
REQ-HFPX-NAC-004,"The accelerometer requirements shall be verified, with verification method and artefacts TBD.",HFPX-NAV-ACC-001,"REQ-HFPX-SYS-004, REQ-HFPX-FUN-003, SAD DAT/LOG",Sensors,HFPX-NAV-ACC-001 §6,Inspection,TBD,CONCEPT
REQ-HFPX-NNA-001,The navigation algorithm function shall provide estimation functions TBD.,HFPX-NAV-ALG-001,"REQ-HFPX-SYS-004, FUN-003, NSF tier hooks TBD",Sensors,HFPX-NAV-ALG-001 §6,"Analysis + Test (simulation + flight, details TBD)",TBD,CONCEPT
REQ-HFPX-NNA-002,The navigation algorithm function shall implement initialisation and alignment TBD.,HFPX-NAV-ALG-001,"REQ-HFPX-SYS-004, FUN-003",Sensors,HFPX-NAV-ALG-001 §6,Analysis + Test (details TBD),TBD,CONCEPT
REQ-HFPX-NNA-003,The navigation algorithm function shall implement GNSS-denied behaviour TBD.,HFPX-NAV-ALG-001,"REQ-HFPX-SYS-004, FUN-003, SFA/CCA hooks TBD",Sensors,HFPX-NAV-ALG-001 §6,"Analysis + Test (simulation + flight, details TBD)",TBD,CONCEPT
REQ-HFPX-NNA-004,"The navigation algorithm function shall be verified by means TBD, including simulation and flight TBD.",HFPX-NAV-ALG-001,"REQ-HFPX-SYS-004, FUN-003",Sensors,HFPX-NAV-ALG-001 §6,"Analysis + Test (simulation + flight, details TBD)",TBD,CONCEPT
REQ-HFPX-NNA-005,The navigation algorithm function shall comply with versioning rules TBD.,HFPX-NAV-ALG-001,FUN-003,Sensors,HFPX-NAV-ALG-001 §6,Inspection (details TBD),TBD,CONCEPT
REQ-HFPX-NAL-001,"The altitude sensing function shall provide above-ground-level sensing critical for hover and landing, with sensing principle TBD.",HFPX-NAV-ALT-001,"REQ-HFPX-SYS-004, REQ-HFPX-FUN-003, SAD DAT/LOG",Sensors,HFPX-NAV-ALT-001 §6,Inspection,TBD,CONCEPT
REQ-HFPX-NAL-002,"The altitude sensing range and accuracy shall be defined, with range and accuracy TBD.",HFPX-NAV-ALT-001,"REQ-HFPX-SYS-004, REQ-HFPX-FUN-003, SAD DAT/LOG",Sensors,HFPX-NAV-ALT-001 §6,Test,TBD,CONCEPT
REQ-HFPX-NAL-003,"The sensor-to-landing-controller interface shall be defined consistent with Vol 07.14, with interface details TBD.",HFPX-NAV-ALT-001,"REQ-HFPX-SYS-004, REQ-HFPX-FUN-003, SAD DAT/LOG",Sensors,HFPX-NAV-ALT-001 §6,Inspection,TBD,CONCEPT
REQ-HFPX-NAL-004,"The altitude sensing requirements shall be verified, with verification method and artefacts TBD.",HFPX-NAV-ALT-001,"REQ-HFPX-SYS-004, REQ-HFPX-FUN-003, SAD DAT/LOG",Sensors,HFPX-NAV-ALT-001 §6,Inspection,TBD,CONCEPT
REQ-HFPX-NSA-001,"The sensor architecture shall define the sensor complement, enumerating sensor classes with specific implementations TBD and no parts selected.",HFPX-NAV-ARC-001,"REQ-HFPX-SYS-004, REQ-HFPX-FUN-003, SAD DAT/LOG",Sensors,HFPX-NAV-ARC-001 §6,Inspection,TBD,CONCEPT
REQ-HFPX-NSA-002,"The sensor architecture shall define primary/backup allocation for navigation sensors, with allocation TBD.",HFPX-NAV-ARC-001,"REQ-HFPX-SYS-004, REQ-HFPX-FUN-003, SAD DAT/LOG",Sensors,HFPX-NAV-ARC-001 §6,Inspection,TBD,CONCEPT
REQ-HFPX-NSA-003,"The sensor architecture shall define sensor interface classes consistent with Vol 08.8, with details TBD.",HFPX-NAV-ARC-001,"REQ-HFPX-SYS-004, REQ-HFPX-FUN-003, SAD DAT/LOG",Sensors,HFPX-NAV-ARC-001 §6,Inspection,TBD,CONCEPT
REQ-HFPX-NSA-004,"The sensor architecture shall comply with installation constraints per Vol 21.7, with constraints TBD.",HFPX-NAV-ARC-001,"REQ-HFPX-SYS-004, REQ-HFPX-FUN-003, SAD DAT/LOG",Sensors,HFPX-NAV-ARC-001 §6,Inspection,TBD,CONCEPT
REQ-HFPX-NSA-005,"The sensor architecture shall be verified by review, with review artefacts TBD.",HFPX-NAV-ARC-001,"REQ-HFPX-SYS-004, REQ-HFPX-FUN-003, SAD DAT/LOG",Sensors,HFPX-NAV-ARC-001 §6,Inspection,TBD,CONCEPT
REQ-HFPX-NAS-001,"The airspeed function shall be provided, with probe principle TBD.",HFPX-NAV-ASP-001,"REQ-HFPX-SYS-004, REQ-HFPX-FUN-003, SAD DAT/LOG",Sensors,HFPX-NAV-ASP-001 §6,Inspection,TBD,CONCEPT
REQ-HFPX-NAS-002,"The airspeed low-speed and hover limitations shall be defined, with limitations TBD.",HFPX-NAV-ASP-001,"REQ-HFPX-SYS-004, REQ-HFPX-FUN-003, SAD DAT/LOG",Sensors,HFPX-NAV-ASP-001 §6,Inspection,TBD,CONCEPT
REQ-HFPX-NAS-003,"The airspeed design shall address icing and contamination considerations, with considerations TBD.",HFPX-NAV-ASP-001,"REQ-HFPX-SYS-004, REQ-HFPX-FUN-003, SAD DAT/LOG",Sensors,HFPX-NAV-ASP-001 §6,Inspection,TBD,CONCEPT
REQ-HFPX-NAS-004,"The airspeed requirements shall be verified, with verification method and artefacts TBD.",HFPX-NAV-ASP-001,"REQ-HFPX-SYS-004, REQ-HFPX-FUN-003, SAD DAT/LOG",Sensors,HFPX-NAV-ASP-001 §6,Inspection,TBD,CONCEPT
REQ-HFPX-NBA-001,"The barometric altitude function shall be provided, with function TBD.",HFPX-NAV-BAR-001,"REQ-HFPX-SYS-004, REQ-HFPX-FUN-003, SAD DAT/LOG",Sensors,HFPX-NAV-BAR-001 §6,Inspection,TBD,CONCEPT
REQ-HFPX-NBA-002,"The barometric altitude accuracy shall be defined, with accuracy TBD.",HFPX-NAV-BAR-001,"REQ-HFPX-SYS-004, REQ-HFPX-FUN-003, SAD DAT/LOG",Sensors,HFPX-NAV-BAR-001 §6,Test,TBD,CONCEPT
REQ-HFPX-NBA-003,"The barometric altitude temperature compensation shall be defined, with compensation TBD.",HFPX-NAV-BAR-001,"REQ-HFPX-SYS-004, REQ-HFPX-FUN-003, SAD DAT/LOG",Sensors,HFPX-NAV-BAR-001 §6,Inspection,TBD,CONCEPT
REQ-HFPX-NBA-004,"The barometric altitude requirements shall be verified, with verification method and artefacts TBD.",HFPX-NAV-BAR-001,"REQ-HFPX-SYS-004, REQ-HFPX-FUN-003, SAD DAT/LOG",Sensors,HFPX-NAV-BAR-001 §6,Inspection,TBD,CONCEPT
REQ-HFPX-NCL-001,The instrument calibration function shall provide calibration procedures TBD per sensor class.,HFPX-NAV-CAL-001,"REQ-HFPX-SYS-004, FUN-003",Sensors,HFPX-NAV-CAL-001 §6,Inspection / Demonstration (details TBD),TBD,CONCEPT
REQ-HFPX-NCL-002,The instrument calibration function shall comply with a calibration-interval policy TBD.,HFPX-NAV-CAL-001,FUN-003,Sensors,HFPX-NAV-CAL-001 §6,Inspection (details TBD),TBD,CONCEPT
REQ-HFPX-NCL-003,"The instrument calibration function shall provide calibration records TBD, consistent with Vol 27.14 hooks TBD.",HFPX-NAV-CAL-001,FUN-003,Sensors,HFPX-NAV-CAL-001 §6,Inspection (details TBD),TBD,CONCEPT
REQ-HFPX-NCL-004,The instrument calibration function shall implement out-of-calibration handling TBD.,HFPX-NAV-CAL-001,"REQ-HFPX-SYS-004, FUN-003, VFD/VHM hooks TBD",Sensors,HFPX-NAV-CAL-001 §6,Analysis + Test (details TBD),TBD,CONCEPT
REQ-HFPX-NES-001,"The engine sensing function shall provide a parameter inventory TBD, consistent with Vol 04.10 hooks TBD.",HFPX-NAV-ENG-001,"REQ-HFPX-SYS-004, FUN-003",Sensors,HFPX-NAV-ENG-001 §6,Inspection,TBD,CONCEPT
REQ-HFPX-NES-002,"The engine sensing function shall interface to monitoring functions TBD, consistent with Vol 04.11 and Vol 08.10 hooks TBD.",HFPX-NAV-ENG-001,"REQ-HFPX-SYS-004, FUN-003",Sensors,HFPX-NAV-ENG-001 §6,Inspection,TBD,CONCEPT
REQ-HFPX-NES-003,The engine sensing function shall meet measurement accuracy requirements TBD.,HFPX-NAV-ENG-001,"REQ-HFPX-SYS-004, FUN-003",Sensors,HFPX-NAV-ENG-001 §6,Test,TBD,CONCEPT
REQ-HFPX-NES-004,The engine sensing function shall be verified by means TBD.,HFPX-NAV-ENG-001,"REQ-HFPX-SYS-004, FUN-003",Sensors,HFPX-NAV-ENG-001 §6,Inspection,TBD,CONCEPT
REQ-HFPX-NFD-001,"The sensor fault detection function shall address a detectable-fault inventory TBD, including bias, drift, freeze, and loss aspects TBD.",HFPX-NAV-FDT-001,"REQ-HFPX-SYS-004, FUN-003, VFD/VHM hooks TBD",Sensors,HFPX-NAV-FDT-001 §6,Analysis + Test (details TBD),TBD,CONCEPT
REQ-HFPX-NFD-002,"The sensor fault detection function shall implement detection methods TBD, including thresholds and latency aspects TBD.",HFPX-NAV-FDT-001,"REQ-HFPX-SYS-004, FUN-003",Sensors,HFPX-NAV-FDT-001 §6,Analysis + Test (details TBD),TBD,CONCEPT
REQ-HFPX-NFD-003,The sensor fault detection function shall provide annunciation TBD.,HFPX-NAV-FDT-001,"REQ-HFPX-SYS-004, FUN-003, VFD/VHM hooks TBD",Sensors,HFPX-NAV-FDT-001 §6,Test / Demonstration (details TBD),TBD,CONCEPT
REQ-HFPX-NFD-004,"The sensor fault detection function shall implement handover to FTC TBD, consistent with Vol 07.18 hooks TBD.",HFPX-NAV-FDT-001,"REQ-HFPX-SYS-004, FUN-003",Sensors,HFPX-NAV-FDT-001 §6,Analysis + Test (details TBD),TBD,CONCEPT
REQ-HFPX-NFS-001,"The fuel sensing function shall provide a parameter inventory TBD, including quantity, pressure, and temperature aspects per Vol 05.10 through Vol 05.12 hooks TBD.",HFPX-NAV-FUL-001,"REQ-HFPX-SYS-004, FUN-003",Sensors,HFPX-NAV-FUL-001 §6,Inspection,TBD,CONCEPT
REQ-HFPX-NFS-002,The fuel sensing function shall interface to consuming functions TBD.,HFPX-NAV-FUL-001,"REQ-HFPX-SYS-004, FUN-003",Sensors,HFPX-NAV-FUL-001 §6,Inspection,TBD,CONCEPT
REQ-HFPX-NFS-003,The fuel sensing function shall meet measurement accuracy requirements TBD.,HFPX-NAV-FUL-001,"REQ-HFPX-SYS-004, FUN-003",Sensors,HFPX-NAV-FUL-001 §6,Test,TBD,CONCEPT
REQ-HFPX-NFS-004,The fuel sensing function shall be verified by means TBD.,HFPX-NAV-FUL-001,"REQ-HFPX-SYS-004, FUN-003",Sensors,HFPX-NAV-FUL-001 §6,Inspection,TBD,CONCEPT
REQ-HFPX-NSF-001,"The sensor fusion function shall provide fusion functions TBD, including attitude, velocity, and position functions TBD.",HFPX-NAV-FUS-001,"REQ-HFPX-SYS-004, FUN-003",Sensors,HFPX-NAV-FUS-001 §6,"Analysis + Test (simulation + test, details TBD)",TBD,CONCEPT
REQ-HFPX-NSF-002,The sensor fusion function shall implement an algorithm class TBD; no algorithm selection is made at this revision.,HFPX-NAV-FUS-001,"REQ-HFPX-SYS-004, FUN-003",Sensors,HFPX-NAV-FUS-001 §6,Analysis (details TBD),TBD,CONCEPT
REQ-HFPX-NSF-003,The sensor fusion function shall provide integrity monitoring TBD.,HFPX-NAV-FUS-001,"REQ-HFPX-SYS-004, FUN-003, VFD/VHM hooks TBD",Sensors,HFPX-NAV-FUS-001 §6,Analysis + Test (details TBD),TBD,CONCEPT
REQ-HFPX-NSF-004,The sensor fusion function shall implement degraded-sensor handling TBD.,HFPX-NAV-FUS-001,"REQ-HFPX-SYS-004, FUN-003, SFA/CCA hooks TBD",Sensors,HFPX-NAV-FUS-001 §6,Analysis + Test (details TBD),TBD,CONCEPT
REQ-HFPX-NSF-005,"The sensor fusion function shall be verified by means TBD, including simulation and test TBD.",HFPX-NAV-FUS-001,"REQ-HFPX-SYS-004, FUN-003",Sensors,HFPX-NAV-FUS-001 §6,"Analysis + Test (simulation + test, details TBD)",TBD,CONCEPT
REQ-HFPX-NGN-001,"The GNSS shall provide position, velocity, and time function, with function TBD.",HFPX-NAV-GNS-001,"REQ-HFPX-SYS-004, REQ-HFPX-FUN-003, SAD DAT/LOG",Sensors,HFPX-NAV-GNS-001 §6,Inspection,TBD,CONCEPT
REQ-HFPX-NGN-002,"The GNSS denial and degradation behaviour shall be defined, including dead-reckoning handover TBD.",HFPX-NAV-GNS-001,"REQ-HFPX-SYS-004, REQ-HFPX-FUN-003, SAD DAT/LOG",Sensors,HFPX-NAV-GNS-001 §6,Inspection,TBD,CONCEPT
REQ-HFPX-NGN-003,"The GNSS antenna and installation shall be defined, with antenna and installation TBD.",HFPX-NAV-GNS-001,"REQ-HFPX-SYS-004, REQ-HFPX-FUN-003, SAD DAT/LOG",Sensors,HFPX-NAV-GNS-001 §6,Inspection,TBD,CONCEPT
REQ-HFPX-NGN-004,"The GNSS requirements shall be verified, with verification method and artefacts TBD.",HFPX-NAV-GNS-001,"REQ-HFPX-SYS-004, REQ-HFPX-FUN-003, SAD DAT/LOG",Sensors,HFPX-NAV-GNS-001 §6,Inspection,TBD,CONCEPT
REQ-HFPX-NGY-001,"The gyroscopes shall provide angular rate-sensing functions, with functions TBD.",HFPX-NAV-GYR-001,"REQ-HFPX-SYS-004, REQ-HFPX-FUN-003, SAD DAT/LOG",Sensors,HFPX-NAV-GYR-001 §6,Inspection,TBD,CONCEPT
REQ-HFPX-NGY-002,"The gyroscope performance shall be defined, with all performance values TBD.",HFPX-NAV-GYR-001,"REQ-HFPX-SYS-004, REQ-HFPX-FUN-003, SAD DAT/LOG",Sensors,HFPX-NAV-GYR-001 §6,Inspection,TBD,CONCEPT
REQ-HFPX-NGY-003,"The gyroscope technology shall be defined, with technology TBD and no technology selected.",HFPX-NAV-GYR-001,"REQ-HFPX-SYS-004, REQ-HFPX-FUN-003, SAD DAT/LOG",Sensors,HFPX-NAV-GYR-001 §6,Inspection,TBD,CONCEPT
REQ-HFPX-NGY-004,"The gyroscope requirements shall be verified, with verification method and artefacts TBD.",HFPX-NAV-GYR-001,"REQ-HFPX-SYS-004, REQ-HFPX-FUN-003, SAD DAT/LOG",Sensors,HFPX-NAV-GYR-001 §6,Inspection,TBD,CONCEPT
REQ-HFPX-NIM-001,"The IMU shall provide inertial measurement functions, with functions TBD.",HFPX-NAV-IMU-001,"REQ-HFPX-SYS-004, REQ-HFPX-FUN-003, SAD DAT/LOG",Sensors,HFPX-NAV-IMU-001 §6,Inspection,TBD,CONCEPT
REQ-HFPX-NIM-002,"The IMU performance shall be defined, with bias, noise, and all other performance values TBD.",HFPX-NAV-IMU-001,"REQ-HFPX-SYS-004, REQ-HFPX-FUN-003, SAD DAT/LOG",Sensors,HFPX-NAV-IMU-001 §6,Inspection,TBD,CONCEPT
REQ-HFPX-NIM-003,"The IMU redundancy arrangement shall be defined, with redundancy TBD.",HFPX-NAV-IMU-001,"REQ-HFPX-SYS-004, REQ-HFPX-FUN-003, SAD DAT/LOG",Sensors,HFPX-NAV-IMU-001 §6,Inspection,TBD,CONCEPT
REQ-HFPX-NIM-004,"The IMU requirements shall be verified, with verification method and artefacts TBD.",HFPX-NAV-IMU-001,"REQ-HFPX-SYS-004, REQ-HFPX-FUN-003, SAD DAT/LOG",Sensors,HFPX-NAV-IMU-001 §6,Inspection,TBD,CONCEPT
REQ-HFPX-NMG-001,"The magnetometers shall provide heading-aiding function, with function TBD.",HFPX-NAV-MAG-001,"REQ-HFPX-SYS-004, REQ-HFPX-FUN-003, SAD DAT/LOG",Sensors,HFPX-NAV-MAG-001 §6,Inspection,TBD,CONCEPT
REQ-HFPX-NMG-002,"The magnetometer calibration and compensation shall be defined, including hard/soft iron aspects TBD.",HFPX-NAV-MAG-001,"REQ-HFPX-SYS-004, REQ-HFPX-FUN-003, SAD DAT/LOG",Sensors,HFPX-NAV-MAG-001 §6,Test,TBD,CONCEPT
REQ-HFPX-NMG-003,"The magnetometer design shall address interference sources, including propulsion and electrical sources TBD.",HFPX-NAV-MAG-001,"REQ-HFPX-SYS-004, REQ-HFPX-FUN-003, SAD DAT/LOG",Sensors,HFPX-NAV-MAG-001 §6,Inspection,TBD,CONCEPT
REQ-HFPX-NMG-004,"The magnetometer requirements shall be verified, with verification method and artefacts TBD.",HFPX-NAV-MAG-001,"REQ-HFPX-SYS-004, REQ-HFPX-FUN-003, SAD DAT/LOG",Sensors,HFPX-NAV-MAG-001 §6,Inspection,TBD,CONCEPT
REQ-HFPX-NSR-001,"The sensor redundancy function shall implement a redundancy approach TBD, including voting and selection behaviour TBD.",HFPX-NAV-RDY-001,"REQ-HFPX-SYS-004, FUN-003",Sensors,HFPX-NAV-RDY-001 §6,Analysis + Test (details TBD),TBD,CONCEPT
REQ-HFPX-NSR-002,"The sensor redundancy function shall comply with independence evidence rules TBD, including CCA hooks TBD.",HFPX-NAV-RDY-001,"REQ-HFPX-SYS-004, FUN-003, SFA/CCA hooks TBD",Sensors,HFPX-NAV-RDY-001 §6,Analysis / Inspection (details TBD),TBD,CONCEPT
REQ-HFPX-NSR-003,The sensor redundancy function shall be verified by means TBD.,HFPX-NAV-RDY-001,"REQ-HFPX-SYS-004, FUN-003",Sensors,HFPX-NAV-RDY-001 §6,Analysis + Test (details TBD),TBD,CONCEPT
REQ-HFPX-NSR-004,The sensor redundancy function shall flow to FTA TBD.,HFPX-NAV-RDY-001,"REQ-HFPX-SYS-004, FUN-003, SFA/CCA hooks TBD",Sensors,HFPX-NAV-RDY-001 §6,Analysis (details TBD),TBD,CONCEPT
REQ-HFPX-NTS-001,"The temperature sensing function shall sense temperature at locations TBD, including air, propulsion, fuel, and avionics locations TBD.",HFPX-NAV-TMP-001,"REQ-HFPX-SYS-004, FUN-003",Sensors,HFPX-NAV-TMP-001 §6,Inspection,TBD,CONCEPT
REQ-HFPX-NTS-002,The temperature sensing function shall meet measurement accuracy requirements TBD.,HFPX-NAV-TMP-001,"REQ-HFPX-SYS-004, FUN-003",Sensors,HFPX-NAV-TMP-001 §6,Test,TBD,CONCEPT
REQ-HFPX-NTS-003,The temperature sensing function shall provide measurements for compensation use TBD.,HFPX-NAV-TMP-001,"REQ-HFPX-SYS-004, FUN-003",Sensors,HFPX-NAV-TMP-001 §6,Inspection,TBD,CONCEPT
REQ-HFPX-NTS-004,The temperature sensing function shall be verified by means TBD.,HFPX-NAV-TMP-001,"REQ-HFPX-SYS-004, FUN-003",Sensors,HFPX-NAV-TMP-001 §6,Inspection,TBD,CONCEPT
REQ-HFPX-MAM-001,"The aerodynamic model shall define lift, drag, and moment table structures versus defined states, with states defined TBD and table values recorded as TBD.",HFPX-SIM-AER-001,SYS-008; ASX tier; ISS-006,Sim,HFPX-SIM-AER-001 §6,Analysis,TBD,CONCEPT
REQ-HFPX-MAM-002,"The programme shall apply an aerodynamic data-source hierarchy of estimate, CFD, tunnel, and flight, with uncertainty recorded as TBD per source.",HFPX-SIM-AER-001,VVP-001; ISS-006; SYS-001,Sim,HFPX-SIM-AER-001 §6,Inspection,TBD,CONCEPT
REQ-HFPX-MAM-003,"The programme shall define aerodynamic interpolation and extrapolation rules, with rules recorded as TBD.",HFPX-SIM-AER-001,VVP-001; ASX tier; ISS-006,Sim,HFPX-SIM-AER-001 §6,Analysis,TBD,CONCEPT
REQ-HFPX-MAM-004,"The programme shall apply an update-on-evidence rule requiring aerodynamic tables and uncertainties to be revised when higher-fidelity evidence becomes available, with revision records TBD.",HFPX-SIM-AER-001,VVP-004; ISS-006; SYS-008,Sim,HFPX-SIM-AER-001 §6,Inspection,TBD,CONCEPT
REQ-HFPX-MAM-005,"The aerodynamic model shall feed the 6-DOF simulation (19.3) as its TBD-valued table consumer, with interface and feed status TBD, such that no capability or feasibility claim rests on unverified aerodynamic data.",HFPX-SIM-AER-001,SYS-001; VVP-004; ISS-006,Sim,HFPX-SIM-AER-001 §6,Analysis,TBD,CONCEPT
REQ-HFPX-MDT-001,"The programme shall define the digital twin scope as an as-built and as-tested mirror; mirrored elements, fidelity, and exclusions TBD.",HFPX-SIM-DTW-001,REQ-HFPX-VVP-001,Sim,HFPX-SIM-DTW-001 §6,Inspection,TBD,CONCEPT
REQ-HFPX-MDT-002,"The programme shall define the flight-data update rule stating when and how flight and ground data update the twin; triggers, data set, and control TBD.",HFPX-SIM-DTW-001,REQ-HFPX-VVP-001,Sim,HFPX-SIM-DTW-001 §6,Inspection,TBD,CONCEPT
REQ-HFPX-MDT-003,"The programme shall limit twin use to advisory and analysis only with no certification credit; permitted uses, prohibited uses, and credit posture TBD.",HFPX-SIM-DTW-001,REQ-HFPX-VVP-001,Sim,HFPX-SIM-DTW-001 §6,Inspection,TBD,CONCEPT
REQ-HFPX-MDT-004,"The programme shall define twin-data ownership covering custody, access, and retention; owner and rules TBD.",HFPX-SIM-DTW-001,REQ-HFPX-VVP-001,Sim,HFPX-SIM-DTW-001 §6,Inspection,TBD,CONCEPT
REQ-HFPX-MEV-001,"The programme shall define the environment-variable inventory covering wind, temperature, and density per Vol 14 and Chapter 06.17 sources; variables, data sets, and validity bounds TBD.",HFPX-SIM-ENV-001,REQ-HFPX-VVP-001,Sim,HFPX-SIM-ENV-001 §6,Inspection,TBD,CONCEPT
REQ-HFPX-MEV-002,The programme shall define the environment-to-envelope flow stating how environment inputs support envelope claims; mapping TBD.,HFPX-SIM-ENV-001,REQ-HFPX-VVP-001,Sim,HFPX-SIM-ENV-001 §6,Analysis,TBD,CONCEPT
REQ-HFPX-MEV-003,"The programme shall apply a validation-by-test rule requiring environment models to be compared to measured data before supporting gate claims; method, data set, and closure rule TBD.",HFPX-SIM-ENV-001,REQ-HFPX-VVP-004,Sim,HFPX-SIM-ENV-001 §6,Test,TBD,CONCEPT
REQ-HFPX-MFC-001,"The flight-control simulation shall implement the control-law, mixing, and allocation implementation under test within the FVV thread, with implementation revision and configuration recorded as TBD.",HFPX-SIM-FCS-001,SYS-001; ASX tier; ISS-006,Sim,HFPX-SIM-FCS-001 §6,Analysis,TBD,CONCEPT
REQ-HFPX-MFC-002,"The flight-control simulation shall define a fault-injection scope exercised against the implementation under test, with injected faults and configurations recorded as TBD.",HFPX-SIM-FCS-001,SYS-008; VVP-001; ISS-006,Sim,HFPX-SIM-FCS-001 §6,Analysis,TBD,CONCEPT
REQ-HFPX-MFC-003,"The flight-control simulation shall define switching-transient checks across mode and allocation switches, with checks and acceptance treatment recorded as TBD.",HFPX-SIM-FCS-001,SYS-008; ASX tier; ISS-006,Sim,HFPX-SIM-FCS-001 §6,Analysis,TBD,CONCEPT
REQ-HFPX-MFC-004,"The programme shall enforce a sim-to-HIL promotion rule stating the entrance conditions for moving a control implementation from simulation to HIL, with conditions TBD per the gated progression.",HFPX-SIM-FCS-001,VVP-004; VVP-001; ISS-006,Sim,HFPX-SIM-FCS-001 §6,Inspection,TBD,CONCEPT
REQ-HFPX-MFC-005,"The programme shall enforce a no-law-credit-before-sim rule such that no control law receives gate credit until its simulation per this chapter is recorded and verified via 19.15 hooks, with credit status TBD.",HFPX-SIM-FCS-001,VVP-004; SYS-001; ISS-006,Sim,HFPX-SIM-FCS-001 §6,Analysis,TBD,CONCEPT
REQ-HFPX-MFS-001,"The programme shall define the injected-failure inventory covering module-out, sensor loss, and link loss; failure cases, injection points, and exclusions TBD.",HFPX-SIM-FSM-001,REQ-HFPX-VVP-001,Sim,HFPX-SIM-FSM-001 §6,Inspection,TBD,CONCEPT
REQ-HFPX-MFS-002,The programme shall define the failure-simulation-to-FTC and failure-simulation-to-FHA flow stating which tolerance and hazard threads receive simulation evidence; mapping TBD.,HFPX-SIM-FSM-001,REQ-HFPX-VVP-001,Sim,HFPX-SIM-FSM-001 §6,Inspection,TBD,CONCEPT
REQ-HFPX-MFS-003,The programme shall define failure-simulation pass and fail rules; verdict criteria and handling of indeterminate outcomes TBD.,HFPX-SIM-FSM-001,REQ-HFPX-VVP-001,Sim,HFPX-SIM-FSM-001 §6,Analysis,TBD,CONCEPT
REQ-HFPX-MFS-004,The programme shall define the unmanned-test correlation rule requiring structured comparison of failure-simulation outcomes to unmanned-test observations; method and closure rule TBD.,HFPX-SIM-FSM-001,REQ-HFPX-VVP-004,Sim,HFPX-SIM-FSM-001 §6,Demonstration,TBD,CONCEPT
REQ-HFPX-MHL-001,"The programme shall define the HIL scope with flight computer and safety computer in the loop; hardware list, interfaces, and simulated counterparts TBD.",HFPX-SIM-HIL-001,REQ-HFPX-VVP-001,Sim,HFPX-SIM-HIL-001 §6,Inspection,TBD,CONCEPT
REQ-HFPX-MHL-002,The programme shall define HIL-to-SIL promotion criteria governing entry to HIL from SIL and re-entry to SIL from HIL; criteria TBD.,HFPX-SIM-HIL-001,REQ-HFPX-VVP-004,Sim,HFPX-SIM-HIL-001 §6,Demonstration,TBD,CONCEPT
REQ-HFPX-MHL-003,"The programme shall define HIL real-time performance criteria; timing bounds, measurement method, and acceptance thresholds TBD.",HFPX-SIM-HIL-001,REQ-HFPX-VVP-001,Sim,HFPX-SIM-HIL-001 §6,Test,TBD,CONCEPT
REQ-HFPX-MHL-004,"The programme shall define the HIL fault-injection scope; injected faults, injection points, and exclusions TBD.",HFPX-SIM-HIL-001,REQ-HFPX-VVP-001,Sim,HFPX-SIM-HIL-001 §6,Inspection,TBD,CONCEPT
REQ-HFPX-MMC-001,"The programme shall define the dispersion-variable inventory covering mass, thrust, aerodynamic, and wind terms; variables, ranges, and distributions TBD.",HFPX-SIM-MTC-001,REQ-HFPX-VVP-001,Sim,HFPX-SIM-MTC-001 §6,Analysis,TBD,CONCEPT
REQ-HFPX-MMC-002,"The programme shall define Monte Carlo sample-size and method criteria; sampling method, size rule, and convergence rule TBD.",HFPX-SIM-MTC-001,REQ-HFPX-VVP-001,Sim,HFPX-SIM-MTC-001 §6,Analysis,TBD,CONCEPT
REQ-HFPX-MMC-003,The programme shall define Monte Carlo success criteria mapping outcome distributions to verdicts; thresholds and handling of edge outcomes TBD.,HFPX-SIM-MTC-001,REQ-HFPX-VVP-001,Sim,HFPX-SIM-MTC-001 §6,Analysis,TBD,CONCEPT
REQ-HFPX-MMC-004,The programme shall define the Monte-Carlo-to-requirement flow stating which requirements Monte Carlo verifies; mapping TBD in the VCRM.,HFPX-SIM-MTC-001,REQ-HFPX-VVP-001,Sim,HFPX-SIM-MTC-001 §6,Inspection,TBD,CONCEPT
REQ-HFPX-MPM-001,"The propulsion model shall define a thrust-response structure comprising steady and transient elements, with structure TBD and values recorded as TBD.",HFPX-SIM-PRP-001,SYS-008; ASX tier; ISS-006,Sim,HFPX-SIM-PRP-001 §6,Analysis,TBD,CONCEPT
REQ-HFPX-MPM-002,"The propulsion model shall expose module-failure injection hooks feeding failure simulation (19.13), with hook definitions and injection scope TBD.",HFPX-SIM-PRP-001,SYS-001; VVP-001; ISS-006,Sim,HFPX-SIM-PRP-001 §6,Inspection,TBD,CONCEPT
REQ-HFPX-MPM-003,"The propulsion model shall define fuel and thermal coupling hooks, with coupled variables and treatment recorded as TBD.",HFPX-SIM-PRP-001,SYS-008; ISS-007; ASX tier,Sim,HFPX-SIM-PRP-001 §6,Inspection,TBD,CONCEPT
REQ-HFPX-MPM-004,"The programme shall apply a propulsion data-source rule requiring thrust-response data to be sourced from bench or rig evidence, with datasets and pedigree recorded as TBD.",HFPX-SIM-PRP-001,VVP-001; ISS-006; SYS-001,Sim,HFPX-SIM-PRP-001 §6,Inspection,TBD,CONCEPT
REQ-HFPX-MPM-005,"The propulsion model shall feed the 6-DOF simulation (19.3) and energy-budget consumers as its TBD-valued supplier, with interfaces and feed status TBD, such that no capability or feasibility claim rests on unverified propulsion data.",HFPX-SIM-PRP-001,SYS-001; VVP-004; ISS-007,Sim,HFPX-SIM-PRP-001 §6,Analysis,TBD,CONCEPT
REQ-HFPX-MSW-001,The programme shall define the SIL scope covering flight laws and models per Chapters 19.3 and 19.8 with supporting models per Chapters 19.2–19.8; versions and configurations TBD.,HFPX-SIM-SIL-001,REQ-HFPX-VVP-001,Sim,HFPX-SIM-SIL-001 §6,Inspection,TBD,CONCEPT
REQ-HFPX-MSW-002,The programme shall define SIL-to-HIL promotion criteria governing progression from SIL to HIL; criteria TBD.,HFPX-SIM-SIL-001,REQ-HFPX-VVP-004,Sim,HFPX-SIM-SIL-001 §6,Demonstration,TBD,CONCEPT
REQ-HFPX-MSW-003,"The programme shall apply a regression-on-change rule requiring re-verification of affected SIL cases after any change to laws, models, or SIL configuration; scope defined per change record, details TBD.",HFPX-SIM-SIL-001,REQ-HFPX-VVP-001,Sim,HFPX-SIM-SIL-001 §6,Analysis,TBD,CONCEPT
REQ-HFPX-MSW-004,"The programme shall define the SIL coverage rule stating required extent of exercising over laws, models, and scenarios; metric and thresholds TBD.",HFPX-SIM-SIL-001,REQ-HFPX-VVP-001,Sim,HFPX-SIM-SIL-001 §6,Analysis,TBD,CONCEPT
REQ-HFPX-MSX-001,"The 6-DOF simulation shall implement the equation structure defined in 06.11, with equation parameters recorded as TBD.",HFPX-SIM-SIX-001,SYS-001; ASX tier; ISS-006,Sim,HFPX-SIM-SIX-001 §6,Analysis,TBD,CONCEPT
REQ-HFPX-MSX-002,"The programme shall enumerate the 6-DOF input-data requirements comprising mass/inertia data TBD, aerodynamic tables TBD via 19.4, thrust maps TBD via 19.5, and environment definitions TBD via 19.14, with values TBD in every family.",HFPX-SIM-SIX-001,SYS-008; ISS-006; ISS-007,Sim,HFPX-SIM-SIX-001 §6,Inspection,TBD,CONCEPT
REQ-HFPX-MSX-003,"The programme shall define the 6-DOF integration-step and solver approach, with numerical method TBD and numerical results TBD.",HFPX-SIM-SIX-001,VVP-001; ASX tier; ISS-006,Sim,HFPX-SIM-SIX-001 §6,Analysis,TBD,CONCEPT
REQ-HFPX-MSX-004,"The programme shall prioritise hover and transition regimes in 6-DOF application before other regimes, with regime definitions and prioritisation records TBD per ISS-006.",HFPX-SIM-SIX-001,SYS-001; ISS-006; VVP-004,Sim,HFPX-SIM-SIX-001 §6,Inspection,TBD,CONCEPT
REQ-HFPX-MSX-005,"The programme shall enforce a no-authority-claim-before-verification rule such that no capability or feasibility claim rests on 6-DOF output until the simulation and each input-data family are verified via 19.15 hooks, with verification status TBD.",HFPX-SIM-SIX-001,VVP-004; VVP-001; ISS-006,Sim,HFPX-SIM-SIX-001 §6,Analysis,TBD,CONCEPT
REQ-HFPX-MSM-001,"The structural model shall define a load-case inventory with Vol 03.13 hooks, with cases, hook definitions, and values recorded as TBD.",HFPX-SIM-STC-001,SYS-008; ASX tier; ISS-006,Sim,HFPX-SIM-STC-001 §6,Inspection,TBD,CONCEPT
REQ-HFPX-MSM-002,"The programme shall define a structural model-fidelity ladder, with levels, applicability, and promotion criteria recorded as TBD.",HFPX-SIM-STC-001,VVP-001; ASX tier; ISS-006,Sim,HFPX-SIM-STC-001 §6,Inspection,TBD,CONCEPT
REQ-HFPX-MSM-003,"The structural model shall feed Volume 03 and system-level simulation (19.2) as its TBD-valued supplier, with interfaces and feed status TBD, such that no capability or feasibility claim rests on unverified structural data.",HFPX-SIM-STC-001,SYS-001; VVP-004; ISS-007,Sim,HFPX-SIM-STC-001 §6,Analysis,TBD,CONCEPT
REQ-HFPX-MST-001,"The programme shall define and maintain a model hierarchy from concept-level through 6-DOF, SIL, HIL, to test correlation, with the fidelity purpose and gate role of each level recorded as TBD per level.",HFPX-SIM-STR-001,VVP-004; SYS-001; ISS-006,Sim,HFPX-SIM-STR-001 §6,Inspection,TBD,CONCEPT
REQ-HFPX-MST-002,"The programme shall assign ownership and versioning discipline for every Volume 19 model, with owner, configuration identifier, and change-control process recorded as TBD per model.",HFPX-SIM-STR-001,VVP-001; VVP-002; ISS-006,Sim,HFPX-SIM-STR-001 §6,Inspection,TBD,CONCEPT
REQ-HFPX-MST-003,"The programme shall enforce a model-use authority rule stating which lifecycle gates each model fidelity is permitted to support, with assignments TBD per fidelity and per gate, such that no capability or feasibility claim rests on an unverified model.",HFPX-SIM-STR-001,VVP-004; SYS-008; ISS-006,Sim,HFPX-SIM-STR-001 §6,Analysis,TBD,CONCEPT
REQ-HFPX-MST-004,"The programme shall define tool-selection criteria for simulation tooling, with criteria TBD, and no tool shall be recorded as selected in this revision.",HFPX-SIM-STR-001,VVP-001; SYS-008; ISS-007,Sim,HFPX-SIM-STR-001 §6,Inspection,TBD,CONCEPT
REQ-HFPX-MSL-001,"The system-level simulation shall define its scope as the set of mission threads derived per CONOPS, with the thread list recorded as TBD.",HFPX-SIM-SYS-001,SYS-001; SYS-008; ISS-006,Sim,HFPX-SIM-SYS-001 §6,Inspection,TBD,CONCEPT
REQ-HFPX-MSL-002,"The system-level simulation shall consume TBD budget tables as constraints and shall flag infeasibility per TBD flagging logic, with tables, values, and thresholds recorded as TBD per ISS-007.",HFPX-SIM-SYS-001,SYS-008; ISS-007; VVP-001,Sim,HFPX-SIM-SYS-001 §6,Analysis,TBD,CONCEPT
REQ-HFPX-MSL-003,"The programme shall define a scenario-coverage rule for the system-level simulation stating which scenarios shall be exercised and how coverage is recorded, with scenarios and recording method TBD.",HFPX-SIM-SYS-001,VVP-001; SYS-001; ISS-006,Sim,HFPX-SIM-SYS-001 §6,Inspection,TBD,CONCEPT
REQ-HFPX-MSL-004,"The programme shall define the verification approach for the system-level simulation itself, with method, cases, and acceptance criteria TBD via 19.15 hooks, such that no capability or feasibility claim rests on the unverified simulation.",HFPX-SIM-SYS-001,VVP-004; VVP-001; ISS-006,Sim,HFPX-SIM-SYS-001 §6,Inspection,TBD,CONCEPT
REQ-HFPX-MTM-001,"The thermal model shall define a heat-source and sink inventory, with entries, groupings, and values recorded as TBD.",HFPX-SIM-THM-001,SYS-008; ASX tier; ISS-006,Sim,HFPX-SIM-THM-001 §6,Inspection,TBD,CONCEPT
REQ-HFPX-MTM-002,The thermal model shall implement a limit-checking function comparing modelled states against TBD limits with TBD disposition logic.,HFPX-SIM-THM-001,SYS-001; VVP-001; ISS-007,Sim,HFPX-SIM-THM-001 §6,Analysis,TBD,CONCEPT
REQ-HFPX-MTM-003,"The thermal model shall feed Volume 14 and system-level simulation (19.2) as its TBD-valued supplier, with interfaces and feed status TBD, such that no capability or feasibility claim rests on unverified thermal data.",HFPX-SIM-THM-001,SYS-008; VVP-004; ISS-006,Sim,HFPX-SIM-THM-001 §6,Analysis,TBD,CONCEPT
REQ-HFPX-MMV-001,"The programme shall define verification-versus-validation for models, stating what each confirms and what evidence each requires; definitions and evidence rules TBD per application.",HFPX-SIM-VER-001,REQ-HFPX-VVP-001,Sim,HFPX-SIM-VER-001 §6,Inspection,TBD,CONCEPT
REQ-HFPX-MMV-002,"The programme shall maintain a verification-case inventory covering each model under Chapters 19.2–19.8 and Chapters 19.12–19.14; cases, coverage, and authority TBD per model.",HFPX-SIM-VER-001,REQ-HFPX-VVP-001,Sim,HFPX-SIM-VER-001 §6,Inspection,TBD,CONCEPT
REQ-HFPX-MMV-003,"The programme shall define the acceptance-tolerance policy for model verification; tolerance-setting method, authority, and per-case values TBD.",HFPX-SIM-VER-001,REQ-HFPX-VVP-001,Sim,HFPX-SIM-VER-001 §6,Analysis,TBD,CONCEPT
REQ-HFPX-MMV-004,The programme shall maintain a verified-model register and permit only registered model revisions to support gate decisions; register mechanism and entry criteria TBD.,HFPX-SIM-VER-001,REQ-HFPX-VVP-004,Sim,HFPX-SIM-VER-001 §6,Demonstration,TBD,CONCEPT
REQ-HFPX-MMV-005,"The programme shall prohibit any gate decision relying on an unregistered model revision; non-compliance handling TBD, consistent with ISS-006 and ISS-007 evidence discipline.",HFPX-SIM-VER-001,REQ-HFPX-VVP-004,Sim,HFPX-SIM-VER-001 §6,Demonstration,TBD,CONCEPT
REQ-HFPX-GCF-001,"The programme shall maintain a defined baseline scheme, with baseline content and approval provisions recorded as TBD at this revision.",HFPX-PGM-CFG-001,REQ-HFPX-PGM-001,Programme,HFPX-PGM-CFG-001 §6,Inspection,TBD,CONCEPT
REQ-HFPX-GCF-002,"The programme shall identify configuration items, with identification rules and item lists recorded as TBD at this revision.",HFPX-PGM-CFG-001,DDR-002,Programme,HFPX-PGM-CFG-001 §6,Inspection,TBD,CONCEPT
REQ-HFPX-GCF-003,"The programme shall control baseline changes so that no baselined item is silently changed; each change identifies affected requirements, subsystems, interfaces and evidence.",HFPX-PGM-CFG-001,REQ-HFPX-PGM-012,Programme,HFPX-PGM-CFG-001 §6,Demonstration,TBD,CONCEPT
REQ-HFPX-GCF-004,"The programme shall maintain configuration status accounting, with records and reporting provisions recorded as TBD at this revision.",HFPX-PGM-CFG-001,REQ-HFPX-PGM-002,Programme,HFPX-PGM-CFG-001 §6,Inspection,TBD,CONCEPT
REQ-HFPX-GCH-001,"The programme shall record each change in a change record addressing prompt §31 items 1–10, with field definitions recorded as TBD at this revision.",HFPX-PGM-CHG-001,REQ-HFPX-PGM-012,Programme,HFPX-PGM-CHG-001 §6,Inspection,TBD,CONCEPT
REQ-HFPX-GCH-002,"The programme shall decide changes through a defined change authority, with composition and approval thresholds recorded as TBD at this revision.",HFPX-PGM-CHG-001,REQ-HFPX-PGM-012,Programme,HFPX-PGM-CHG-001 §6,Inspection,TBD,CONCEPT
REQ-HFPX-GCH-003,"The programme shall control emergency changes through a defined expedited rule, with conditions and retrospective provisions recorded as TBD at this revision.",HFPX-PGM-CHG-001,REQ-HFPX-PGM-012,Programme,HFPX-PGM-CHG-001 §6,Demonstration,TBD,CONCEPT
REQ-HFPX-GCH-004,"The programme shall flow each approved change through to affected requirements, design, interfaces and evidence, with completion verified before baseline update.",HFPX-PGM-CHG-001,REQ-HFPX-PGM-002,Programme,HFPX-PGM-CHG-001 §6,Demonstration,TBD,CONCEPT
REQ-HFPX-GDC-001,The programme shall identify controlled documents using the scheme HFPX-<DOMAIN>-<TYPE>-<NNN>.,HFPX-PGM-DOC-001,DDR-003,Programme,HFPX-PGM-DOC-001 §6,Inspection,TBD,CONCEPT
REQ-HFPX-GDC-002,"The programme shall author controlled documents against the controlled template structure, with compliance verified at each applicable gate.",HFPX-PGM-DOC-001,REQ-HFPX-PGM-001,Programme,HFPX-PGM-DOC-001 §6,Inspection,TBD,CONCEPT
REQ-HFPX-GDC-003,"The programme shall control document review and approval through a defined workflow, with roles and sequencing recorded as TBD at this revision.",HFPX-PGM-DOC-001,REQ-HFPX-PGM-004,Programme,HFPX-PGM-DOC-001 §6,Inspection,TBD,CONCEPT
REQ-HFPX-GDC-004,"The programme shall retain controlled documents under defined retention provisions, recorded as TBD at this revision.",HFPX-PGM-DOC-001,REQ-HFPX-PGM-004,Programme,HFPX-PGM-DOC-001 §6,Inspection,TBD,CONCEPT
REQ-HFPX-GED-001,"The programme shall record each significant decision as a DDR addressing the prompt §21 fields, with field definitions recorded as TBD at this revision.",HFPX-PGM-EDR-001,REQ-HFPX-PGM-014,Programme,HFPX-PGM-EDR-001 §6,Inspection,TBD,CONCEPT
REQ-HFPX-GED-002,The programme shall never rewrite a recorded DDR; a contradictory or superseding decision shall be recorded as a new DDR referencing its predecessor.,HFPX-PGM-EDR-001,REQ-HFPX-PGM-014,Programme,HFPX-PGM-EDR-001 §6,Inspection,TBD,CONCEPT
REQ-HFPX-GED-003,The programme shall link each DDR to affected requirements in the RTM.,HFPX-PGM-EDR-001,REQ-HFPX-PGM-002,Programme,HFPX-PGM-EDR-001 §6,Inspection,TBD,CONCEPT
REQ-HFPX-GED-004,The programme shall track revisit conditions for each DDR and assess them at applicable gates.,HFPX-PGM-EDR-001,REQ-HFPX-PGM-014,Programme,HFPX-PGM-EDR-001 §6,Inspection,TBD,CONCEPT
REQ-HFPX-GAT-001,"The programme shall define each development phase, with purpose and expected artefacts recorded as TBD at this revision.",HFPX-PGM-GAT-001,REQ-HFPX-PGM-003,Programme,HFPX-PGM-GAT-001 §6,Inspection,TBD,CONCEPT
REQ-HFPX-GAT-002,"The programme shall sequence formal gates as SRR, PDR, CDR, TRR, FCA, PCA, FRR, PRR, ORR.",HFPX-PGM-GAT-001,REQ-HFPX-PGM-003,Programme,HFPX-PGM-GAT-001 §6,Inspection,TBD,CONCEPT
REQ-HFPX-GAT-003,The programme shall prohibit gate skipping; progression to human-carrying flight activity shall pass through each applicable gate in sequence.,HFPX-PGM-GAT-001,REQ-HFPX-PGM-003,Programme,HFPX-PGM-GAT-001 §6,Demonstration,TBD,CONCEPT
REQ-HFPX-GAT-004,The programme shall enforce a phase-entry rule such that a phase is entered only when the preceding gate decision and entry conditions are satisfied.,HFPX-PGM-GAT-001,REQ-HFPX-PGM-003,Programme,HFPX-PGM-GAT-001 §6,Inspection,TBD,CONCEPT
REQ-HFPX-GOV-001,"The programme shall define and maintain a programme authority structure, with accountabilities at each level recorded as TBD at this revision.",HFPX-PGM-GOV-001,REQ-HFPX-PGM-001,Programme,HFPX-PGM-GOV-001 §6,Inspection,TBD,CONCEPT
REQ-HFPX-GOV-002,"The programme shall define decision rights for baseline approval, gate passage, change approval and safety matters, recorded as TBD at this revision.",HFPX-PGM-GOV-001,REQ-HFPX-PGM-004,Programme,HFPX-PGM-GOV-001 §6,Inspection,TBD,CONCEPT
REQ-HFPX-GOV-003,"The programme shall define a governance board cadence, including convening criteria and quorum rules, recorded as TBD at this revision.",HFPX-PGM-GOV-001,REQ-HFPX-PGM-001,Programme,HFPX-PGM-GOV-001 §6,Inspection,TBD,CONCEPT
REQ-HFPX-GOV-004,"The programme shall define an escalation path from working level to programme authority, including entry conditions and time expectations recorded as TBD at this revision.",HFPX-PGM-GOV-001,REQ-HFPX-PGM-003,Programme,HFPX-PGM-GOV-001 §6,Inspection,TBD,CONCEPT
REQ-HFPX-GIF-001,"The programme shall maintain interface register ownership with defined custodianship and update provisions, recorded as TBD at this revision.",HFPX-PGM-IFM-001,REQ-HFPX-PGM-002,Programme,HFPX-PGM-IFM-001 §6,Inspection,TBD,CONCEPT
REQ-HFPX-GIF-002,"The programme shall place interfaces under interface control documentation before CDR, with document scope and approval provisions recorded as TBD at this revision.",HFPX-PGM-IFM-001,REQ-HFPX-PGM-003,Programme,HFPX-PGM-IFM-001 §6,Inspection,TBD,CONCEPT
REQ-HFPX-GIF-003,The programme shall control interface changes so that no baselined interface is changed without an approved change record assessing both sides of the interface.,HFPX-PGM-IFM-001,REQ-HFPX-PGM-012,Programme,HFPX-PGM-IFM-001 §6,Demonstration,TBD,CONCEPT
REQ-HFPX-GIF-004,"The programme shall verify interfaces against their control documentation, with verification methods and acceptance provisions recorded as TBD at this revision.",HFPX-PGM-IFM-001,REQ-HFPX-PGM-002,Programme,HFPX-PGM-IFM-001 §6,Inspection,TBD,CONCEPT
REQ-HFPX-GLF-001,"The programme shall implement a V-model lifecycle covering needs, requirements, architecture, design, implementation, integration, verification, validation, certification, production, operation and sustainment.",HFPX-PGM-LIF-001,REQ-HFPX-PGM-003,Programme,HFPX-PGM-LIF-001 §6,Inspection,TBD,CONCEPT
REQ-HFPX-GLF-002,The programme shall maintain a parallel demonstrator lifecycle that follows the same V-model discipline while keeping demonstrator baselines separate from production baselines.,HFPX-PGM-LIF-001,REQ-HFPX-PGM-005,Programme,HFPX-PGM-LIF-001 §6,Inspection,TBD,CONCEPT
REQ-HFPX-GLF-003,"The programme shall define a lifecycle-tailoring rule governing how lifecycle application may be adapted without weakening gates, traceability or safety independence.",HFPX-PGM-LIF-001,REQ-HFPX-PGM-004,Programme,HFPX-PGM-LIF-001 §6,Inspection,TBD,CONCEPT
REQ-HFPX-GLF-004,The programme shall enforce a phase-exit rule such that a phase is exited only when its exit conditions and gate actions are satisfied.,HFPX-PGM-LIF-001,REQ-HFPX-PGM-003,Programme,HFPX-PGM-LIF-001 §6,Inspection,TBD,CONCEPT
REQ-HFPX-ORG-001,"The programme shall define programme roles and responsibilities, including Chief Engineer, Safety, V&V and Configuration roles, with holders recorded as TBD at this revision.",HFPX-PGM-ORG-001,REQ-HFPX-PGM-001,Programme,HFPX-PGM-ORG-001 §6,Inspection,TBD,CONCEPT
REQ-HFPX-ORG-002,"The programme shall maintain a RACI assignment for governance decisions, gate decisions, baseline changes and safety matters, recorded as TBD at this revision.",HFPX-PGM-ORG-001,REQ-HFPX-PGM-001,Programme,HFPX-PGM-ORG-001 §6,Inspection,TBD,CONCEPT
REQ-HFPX-ORG-003,"The programme shall define staffing needs for each programme phase, recorded as TBD at this revision.",HFPX-PGM-ORG-001,REQ-HFPX-PGM-004,Programme,HFPX-PGM-ORG-001 §6,Inspection,TBD,CONCEPT
REQ-HFPX-ORG-004,"The programme shall define competency expectations for safety-critical, V&V and configuration roles, recorded as TBD at this revision.",HFPX-PGM-ORG-001,REQ-HFPX-PGM-004,Programme,HFPX-PGM-ORG-001 §6,Inspection,TBD,CONCEPT
REQ-HFPX-GRV-001,"The programme shall define entrance and exit criteria structure for each gate among SRR, PDR, CDR, TRR, FCA, PCA, FRR, PRR and ORR, with criteria values recorded as TBD at this revision.",HFPX-PGM-REV-001,REQ-HFPX-PGM-013,Programme,HFPX-PGM-REV-001 §6,Inspection,TBD,CONCEPT
REQ-HFPX-GRV-002,"The programme shall define required documents for each gate, with document lists recorded as TBD at this revision.",HFPX-PGM-REV-001,REQ-HFPX-PGM-013,Programme,HFPX-PGM-REV-001 §6,Inspection,TBD,CONCEPT
REQ-HFPX-GRV-003,"The programme shall record gate objectives, decision criteria and resulting actions for each gate held.",HFPX-PGM-REV-001,REQ-HFPX-PGM-003,Programme,HFPX-PGM-REV-001 §6,Inspection,TBD,CONCEPT
REQ-HFPX-GRV-004,"The programme shall close gate actions through defined action-closure provisions before the dependent phase proceeds, with provisions recorded as TBD at this revision.",HFPX-PGM-REV-001,REQ-HFPX-PGM-003,Programme,HFPX-PGM-REV-001 §6,Demonstration,TBD,CONCEPT
REQ-HFPX-GRV-005,The programme shall prohibit gate waivers; any proposal to bypass a gate or its criteria shall be treated as a change requiring full assessment and authority decision.,HFPX-PGM-REV-001,REQ-HFPX-PGM-003,Programme,HFPX-PGM-REV-001 §6,Demonstration,TBD,CONCEPT
REQ-HFPX-GRQ-001,"The programme shall author requirements with defined attributes structured according to ISO/IEC/IEEE 29148, with attribute set and quality rules recorded as TBD at this revision.",HFPX-PGM-RQM-001,REQ-HFPX-PGM-010,Programme,HFPX-PGM-RQM-001 §6,Inspection,TBD,CONCEPT
REQ-HFPX-GRQ-002,The programme shall maintain RTM coverage such that progression past each gate requires full traceability of major requirements through design to verification provisions.,HFPX-PGM-RQM-001,REQ-HFPX-PGM-002,Programme,HFPX-PGM-RQM-001 §6,Inspection,TBD,CONCEPT
REQ-HFPX-GRQ-003,"The programme shall control requirement changes so that no baselined requirement is changed without an approved change record identifying affected requirements, subsystems, interfaces and evidence.",HFPX-PGM-RQM-001,REQ-HFPX-PGM-012,Programme,HFPX-PGM-RQM-001 §6,Demonstration,TBD,CONCEPT
REQ-HFPX-GRQ-004,"The programme shall define requirements-management tooling, with tool selection and usage provisions recorded as TBD at this revision.",HFPX-PGM-RQM-001,REQ-HFPX-PGM-002,Programme,HFPX-PGM-RQM-001 §6,Inspection,TBD,CONCEPT
REQ-HFPX-GRK-001,"The programme shall manage risks through a defined process of identify, analyse, mitigate and track.",HFPX-PGM-RSK-001,REQ-HFPX-PGM-001,Programme,HFPX-PGM-RSK-001 §6,Inspection,TBD,CONCEPT
REQ-HFPX-GRK-002,"The programme shall maintain a risk register with a defined schema covering identification, cause, effect, severity, probability, mitigation, owner and status.",HFPX-PGM-RSK-001,REQ-HFPX-PGM-002,Programme,HFPX-PGM-RSK-001 §6,Inspection,TBD,CONCEPT
REQ-HFPX-GRK-003,"The programme shall review risks at a defined cadence, with timing and participation recorded as TBD at this revision.",HFPX-PGM-RSK-001,REQ-HFPX-PGM-001,Programme,HFPX-PGM-RSK-001 §6,Inspection,TBD,CONCEPT
REQ-HFPX-GRK-004,"The programme shall escalate risks meeting defined conditions along the governance escalation path, with thresholds recorded as TBD at this revision.",HFPX-PGM-RSK-001,REQ-HFPX-PGM-003,Programme,HFPX-PGM-RSK-001 §6,Inspection,TBD,CONCEPT
REQ-HFPX-GRK-005,"The programme shall handle opportunities through identification, assessment and action tracking, with provisions recorded as TBD at this revision.",HFPX-PGM-RSK-001,REQ-HFPX-PGM-004,Programme,HFPX-PGM-RSK-001 §6,Inspection,TBD,CONCEPT
REQ-HFPX-GSP-001,"The programme shall define supplier requirements, with scope and flow-down provisions recorded as TBD at this revision.",HFPX-PGM-SUP-001,REQ-HFPX-PGM-001,Programme,HFPX-PGM-SUP-001 §6,Inspection,TBD,CONCEPT
REQ-HFPX-GSP-002,"The programme shall subject supplied items to incoming-inspection provisions linked to Vol 28.3, with acceptance criteria recorded as TBD at this revision.",HFPX-PGM-SUP-001,REQ-HFPX-PGM-002,Programme,HFPX-PGM-SUP-001 §6,Inspection,TBD,CONCEPT
REQ-HFPX-GSP-003,"The programme shall apply supplier-quality provisions linked to Vol 28.8, with oversight and evidence provisions recorded as TBD at this revision.",HFPX-PGM-SUP-001,REQ-HFPX-PGM-004,Programme,HFPX-PGM-SUP-001 §6,Inspection,TBD,CONCEPT
REQ-HFPX-GSP-004,"The programme shall control non-conforming supplied items through a defined non-conformance flow, with disposition provisions recorded as TBD at this revision.",HFPX-PGM-SUP-001,REQ-HFPX-PGM-012,Programme,HFPX-PGM-SUP-001 §6,Demonstration,TBD,CONCEPT
REQ-HFPX-GTD-001,"The programme shall define technical data classes, with class definitions and handling provisions recorded as TBD at this revision.",HFPX-PGM-TDM-001,REQ-HFPX-PGM-001,Programme,HFPX-PGM-TDM-001 §6,Inspection,TBD,CONCEPT
REQ-HFPX-GTD-002,"The programme shall control CAD and drawing data through provisions linked to Vol 29, with control details recorded as TBD at this revision.",HFPX-PGM-TDM-001,REQ-HFPX-PGM-001,Programme,HFPX-PGM-TDM-001 §6,Inspection,TBD,CONCEPT
REQ-HFPX-GTD-003,"The programme shall control technical-data access and protection, with provisions recorded as TBD at this revision.",HFPX-PGM-TDM-001,REQ-HFPX-PGM-004,Programme,HFPX-PGM-TDM-001 §6,Inspection,TBD,CONCEPT
REQ-HFPX-GTD-004,"The programme shall retain technical data under defined retention provisions, recorded as TBD at this revision.",HFPX-PGM-TDM-001,REQ-HFPX-PGM-004,Programme,HFPX-PGM-TDM-001 §6,Inspection,TBD,CONCEPT
REQ-HFPX-SAR-001,"The airframe structural decomposition shall be defined, identifying primary, secondary, and interface structures with ownership boundaries.",HFPX-STR-ARC-001,SYS tier via SAD physical view,Airframe,HFPX-STR-ARC-001 §6,Inspection,TBD,CONCEPT
REQ-HFPX-SAR-002,Each structural load path shall have a defined owner and interface points recorded in the interface register.,HFPX-STR-ARC-001,SYS tier via SAD physical view,Airframe,HFPX-STR-ARC-001 §6,Inspection,TBD,CONCEPT
REQ-HFPX-SAR-003,The airframe concept selection shall use the ISS-004 trade outcome as a recorded input.,HFPX-STR-ARC-001,SYS tier via SAD physical view,Airframe,HFPX-STR-ARC-001 §6,Inspection,TBD,CONCEPT
REQ-HFPX-SAR-004,All airframe structural interfaces shall be captured in the interface register.,HFPX-STR-ARC-001,SYS tier via SAD physical view,Airframe,HFPX-STR-ARC-001 §6,Inspection,TBD,CONCEPT
REQ-HFPX-SAR-005,Airframe architecture completeness shall be verified by review against SYS-tier parents and subordinate chapter coverage.,HFPX-STR-ARC-001,SYS tier via SAD physical view,Airframe,HFPX-STR-ARC-001 §6,Inspection,TBD,CONCEPT
REQ-HFPX-SCP-001,"The programme shall define composite-structure applications as an enumerated list, with each entry and its allocation recorded as TBD.",HFPX-STR-CMP-001,SYS-001; SAR tier (IDs TBD),Airframe,HFPX-STR-CMP-001 §6,Inspection,TBD,CONCEPT
REQ-HFPX-SCP-002,"The programme shall define composite allowables and building-block practice, with test levels, methods, and values recorded as TBD.",HFPX-STR-CMP-001,SDP tier (IDs TBD); VVP-001,Airframe,HFPX-STR-CMP-001 §6,Analysis,TBD,CONCEPT
REQ-HFPX-SCP-003,"The programme shall define the composite manufacturing interface per Vol 20.5 hooks, with process controls, interfaces, and acceptance discipline recorded as TBD.",HFPX-STR-CMP-001,SAR tier (IDs TBD); Vol 20.5 (IDs TBD),Airframe,HFPX-STR-CMP-001 §6,Inspection,TBD,CONCEPT
REQ-HFPX-SCP-004,"Composite structures shall be verified by defined analysis and test threads, with methods, cases, and correlation discipline recorded as TBD per the VVP thread and Vol 19 model hooks.",HFPX-STR-CMP-001,VVP-001; VVP-004; Vol 19 hooks (IDs TBD),Airframe,HFPX-STR-CMP-001 §6,Analysis + Test,TBD,CONCEPT
REQ-HFPX-SDT-001,"The programme shall define damage scenarios as an enumerated list, with each scenario definition recorded as TBD.",HFPX-STR-DTL-001,SYS-001; SAR tier (IDs TBD),Airframe,HFPX-STR-DTL-001 §6,Inspection,TBD,CONCEPT
REQ-HFPX-SDT-002,"The programme shall define residual-strength analysis practice for prescribed damage, with methods and results recorded as TBD.",HFPX-STR-DTL-001,SDP tier (IDs TBD); Vol 19 hooks (IDs TBD),Airframe,HFPX-STR-DTL-001 §6,Analysis,TBD,CONCEPT
REQ-HFPX-SDT-003,"The programme shall define the detectability rule linking each damage scenario to its detection means and timing, with criteria and provisions recorded as TBD.",HFPX-STR-DTL-001,SAR tier (IDs TBD); SDP tier (IDs TBD),Airframe,HFPX-STR-DTL-001 §6,Inspection,TBD,CONCEPT
REQ-HFPX-SDT-004,"Damage-tolerance findings shall be verified by defined analysis and test threads, with methods, cases, and status recorded as TBD per the VVP thread.",HFPX-STR-DTL-001,VVP-001; VVP-004,Airframe,HFPX-STR-DTL-001 §6,Analysis + Test,TBD,CONCEPT
REQ-HFPX-SDN-001,"The programme shall define modal-analysis ownership, with owners, model fidelity, and status recorded as TBD.",HFPX-STR-DYN-001,SAR tier (IDs TBD); Vol 19 hooks (IDs TBD),Airframe,HFPX-STR-DYN-001 §6,Inspection,TBD,CONCEPT
REQ-HFPX-SDN-002,"The programme shall define FCS-coupling and flutter considerations per Vol 07 hooks, with scope, criteria, and treatment recorded as TBD.",HFPX-STR-DYN-001,SYS-002; Vol 07 (IDs TBD),Airframe,HFPX-STR-DYN-001 §6,Analysis,TBD,CONCEPT
REQ-HFPX-SDN-003,"The programme shall define ground-vibration-test hooks, with test scope, article requirements, and data-use discipline recorded as TBD.",HFPX-STR-DYN-001,VVP-001; VVP-004,Airframe,HFPX-STR-DYN-001 §6,Inspection,TBD,CONCEPT
REQ-HFPX-SDN-004,"Structural-dynamics behaviour shall be verified by defined analysis and test threads, with methods, cases, and status recorded as TBD per the VVP thread.",HFPX-STR-DYN-001,VVP-001; VVP-004; Vol 19 hooks (IDs TBD),Airframe,HFPX-STR-DYN-001 §6,Analysis + Test,TBD,CONCEPT
REQ-HFPX-SFS-001,The joint classes applied to airframe structure shall be defined and recorded.,HFPX-STR-FST-001,SYS tier via SAD physical view,Airframe,HFPX-STR-FST-001 §6,Inspection,TBD,CONCEPT
REQ-HFPX-SFS-002,"The substantiation practice for each joint class shall be defined, linking analysis and test methodology.",HFPX-STR-FST-001,SYS tier via SAD physical view,Airframe,HFPX-STR-FST-001 §6,Inspection,TBD,CONCEPT
REQ-HFPX-SFS-003,Inspection provisions for joints shall be identified and recorded.,HFPX-STR-FST-001,SYS tier via SAD physical view,Airframe,HFPX-STR-FST-001 §6,Inspection,TBD,CONCEPT
REQ-HFPX-SFS-004,"Verification of fasteners and joints shall be defined, linking analysis, inspection, and test methodology.",HFPX-STR-FST-001,SYS tier via SAD physical view,Airframe,HFPX-STR-FST-001 §6,Inspection,TBD,CONCEPT
REQ-HFPX-SFT-001,"The programme shall define fatigue spectra, with spectrum definitions, sources, and values recorded as TBD.",HFPX-STR-FTG-001,SYS-001; Vol 19 hooks (IDs TBD),Airframe,HFPX-STR-FTG-001 §6,Analysis,TBD,CONCEPT
REQ-HFPX-SFT-002,"The programme shall define fatigue life-analysis practice, with methods, scatter treatment, and results recorded as TBD.",HFPX-STR-FTG-001,SDP tier (IDs TBD); VVP-001,Airframe,HFPX-STR-FTG-001 §6,Analysis,TBD,CONCEPT
REQ-HFPX-SFT-003,"The programme shall define inspection-interval hooks to Vol 27.9 arising from fatigue findings, with hook definitions and intervals recorded as TBD.",HFPX-STR-FTG-001,SAR tier (IDs TBD); Vol 27.9 (IDs TBD),Airframe,HFPX-STR-FTG-001 §6,Inspection,TBD,CONCEPT
REQ-HFPX-SFT-004,"Fatigue lives and intervals shall be verified by defined analysis and test threads, with methods, cases, and status recorded as TBD per the VVP thread.",HFPX-STR-FTG-001,VVP-001; VVP-004,Airframe,HFPX-STR-FTG-001 §6,Analysis + Test,TBD,CONCEPT
REQ-HFPX-SLG-001,The landing-load cases governing landing structure shall be identified and recorded.,HFPX-STR-LGH-001,SYS tier via SAD physical view; Vol 06 loads inputs TBD,Airframe,HFPX-STR-LGH-001 §6,Inspection,TBD,CONCEPT
REQ-HFPX-SLG-002,The ground-handling interfaces for landing / ground-handling structure shall be identified and recorded.,HFPX-STR-LGH-001,SYS tier via SAD physical view,Airframe,HFPX-STR-LGH-001 §6,Inspection,TBD,CONCEPT
REQ-HFPX-SLG-003,Tip-over and ground-stability behaviour shall be addressed by defined analysis methodology.,HFPX-STR-LGH-001,SYS tier via SAD physical view,Airframe,HFPX-STR-LGH-001 §6,Inspection,TBD,CONCEPT
REQ-HFPX-SLG-004,"Verification of landing / ground-handling structure shall be defined, linking analysis and test methodology.",HFPX-STR-LGH-001,SYS tier via SAD physical view,Airframe,HFPX-STR-LGH-001 §6,Inspection,TBD,CONCEPT
REQ-HFPX-SLD-001,"The programme shall define the structural load-case inventory covering flight, ground, pilot, propulsion, and thermal cases, with each case definition recorded as TBD.",HFPX-STR-LOD-001,SYS-001; SAR tier (IDs TBD),Airframe,HFPX-STR-LOD-001 §6,Inspection,TBD,CONCEPT
REQ-HFPX-SLD-002,"The programme shall apply a load-source hierarchy of estimate, CFD, tunnel, and flight, with source designation and uncertainty recorded as TBD per load case.",HFPX-STR-LOD-001,VVP-001; Vol 06 hooks (IDs TBD),Airframe,HFPX-STR-LOD-001 §6,Inspection,TBD,CONCEPT
REQ-HFPX-SLD-003,"The programme shall define the loads-to-analysis feed to strength, fatigue, and damage-tolerance consumers, with interface, configuration reference, and feed status recorded as TBD.",HFPX-STR-LOD-001,SDP tier (IDs TBD); Vol 19 hooks (IDs TBD),Airframe,HFPX-STR-LOD-001 §6,Analysis,TBD,CONCEPT
REQ-HFPX-SLD-004,"The programme shall apply a loads-update rule requiring load cases and uncertainties to be revised when higher-fidelity evidence becomes available, with revision records TBD.",HFPX-STR-LOD-001,VVP-004; SDP tier (IDs TBD),Airframe,HFPX-STR-LOD-001 §6,Inspection,TBD,CONCEPT
REQ-HFPX-SLD-005,"Structural loads used for any sizing or margin claim shall rest on verified loads evidence per the VVP thread, with verification status TBD and no load factor baselined in this revision.",HFPX-STR-LOD-001,VVP-001; VVP-004,Airframe,HFPX-STR-LOD-001 §6,Analysis,TBD,CONCEPT
REQ-HFPX-SMT-001,"The material classes applicable to airframe structure shall be identified and recorded, with no material selections made at this revision.",HFPX-STR-MAT-001,SYS tier via SAD physical view,Airframe,HFPX-STR-MAT-001 §6,Inspection,TBD,CONCEPT
REQ-HFPX-SMT-002,The allowable-data source rule governing design values shall be defined and recorded.,HFPX-STR-MAT-001,SYS tier via SAD physical view,Airframe,HFPX-STR-MAT-001 §6,Inspection,TBD,CONCEPT
REQ-HFPX-SMT-003,Process-control hooks linking material use to Volume 20.12 provisions shall be identified and recorded.,HFPX-STR-MAT-001,SYS tier via SAD physical view,Airframe,HFPX-STR-MAT-001 §6,Inspection,TBD,CONCEPT
REQ-HFPX-SMT-004,"Verification of materials provisions shall be defined, linking review and test methodology.",HFPX-STR-MAT-001,SYS tier via SAD physical view,Airframe,HFPX-STR-MAT-001 §6,Inspection,TBD,CONCEPT
REQ-HFPX-SMD-001,"The programme shall define metallic-structure applications as an enumerated list, with each entry and its allocation recorded as TBD.",HFPX-STR-MET-001,SYS-001; SAR tier (IDs TBD),Airframe,HFPX-STR-MET-001 §6,Inspection,TBD,CONCEPT
REQ-HFPX-SMD-002,"The programme shall define metallic allowables, with test basis, statistical treatment, and values recorded as TBD.",HFPX-STR-MET-001,SDP tier (IDs TBD); VVP-001,Airframe,HFPX-STR-MET-001 §6,Analysis,TBD,CONCEPT
REQ-HFPX-SMD-003,"The programme shall define corrosion-protection provisions for metallic structure, with treatments, interfaces, and maintenance provisions recorded as TBD.",HFPX-STR-MET-001,SAR tier (IDs TBD); SDP tier (IDs TBD),Airframe,HFPX-STR-MET-001 §6,Inspection,TBD,CONCEPT
REQ-HFPX-SMD-004,"Metallic structures shall be verified by defined analysis and test threads, with methods, cases, and correlation discipline recorded as TBD per the VVP thread and Vol 19 model hooks.",HFPX-STR-MET-001,VVP-001; VVP-004; Vol 19 hooks (IDs TBD),Airframe,HFPX-STR-MET-001 §6,Analysis + Test,TBD,CONCEPT
REQ-HFPX-SDP-001,"The structural design approach with respect to safe-life, fail-safe, and damage-tolerance principles shall be defined and recorded.",HFPX-STR-PHI-001,SYS tier via SAD physical view,Airframe,HFPX-STR-PHI-001 §6,Inspection,TBD,CONCEPT
REQ-HFPX-SDP-002,The policy for factors and margins applied in structural substantiation shall be defined and recorded.,HFPX-STR-PHI-001,SYS tier via SAD physical view,Airframe,HFPX-STR-PHI-001 §6,Inspection,TBD,CONCEPT
REQ-HFPX-SDP-003,An approval gate for the structural design philosophy shall be defined and recorded.,HFPX-STR-PHI-001,SYS tier via SAD physical view,Airframe,HFPX-STR-PHI-001 §6,Inspection,TBD,CONCEPT
REQ-HFPX-SDP-004,"The flow from philosophy to structural analysis activities shall be defined, linking this philosophy to Chapters 03.13–03.20.",HFPX-STR-PHI-001,SYS tier via SAD physical view,Airframe,HFPX-STR-PHI-001 §6,Inspection,TBD,CONCEPT
REQ-HFPX-SPL-001,The pilot-load paths shall be identified and recorded.,HFPX-STR-PLB-001,SYS tier via SAD physical view,Airframe,HFPX-STR-PLB-001 §6,Inspection,TBD,CONCEPT
REQ-HFPX-SPL-002,The restraint interface between pilot load-bearing structure and Volumes 12.3 and 12.4 equipment shall be identified and recorded.,HFPX-STR-PLB-001,SYS tier via SAD physical view,Airframe,HFPX-STR-PLB-001 §6,Inspection,TBD,CONCEPT
REQ-HFPX-SPL-003,The load-factor policy applicable to pilot load-bearing structure shall be defined and recorded.,HFPX-STR-PLB-001,SYS tier via SAD physical view,Airframe,HFPX-STR-PLB-001 §6,Inspection,TBD,CONCEPT
REQ-HFPX-SPL-004,"Verification of pilot load-bearing structure shall be defined, linking analysis and test methodology.",HFPX-STR-PLB-001,SYS tier via SAD physical view,Airframe,HFPX-STR-PLB-001 §6,Inspection,TBD,CONCEPT
REQ-HFPX-SPM-001,"The propulsion mount locations, including arm, rear, and ankle mounts, shall be identified and recorded.",HFPX-STR-PMS-001,SYS tier via SAD physical view,Airframe,HFPX-STR-PMS-001 §6,Inspection,TBD,CONCEPT
REQ-HFPX-SPM-002,The thrust and vibration interface between each mount and Volume 04 propulsion equipment shall be identified and recorded.,HFPX-STR-PMS-001,SYS tier via SAD physical view,Airframe,HFPX-STR-PMS-001 §6,Inspection,TBD,CONCEPT
REQ-HFPX-SPM-003,The thermal interface between each mount and Volume 14 thermal provisions shall be identified and recorded.,HFPX-STR-PMS-001,SYS tier via SAD physical view,Airframe,HFPX-STR-PMS-001 §6,Inspection,TBD,CONCEPT
REQ-HFPX-SPM-004,"Verification of propulsion mounting structures shall be defined, linking analysis and test methodology.",HFPX-STR-PMS-001,SYS tier via SAD physical view,Airframe,HFPX-STR-PMS-001 §6,Inspection,TBD,CONCEPT
REQ-HFPX-SPS-001,The primary structural items shall be identified and recorded.,HFPX-STR-PRI-001,SYS tier via SAD physical view,Airframe,HFPX-STR-PRI-001 §6,Inspection,TBD,CONCEPT
REQ-HFPX-SPS-002,"The load cases governing primary structure shall be identified, consistent with Chapter 03.13.",HFPX-STR-PRI-001,SYS tier via SAD physical view; Vol 06 loads inputs TBD,Airframe,HFPX-STR-PRI-001 §6,Inspection,TBD,CONCEPT
REQ-HFPX-SPS-003,"Analysis ownership for primary structure, including FEA ownership, shall be defined and recorded.",HFPX-STR-PRI-001,SYS tier via SAD physical view,Airframe,HFPX-STR-PRI-001 §6,Inspection,TBD,CONCEPT
REQ-HFPX-SPS-004,"Verification of primary structure shall be defined, linking analysis and test methodology.",HFPX-STR-PRI-001,SYS tier via SAD physical view,Airframe,HFPX-STR-PRI-001 §6,Inspection,TBD,CONCEPT
REQ-HFPX-SSS-001,The secondary structural items shall be identified and recorded.,HFPX-STR-SEC-001,SYS tier via SAD physical view,Airframe,HFPX-STR-SEC-001 §6,Inspection,TBD,CONCEPT
REQ-HFPX-SSS-002,A failure-consequence rule confirming secondary classification shall be defined and applied to each secondary item.,HFPX-STR-SEC-001,SYS tier via SAD physical view,Airframe,HFPX-STR-SEC-001 §6,Inspection,TBD,CONCEPT
REQ-HFPX-SSS-003,Inspection provisions for secondary structure shall be identified and recorded.,HFPX-STR-SEC-001,SYS tier via SAD physical view,Airframe,HFPX-STR-SEC-001 §6,Inspection,TBD,CONCEPT
REQ-HFPX-SSS-004,"Verification of secondary structure shall be defined, linking analysis and inspection methodology.",HFPX-STR-SEC-001,SYS tier via SAD physical view,Airframe,HFPX-STR-SEC-001 §6,Inspection,TBD,CONCEPT
REQ-HFPX-SST-001,"The programme shall define static-strength analysis ownership including FEA ownership, with owners, model fidelity, and status recorded as TBD.",HFPX-STR-STA-001,SAR tier (IDs TBD); Vol 19 hooks (IDs TBD),Airframe,HFPX-STR-STA-001 §6,Inspection,TBD,CONCEPT
REQ-HFPX-SST-002,"The programme shall define the static-strength margin policy, with margin definitions, presentation rules, and acceptance discipline recorded as TBD.",HFPX-STR-STA-001,SDP tier (IDs TBD); VVP-001,Airframe,HFPX-STR-STA-001 §6,Analysis,TBD,CONCEPT
REQ-HFPX-SST-003,"The programme shall apply a test-correlation rule requiring strength analyses to be correlated to test outcomes, with correlation method and records TBD per the VVP thread.",HFPX-STR-STA-001,VVP-001; VVP-004,Airframe,HFPX-STR-STA-001 §6,Analysis,TBD,CONCEPT
REQ-HFPX-SST-004,"No static-strength claim shall be offered as gate evidence until supporting analysis and correlated test evidence are verified, with evidence status TBD and no strength value baselined in this revision.",HFPX-STR-STA-001,VVP-004; SDP tier (IDs TBD),Airframe,HFPX-STR-STA-001 §6,Inspection,TBD,CONCEPT
REQ-HFPX-STS-001,"The programme shall define the thermal-load inventory per Vol 14 hooks, with temperature fields and thermally induced loads recorded as TBD.",HFPX-STR-TSI-001,SYS-001; Vol 14 (IDs TBD),Airframe,HFPX-STR-TSI-001 §6,Analysis,TBD,CONCEPT
REQ-HFPX-STS-002,"The programme shall define material-knockdown practice for thermal effects, with methods, conditioning, and values recorded as TBD.",HFPX-STR-TSI-001,SDP tier (IDs TBD); VVP-001,Airframe,HFPX-STR-TSI-001 §6,Analysis,TBD,CONCEPT
REQ-HFPX-STS-003,"Thermal-structural interaction shall be verified by defined analysis and test threads, with methods, cases, and status recorded as TBD per the VVP thread and Vol 19 model hooks.",HFPX-STR-TSI-001,VVP-001; VVP-004; Vol 19 hooks (IDs TBD),Airframe,HFPX-STR-TSI-001 §6,Analysis + Test,TBD,CONCEPT
REQ-HFPX-STS-004,"The programme shall apply a thermal-structural update rule requiring inventory and knockdowns to be revised when higher-fidelity thermal evidence becomes available, with revision records TBD.",HFPX-STR-TSI-001,VVP-004; SDP tier (IDs TBD),Airframe,HFPX-STR-TSI-001 §6,Inspection,TBD,CONCEPT
REQ-HFPX-STT-001,"The programme shall define the test-item and test-article rule, with representativeness criteria, configuration control, and acceptance discipline recorded as TBD.",HFPX-STR-TST-001,SAR tier (IDs TBD); VVP-003,Airframe,HFPX-STR-TST-001 §6,Inspection,TBD,CONCEPT
REQ-HFPX-STT-002,"The programme shall define the static, fatigue, and damage-tolerance test methodology thread, with test levels, ordering, and case definitions recorded as TBD.",HFPX-STR-TST-001,SDP tier (IDs TBD); VVP-001,Airframe,HFPX-STR-TST-001 §6,Inspection,TBD,CONCEPT
REQ-HFPX-STT-003,"The programme shall define pass/fail methodology and analysis-correlation methodology, with judgement rules, comparison methods, and discrepancy handling recorded as TBD and no threshold value baselined in this revision.",HFPX-STR-TST-001,VVP-005; Vol 19 hooks (IDs TBD),Airframe,HFPX-STR-TST-001 §6,Inspection,TBD,CONCEPT
REQ-HFPX-STT-004,"The programme shall define hooks from structural testing to Vol 23.5, with hook definitions, data-exchange discipline, and gate coordination recorded as TBD per the VVP thread.",HFPX-STR-TST-001,VVP-004; Vol 23.5 (IDs TBD),Airframe,HFPX-STR-TST-001 §6,Inspection,TBD,CONCEPT
REQ-HFPX-SVB-001,"The programme shall define vibration sources as an enumerated list including propulsion-induced sources, with each source definition recorded as TBD.",HFPX-STR-VIB-001,SYS-001; SAR tier (IDs TBD),Airframe,HFPX-STR-VIB-001 §6,Inspection,TBD,CONCEPT
REQ-HFPX-SVB-002,"The programme shall define vibration-avoidance criteria, with criteria, applicable regimes, and margins recorded as TBD.",HFPX-STR-VIB-001,SDP tier (IDs TBD); VVP-001,Airframe,HFPX-STR-VIB-001 §6,Analysis,TBD,CONCEPT
REQ-HFPX-SVB-003,"The programme shall define the sensor-performance vibration interface per Vol 09 hooks, with allowable levels and locations recorded as TBD.",HFPX-STR-VIB-001,SYS-008; Vol 09 (IDs TBD),Airframe,HFPX-STR-VIB-001 §6,Analysis,TBD,CONCEPT
REQ-HFPX-SVB-004,"Vibration behaviour shall be verified by defined analysis and test threads, with methods, cases, and status recorded as TBD per the VVP thread and Vol 19 model hooks.",HFPX-STR-VIB-001,VVP-001; VVP-004; Vol 19 hooks (IDs TBD),Airframe,HFPX-STR-VIB-001 §6,Analysis + Test,TBD,CONCEPT
REQ-HFPX-SWL-001,"The lifting-surface structural scope, consistent with the ISS-004 outcome, shall be identified and recorded.",HFPX-STR-WLS-001,SYS tier via SAD physical view,Airframe,HFPX-STR-WLS-001 §6,Inspection,TBD,CONCEPT
REQ-HFPX-SWL-002,The aerodynamic-load interface between lifting-surface structure and Volume 06 provisions shall be identified and recorded.,HFPX-STR-WLS-001,SYS tier via SAD physical view; Vol 06 loads inputs TBD,Airframe,HFPX-STR-WLS-001 §6,Inspection,TBD,CONCEPT
REQ-HFPX-SWL-003,"Verification of lifting-surface structure shall be defined, linking analysis and test methodology.",HFPX-STR-WLS-001,SYS tier via SAD physical view,Airframe,HFPX-STR-WLS-001 §6,Inspection,TBD,CONCEPT
REQ-HFPX-SWL-004,"A concept-change rule shall be defined, requiring structural re-assessment when the lifting-surface concept changes.",HFPX-STR-WLS-001,SYS tier via SAD physical view,Airframe,HFPX-STR-WLS-001 §6,Inspection,TBD,CONCEPT
REQ-HFPX-HPA-001,The helmet shall implement a defined pilot-alert inventory with defined triggering conditions derived per FHA (inventory and conditions TBD).,HFPX-HMI-ALT-001,"STK-007, SYS-005, HSA-001",Helmet,HFPX-HMI-ALT-001 §6,Inspection + Demonstration (TBD),TBD,CONCEPT
REQ-HFPX-HPA-002,Pilot alerts shall be presented multi-modally via defined visual and audio means with defined modality assignments (means and assignments TBD).,HFPX-HMI-ALT-001,"STK-007, SYS-005, HUM-002",Helmet,HFPX-HMI-ALT-001 §6,Demonstration (TBD),TBD,CONCEPT
REQ-HFPX-HPA-003,"Defined alerts shall require defined acknowledgement with defined effects on presentation and persistence (alerts, means, and effects TBD).",HFPX-HMI-ALT-001,"STK-002, SYS-005, HUM-001",Helmet,HFPX-HMI-ALT-001 §6,Demonstration (TBD),TBD,CONCEPT
REQ-HFPX-HPA-004,Each pilot-alert requirement in this document shall have a defined verification method and pass criteria (methods and criteria TBD).,HFPX-HMI-ALT-001,SYS-005,Helmet,HFPX-HMI-ALT-001 §6,Inspection (TBD),TBD,CONCEPT
REQ-HFPX-HAR-001,"The helmet subsystem partition shall be defined, allocating functions to helmet subsystems, with partition content TBD.",HFPX-HMI-ARC-001,REQ-HFPX-STK-007; REQ-HFPX-SYS-005; HSA; HUM,Helmet,HFPX-HMI-ARC-001 §6,Inspection,TBD,CONCEPT
REQ-HFPX-HAR-002,"The helmet data interfaces shall be defined, with interface content and counterpart allocation TBD (Vol 08 hook TBD).",HFPX-HMI-ARC-001,REQ-HFPX-STK-007; REQ-HFPX-SYS-005; HSA; HUM,Helmet,HFPX-HMI-ARC-001 §6,Inspection,TBD,CONCEPT
REQ-HFPX-HAR-003,"The helmet power interfaces shall be defined, with interface content and counterpart allocation TBD (Vol 15 hook TBD).",HFPX-HMI-ARC-001,REQ-HFPX-STK-007; REQ-HFPX-SYS-005; HSA; HUM,Helmet,HFPX-HMI-ARC-001 §6,Inspection,TBD,CONCEPT
REQ-HFPX-HAR-004,"The HMI-to-FCS and HMI-to-communications information flow shall be defined, with flow content TBD.",HFPX-HMI-ARC-001,REQ-HFPX-STK-007; REQ-HFPX-SYS-005; HSA; HUM,Helmet,HFPX-HMI-ARC-001 §6,Inspection,TBD,CONCEPT
REQ-HFPX-HAR-005,"The safety-alert path through the helmet shall be independent as defined, with independence criteria TBD.",HFPX-HMI-ARC-001,REQ-HFPX-STK-007; REQ-HFPX-SYS-005; HSA; HUM,Helmet,HFPX-HMI-ARC-001 §6,Inspection,TBD,CONCEPT
REQ-HFPX-HAU-001,"The helmet audio-alert function shall be defined, with functional content TBD.",HFPX-HMI-AUD-001,REQ-HFPX-STK-007; REQ-HFPX-SYS-005; HSA; HUM,Helmet,HFPX-HMI-AUD-001 §6,Demonstration,TBD,CONCEPT
REQ-HFPX-HAU-002,"The audio-alert classes shall be defined, with class content TBD.",HFPX-HMI-AUD-001,REQ-HFPX-STK-007; REQ-HFPX-SYS-005; HSA; HUM,Helmet,HFPX-HMI-AUD-001 §6,Demonstration,TBD,CONCEPT
REQ-HFPX-HAU-003,"Audio intelligibility in noise shall be defined, with criteria TBD.",HFPX-HMI-AUD-001,REQ-HFPX-STK-007; REQ-HFPX-SYS-005; HSA; HUM,Helmet,HFPX-HMI-AUD-001 §6,Demonstration,TBD,CONCEPT
REQ-HFPX-HAU-004,"The audio volume-limit policy shall be defined, with policy content TBD.",HFPX-HMI-AUD-001,REQ-HFPX-STK-007; REQ-HFPX-SYS-005; HSA; HUM,Helmet,HFPX-HMI-AUD-001 §6,Inspection,TBD,CONCEPT
REQ-HFPX-HCM-001,"The helmet-camera recording function shall be defined, with functional content TBD.",HFPX-HMI-CAM-001,REQ-HFPX-STK-007; REQ-HFPX-SYS-005; HSA; HUM,Helmet,HFPX-HMI-CAM-001 §6,Inspection,TBD,CONCEPT
REQ-HFPX-HCM-002,"The helmet-camera vision-assist function shall be defined, with functional content TBD.",HFPX-HMI-CAM-001,REQ-HFPX-STK-007; REQ-HFPX-SYS-005; HSA; HUM,Helmet,HFPX-HMI-CAM-001 §6,Inspection,TBD,CONCEPT
REQ-HFPX-HCM-003,"The helmet-camera data interfaces shall be defined, with interface content TBD.",HFPX-HMI-CAM-001,REQ-HFPX-STK-007; REQ-HFPX-SYS-005; HSA; HUM,Helmet,HFPX-HMI-CAM-001 §6,Inspection,TBD,CONCEPT
REQ-HFPX-HCM-004,"Helmet-camera privacy and data-handling rules shall be defined, with content TBD.",HFPX-HMI-CAM-001,REQ-HFPX-STK-007; REQ-HFPX-SYS-005; HSA; HUM,Helmet,HFPX-HMI-CAM-001 §6,Inspection,TBD,CONCEPT
REQ-HFPX-HCO-001,The helmet shall provide defined voice and data links with defined endpoints per Vol 11 (links and endpoints TBD).,HFPX-HMI-COM-001,"STK-007, SYS-005, HSA-001",Helmet,HFPX-HMI-COM-001 §6,Demonstration (TBD),TBD,CONCEPT
REQ-HFPX-HCO-002,"Emergency communications shall take defined priority by defined means per Vol 13.17 (traffic classes, rules, and means TBD).",HFPX-HMI-COM-001,"STK-007, SYS-005",Helmet,HFPX-HMI-COM-001 §6,Demonstration (TBD),TBD,CONCEPT
REQ-HFPX-HCO-003,"The helmet communications function shall provide defined redundancy sustaining defined exchanges under defined faults (scheme, exchanges, and faults TBD).",HFPX-HMI-COM-001,"SYS-005, HSA-001",Helmet,HFPX-HMI-COM-001 §6,Analysis + Demonstration (TBD),TBD,CONCEPT
REQ-HFPX-HCO-004,Each helmet-communications requirement in this document shall have a defined verification method and pass criteria (methods and criteria TBD).,HFPX-HMI-COM-001,SYS-005,Helmet,HFPX-HMI-COM-001 §6,Inspection (TBD),TBD,CONCEPT
REQ-HFPX-HPD-001,"The displayed-parameter inventory shall be defined, with inventory content TBD.",HFPX-HMI-DSP-001,REQ-HFPX-STK-007; REQ-HFPX-SYS-005; HSA; HUM,Helmet,HFPX-HMI-DSP-001 §6,Demonstration,TBD,CONCEPT
REQ-HFPX-HPD-002,"The display declutter behaviour shall be defined, with declutter content TBD.",HFPX-HMI-DSP-001,REQ-HFPX-STK-007; REQ-HFPX-SYS-005; HSA; HUM,Helmet,HFPX-HMI-DSP-001 §6,Demonstration,TBD,CONCEPT
REQ-HFPX-HPD-003,"The display prioritisation behaviour shall be defined, with prioritisation content TBD.",HFPX-HMI-DSP-001,REQ-HFPX-STK-007; REQ-HFPX-SYS-005; HSA; HUM,Helmet,HFPX-HMI-DSP-001 §6,Demonstration,TBD,CONCEPT
REQ-HFPX-HPD-004,"The display presentation for night and low-visibility conditions shall be defined, with content TBD.",HFPX-HMI-DSP-001,REQ-HFPX-STK-007; REQ-HFPX-SYS-005; HSA; HUM,Helmet,HFPX-HMI-DSP-001 §6,Demonstration,TBD,CONCEPT
REQ-HFPX-HEP-001,"The helmet shall meet a defined environmental scope derived per 01.9 (environments, exposures, and limits TBD).",HFPX-HMI-ENV-001,"SYS-005, HUM-002",Helmet,HFPX-HMI-ENV-001 §6,Analysis + Test (TBD),TBD,CONCEPT
REQ-HFPX-HEP-002,The helmet shall provide defined sealing and thermal provisions preserving defined functions under the defined scope (provisions and functions TBD).,HFPX-HMI-ENV-001,"STK-007, SYS-005, HSA-001",Helmet,HFPX-HMI-ENV-001 §6,Analysis + Test (TBD),TBD,CONCEPT
REQ-HFPX-HEP-003,Each helmet environmental-protection requirement in this document shall have a defined verification method and pass criteria (methods and criteria TBD).,HFPX-HMI-ENV-001,SYS-005,Helmet,HFPX-HMI-ENV-001 §6,Inspection (TBD),TBD,CONCEPT
REQ-HFPX-HEP-004,"The helmet shall expose defined maintenance hooks for inspection, servicing, and replacement of environmental-protection provisions per Vol 27 (hooks TBD).",HFPX-HMI-ENV-001,"STK-007, SYS-005",Helmet,HFPX-HMI-ENV-001 §6,Inspection + Demonstration (TBD),TBD,CONCEPT
REQ-HFPX-HHM-001,"The helmet HMI shall conform to defined HMI design principles for consistency, legibility, and interaction behaviour (principles TBD).",HFPX-HMI-HMI-001,"STK-007, SYS-005, HSA-001",Helmet,HFPX-HMI-HMI-001 §6,Inspection + Demonstration (TBD),TBD,CONCEPT
REQ-HFPX-HHM-002,The helmet HMI shall keep pilot workload within defined limits across defined tasks per Vol 30.7 (limits and task set TBD).,HFPX-HMI-HMI-001,"STK-002, SYS-005, HUM-001",Helmet,HFPX-HMI-HMI-001 §6,Analysis + Demonstration (TBD),TBD,CONCEPT
REQ-HFPX-HHM-003,"The helmet HMI shall provide defined error tolerance by defined prevention, detection, and recovery provisions per Vol 30.8 (provisions TBD).",HFPX-HMI-HMI-001,"STK-002, SYS-005, HSA-003",Helmet,HFPX-HMI-HMI-001 §6,Analysis + Demonstration (TBD),TBD,CONCEPT
REQ-HFPX-HHM-004,Each HMI claim in this document shall be evaluated by a defined evaluation method with defined pass criteria (method and criteria TBD).,HFPX-HMI-HMI-001,"SYS-005, HUM-001",Helmet,HFPX-HMI-HMI-001 §6,Inspection (TBD),TBD,CONCEPT
REQ-HFPX-HTT-001,"The head-tracking function shall be defined, with functional content TBD.",HFPX-HMI-HTR-001,REQ-HFPX-STK-007; REQ-HFPX-SYS-005; HSA; HUM,Helmet,HFPX-HMI-HTR-001 §6,Inspection,TBD,CONCEPT
REQ-HFPX-HTT-002,"The head-tracking accuracy criteria shall be defined, with criteria TBD.",HFPX-HMI-HTR-001,REQ-HFPX-STK-007; REQ-HFPX-SYS-005; HSA; HUM,Helmet,HFPX-HMI-HTR-001 §6,Test,TBD,CONCEPT
REQ-HFPX-HTT-003,"The head-tracking timing criteria shall be defined, with criteria TBD.",HFPX-HMI-HTR-001,REQ-HFPX-STK-007; REQ-HFPX-SYS-005; HSA; HUM,Helmet,HFPX-HMI-HTR-001 §6,Inspection,TBD,CONCEPT
REQ-HFPX-HTT-004,"The loss-of-track behaviour shall be defined, with behaviour content TBD.",HFPX-HMI-HTR-001,REQ-HFPX-STK-007; REQ-HFPX-SYS-005; HSA; HUM,Helmet,HFPX-HMI-HTR-001 §6,Inspection,TBD,CONCEPT
REQ-HFPX-HUD-001,"The HUD function shall be defined, with functional content TBD.",HFPX-HMI-HUD-001,REQ-HFPX-STK-007; REQ-HFPX-SYS-005; HSA; HUM,Helmet,HFPX-HMI-HUD-001 §6,Demonstration,TBD,CONCEPT
REQ-HFPX-HUD-002,"The HUD symbology set shall be defined, with set content TBD.",HFPX-HMI-HUD-001,REQ-HFPX-STK-007; REQ-HFPX-SYS-005; HSA; HUM,Helmet,HFPX-HMI-HUD-001 §6,Demonstration,TBD,CONCEPT
REQ-HFPX-HUD-003,"The HUD readability criteria shall be defined, with criteria TBD.",HFPX-HMI-HUD-001,REQ-HFPX-STK-007; REQ-HFPX-SYS-005; HSA; HUM,Helmet,HFPX-HMI-HUD-001 §6,Test,TBD,CONCEPT
REQ-HFPX-HUD-004,"HUD failures shall be annunciated, with annunciation content TBD.",HFPX-HMI-HUD-001,REQ-HFPX-STK-007; REQ-HFPX-SYS-005; HSA; HUM,Helmet,HFPX-HMI-HUD-001 §6,Test,TBD,CONCEPT
REQ-HFPX-HMC-001,"The microphone functions shall be defined, with functional content TBD.",HFPX-HMI-MIC-001,REQ-HFPX-STK-007; REQ-HFPX-SYS-005; HSA; HUM,Helmet,HFPX-HMI-MIC-001 §6,Inspection,TBD,CONCEPT
REQ-HFPX-HMC-002,"The microphone noise-cancellation approach shall be defined, with approach content TBD.",HFPX-HMI-MIC-001,REQ-HFPX-STK-007; REQ-HFPX-SYS-005; HSA; HUM,Helmet,HFPX-HMI-MIC-001 §6,Inspection,TBD,CONCEPT
REQ-HFPX-HMC-003,"The microphone redundancy arrangement shall be defined, with arrangement content TBD.",HFPX-HMI-MIC-001,REQ-HFPX-STK-007; REQ-HFPX-SYS-005; HSA; HUM,Helmet,HFPX-HMI-MIC-001 §6,Inspection,TBD,CONCEPT
REQ-HFPX-HMC-004,"Microphone status behaviour shall be defined, with content TBD.",HFPX-HMI-MIC-001,REQ-HFPX-STK-007; REQ-HFPX-SYS-005; HSA; HUM,Helmet,HFPX-HMI-MIC-001 §6,Inspection,TBD,CONCEPT
REQ-HFPX-HND-001,"The navigation-data presentation shall be defined, with presentation content TBD.",HFPX-HMI-NVD-001,REQ-HFPX-STK-007; REQ-HFPX-SYS-005; HSA; HUM,Helmet,HFPX-HMI-NVD-001 §6,Inspection,TBD,CONCEPT
REQ-HFPX-HND-002,"The navigation-data set shall be defined, with data content TBD.",HFPX-HMI-NVD-001,REQ-HFPX-STK-007; REQ-HFPX-SYS-005; HSA; HUM,Helmet,HFPX-HMI-NVD-001 §6,Inspection,TBD,CONCEPT
REQ-HFPX-HND-003,"GNSS-denied indication shall be defined, with indication content TBD.",HFPX-HMI-NVD-001,REQ-HFPX-STK-007; REQ-HFPX-SYS-005; HSA; HUM,Helmet,HFPX-HMI-NVD-001 §6,Inspection,TBD,CONCEPT
REQ-HFPX-HND-004,"Fusion-source labelling shall be defined, with labelling content TBD.",HFPX-HMI-NVD-001,REQ-HFPX-STK-007; REQ-HFPX-SYS-005; HSA; HUM,Helmet,HFPX-HMI-NVD-001 §6,Analysis,TBD,CONCEPT
REQ-HFPX-HPS-001,"The helmet shall display defined propulsion parameters to the pilot (parameter set, arrangement, and update behaviour TBD).",HFPX-HMI-PST-001,"STK-007, SYS-005, HUM-002",Helmet,HFPX-HMI-PST-001 §6,Demonstration (TBD),TBD,CONCEPT
REQ-HFPX-HPS-002,"The helmet shall provide distinct exceedance highlighting for defined propulsion exceedance states (states, means, and criteria TBD).",HFPX-HMI-PST-001,"STK-007, SYS-005, HSA-001",Helmet,HFPX-HMI-PST-001 §6,Demonstration (TBD),TBD,CONCEPT
REQ-HFPX-HPS-003,"The propulsion-status display shall obtain its data from the defined Vol 04.11 source via a defined interface (signals, rates, integrity, and ICD TBD).",HFPX-HMI-PST-001,"SYS-005, HSA-001",Helmet,HFPX-HMI-PST-001 §6,Inspection (TBD),TBD,CONCEPT
REQ-HFPX-HPS-004,Each propulsion-status requirement in this document shall have a defined verification method and pass criteria (methods and criteria TBD).,HFPX-HMI-PST-001,SYS-005,Helmet,HFPX-HMI-PST-001 §6,Inspection (TBD),TBD,CONCEPT
REQ-HFPX-HPO-001,The helmet shall accept defined power feeds with defined characteristics per Vol 15.10 (feeds and characteristics TBD).,HFPX-HMI-PWR-001,"SYS-005, HSA-001",Helmet,HFPX-HMI-PWR-001 §6,Inspection + Demonstration (TBD),TBD,CONCEPT
REQ-HFPX-HPO-002,"The helmet power function shall sustain defined helmet functions for a defined endurance under defined conditions (functions, endurance, and conditions TBD).",HFPX-HMI-PWR-001,"STK-007, SYS-005",Helmet,HFPX-HMI-PWR-001 §6,Demonstration + Test (TBD),TBD,CONCEPT
REQ-HFPX-HPO-003,The helmet shall implement defined loss-of-power behaviour including defined annunciation and degraded states (behaviour and states TBD).,HFPX-HMI-PWR-001,"STK-002, SYS-005, HUM-002",Helmet,HFPX-HMI-PWR-001 §6,Demonstration (TBD),TBD,CONCEPT
REQ-HFPX-HPO-004,Each helmet-power requirement in this document shall have a defined verification method and pass criteria (methods and criteria TBD).,HFPX-HMI-PWR-001,SYS-005,Helmet,HFPX-HMI-PWR-001 §6,Inspection (TBD),TBD,CONCEPT
REQ-HFPX-HSD-001,"The helmet shell shall be defined, with shell content and criteria TBD.",HFPX-HMI-SHD-001,REQ-HFPX-STK-007; REQ-HFPX-SYS-005; HSA; HUM,Helmet,HFPX-HMI-SHD-001 §6,Inspection,TBD,CONCEPT
REQ-HFPX-HSD-002,"The helmet retention shall be defined, with retention content and criteria TBD.",HFPX-HMI-SHD-001,REQ-HFPX-STK-007; REQ-HFPX-SYS-005; HSA; HUM,Helmet,HFPX-HMI-SHD-001 §6,Inspection,TBD,CONCEPT
REQ-HFPX-HSD-003,"The helmet design shall hook to impact-protection requirements, with hook content TBD (Vol 13.12 hook TBD).",HFPX-HMI-SHD-001,REQ-HFPX-STK-007; REQ-HFPX-SYS-005; HSA; HUM,Helmet,HFPX-HMI-SHD-001 §6,Inspection,TBD,CONCEPT
REQ-HFPX-HSD-004,"The helmet design shall hook to mass and CG budgets, with budget content TBD.",HFPX-HMI-SHD-001,REQ-HFPX-STK-007; REQ-HFPX-SYS-005; HSA; HUM,Helmet,HFPX-HMI-SHD-001 §6,Inspection,TBD,CONCEPT
REQ-HFPX-HVI-001,The helmet voice interface shall accept a defined scope of voice commands with defined effects (command set and effects TBD).,HFPX-HMI-VCI-001,"STK-002, SYS-005, HSA-001",Helmet,HFPX-HMI-VCI-001 §6,Demonstration (TBD),TBD,CONCEPT
REQ-HFPX-HVI-002,"The voice interface shall meet defined recognition performance under defined conditions (metrics, conditions, and thresholds TBD).",HFPX-HMI-VCI-001,"SYS-005, HUM-001",Helmet,HFPX-HMI-VCI-001 §6,Demonstration + Test (TBD),TBD,CONCEPT
REQ-HFPX-HVI-003,The voice interface shall provide defined misrecognition protection preventing unintended actions from misrecognised commands (means and criteria TBD).,HFPX-HMI-VCI-001,"STK-002, SYS-005",Helmet,HFPX-HMI-VCI-001 §6,Analysis + Demonstration (TBD),TBD,CONCEPT
REQ-HFPX-HVI-004,Each voice-interface requirement in this document shall have a defined verification method and pass criteria (methods and criteria TBD).,HFPX-HMI-VCI-001,SYS-005,Helmet,HFPX-HMI-VCI-001 §6,Inspection (TBD),TBD,CONCEPT
REQ-HFPX-HWS-001,"The helmet warning system shall implement a defined warning/caution/advisory hierarchy (classes, entry criteria, and presentation distinctions TBD).",HFPX-HMI-WRN-001,"STK-007, SYS-005, HSA-001",Helmet,HFPX-HMI-WRN-001 §6,"Demonstration (fault-injection, TBD)",TBD,CONCEPT
REQ-HFPX-HWS-002,"The helmet warning system shall apply defined prioritisation and suppression rules to concurrent warnings (rules, inhibits, and ordering TBD).",HFPX-HMI-WRN-001,"STK-002, SYS-005, HUM-001",Helmet,HFPX-HMI-WRN-001 §6,"Demonstration (fault-injection, TBD)",TBD,CONCEPT
REQ-HFPX-HWS-003,Warnings serving the independent safety path shall be independent of the primary presentation path by defined means (means and integrity provisions TBD).,HFPX-HMI-WRN-001,"SYS-005, HSA-001",Helmet,HFPX-HMI-WRN-001 §6,"Analysis + Demonstration (fault-injection, TBD)",TBD,CONCEPT
REQ-HFPX-HWS-004,Each warning-system requirement in this document shall be verified by defined fault-injection demonstration cases with defined pass criteria (cases and criteria TBD).,HFPX-HMI-WRN-001,SYS-005,Helmet,HFPX-HMI-WRN-001 §6,"Demonstration (fault-injection, TBD)",TBD,CONCEPT
REQ-HFPX-CAR-001,"The communications link inventory, including pilot, ground, telemetry, and command links with roles and criticality, shall be defined (inventory TBD).",HFPX-COM-ARC-001,REQ-HFPX-SYS-005,Comms,HFPX-COM-ARC-001 §6,Inspection,TBD,CONCEPT
REQ-HFPX-CAR-002,"The communications architecture partition across vehicle, pilot, and ground segments shall be defined (partition TBD).",HFPX-COM-ARC-001,HFPX-ARC-COM-001,Comms,HFPX-COM-ARC-001 §6,Inspection,TBD,CONCEPT
REQ-HFPX-CAR-003,"The communications redundancy concept for safety-critical links shall be defined (concept TBD, detail in 11.8).",HFPX-COM-ARC-001,REQ-HFPX-SYS-005,Comms,HFPX-COM-ARC-001 §6,Inspection,TBD,CONCEPT
REQ-HFPX-CAR-004,"Communications security hooks per Vol 17, including authentication, integrity, and key management, shall be applied to command and telemetry links (mechanisms TBD).",HFPX-COM-ARC-001,REQ-HFPX-SYS-005,Comms,HFPX-COM-ARC-001 §6,Inspection,TBD,CONCEPT
REQ-HFPX-CAR-005,Spectrum and regulatory constraints applicable to communications links shall be identified as TBD hooks to Vol 25 (licensing path TBD).,HFPX-COM-ARC-001,REQ-HFPX-STK-007,Comms,HFPX-COM-ARC-001 §6,Inspection,TBD,CONCEPT
REQ-HFPX-CCL-001,"The command uplink, including command set, sources, and execution interfaces, shall be defined (details TBD).",HFPX-COM-CML-001,REQ-HFPX-SYS-005,Comms,HFPX-COM-CML-001 §6,Inspection,TBD,CONCEPT
REQ-HFPX-CCL-002,Command-link integrity and protection behaviour shall be defined (mechanisms TBD).,HFPX-COM-CML-001,REQ-HFPX-SYS-005,Comms,HFPX-COM-CML-001 §6,Test,TBD,CONCEPT
REQ-HFPX-CCL-003,"Protection against unauthorised commands, including authentication and authorisation hooks per 11.12/Vol 17, shall be defined (mechanisms TBD).",HFPX-COM-CML-001,REQ-HFPX-SYS-005,Comms,HFPX-COM-CML-001 §6,Test,TBD,CONCEPT
REQ-HFPX-CCL-004,"Command-link loss and degraded-link behaviour hooks to 11.9, including rejection/handling of stale or duplicate commands, shall be defined (behaviour TBD).",HFPX-COM-CML-001,REQ-HFPX-OPC-003,Comms,HFPX-COM-CML-001 §6,Inspection,TBD,CONCEPT
REQ-HFPX-CDL-001,"Data-link types, including roles and applicability, shall be defined (types TBD).",HFPX-COM-DTL-001,REQ-HFPX-SYS-005,Comms,HFPX-COM-DTL-001 §6,Inspection,TBD,CONCEPT
REQ-HFPX-CDL-002,"The data-link performance framework, including availability, throughput, and timing budget structure, shall be defined (values TBD).",HFPX-COM-DTL-001,REQ-HFPX-SYS-005,Comms,HFPX-COM-DTL-001 §6,Inspection,TBD,CONCEPT
REQ-HFPX-CDL-003,Selection criteria for choosing among data-link types per mission phase and traffic class shall be defined (criteria TBD).,HFPX-COM-DTL-001,REQ-HFPX-MIS-004,Comms,HFPX-COM-DTL-001 §6,Inspection,TBD,CONCEPT
REQ-HFPX-CDL-004,Data-link security and spectrum/regulatory hooks to 11.12/Vol 17 and Vol 25 shall be defined (mechanisms and licensing path TBD).,HFPX-COM-DTL-001,REQ-HFPX-STK-007,Comms,HFPX-COM-DTL-001 §6,Inspection,TBD,CONCEPT
REQ-HFPX-CEM-001,"Emergency signalling, including signal set, initiators, and recipients, shall be defined (details TBD).",HFPX-COM-EMG-001,REQ-HFPX-SYS-005,Comms,HFPX-COM-EMG-001 §6,Inspection,TBD,CONCEPT
REQ-HFPX-CEM-002,Priority and pre-emption of emergency communications over all other traffic shall be defined (scheme TBD).,HFPX-COM-EMG-001,REQ-HFPX-SYS-005,Comms,HFPX-COM-EMG-001 §6,Inspection,TBD,CONCEPT
REQ-HFPX-CEM-003,"Ground-station authority for emergency communications per Vol 13.17, including roles and handover, shall be defined (details TBD).",HFPX-COM-EMG-001,REQ-HFPX-OPC-003,Comms,HFPX-COM-EMG-001 §6,Inspection,TBD,CONCEPT
REQ-HFPX-CEM-004,Emergency-communications availability under degraded/lost-link conditions per 11.8/11.9 shall be defined (behaviour TBD).,HFPX-COM-EMG-001,REQ-HFPX-SYS-005,Comms,HFPX-COM-EMG-001 §6,Inspection,TBD,CONCEPT
REQ-HFPX-CGC-001,"Ground links, including functions, roles, and interfaces to the ground station, shall be defined (details TBD).",HFPX-COM-GDC-001,REQ-HFPX-SYS-005,Comms,HFPX-COM-GDC-001 §6,Inspection,TBD,CONCEPT
REQ-HFPX-CGC-002,Ground-link coverage across flight modes and ground operations shall be defined (extent TBD).,HFPX-COM-GDC-001,REQ-HFPX-MIS-004,Comms,HFPX-COM-GDC-001 §6,Test,TBD,CONCEPT
REQ-HFPX-CGC-003,"Handover of ground links between stations/sectors, including logic and responsibilities, shall be defined (logic TBD).",HFPX-COM-GDC-001,REQ-HFPX-OPC-003,Comms,HFPX-COM-GDC-001 §6,Inspection,TBD,CONCEPT
REQ-HFPX-CGC-004,Spectrum and regulatory constraints applicable to ground links shall be identified as TBD hooks to Vol 25 (licensing path TBD).,HFPX-COM-GDC-001,REQ-HFPX-STK-007,Comms,HFPX-COM-GDC-001 §6,Inspection,TBD,CONCEPT
REQ-HFPX-CGS-001,"Ground-station functions for monitor, command, and telemetry handling shall be defined (functions TBD).",HFPX-COM-GST-001,REQ-HFPX-SYS-005,Comms,HFPX-COM-GST-001 §6,Inspection,TBD,CONCEPT
REQ-HFPX-CGS-002,"Ground-station displays for link state, telemetry, and loss-response status shall be defined (designs TBD).",HFPX-COM-GST-001,REQ-HFPX-OPC-003,Comms,HFPX-COM-GST-001 §6,Demonstration,TBD,CONCEPT
REQ-HFPX-CGS-003,"Ground-station staffing, including roles, responsibilities, and authority per Vol 13.17, shall be defined (details TBD).",HFPX-COM-GST-001,REQ-HFPX-OPC-003,Comms,HFPX-COM-GST-001 §6,Inspection,TBD,CONCEPT
REQ-HFPX-CGS-004,"Ground-station interfaces to communications links, networks, and recording, including spectrum/regulatory hooks to Vol 25, shall be defined (details TBD).",HFPX-COM-GST-001,REQ-HFPX-STK-007,Comms,HFPX-COM-GST-001 §6,Inspection,TBD,CONCEPT
REQ-HFPX-CCM-001,"Loss and degradation detection for communications links, including criteria and monitored parameters, shall be defined (criteria TBD).",HFPX-COM-LSM-001,REQ-HFPX-SYS-005,Comms,HFPX-COM-LSM-001 §6,Fault-injection test,TBD,CONCEPT
REQ-HFPX-CCM-002,"A timed-response ladder for persistent communications loss, including escalation steps and thresholds, shall be defined (steps and thresholds TBD).",HFPX-COM-LSM-001,REQ-HFPX-SYS-005,Comms,HFPX-COM-LSM-001 §6,Fault-injection test,TBD,CONCEPT
REQ-HFPX-CCM-003,"Abort, landing, and recovery actions commanded by the loss-response ladder shall be defined (behaviour TBD, authority per Vol 13).",HFPX-COM-LSM-001,REQ-HFPX-OPC-003,Comms,HFPX-COM-LSM-001 §6,Fault-injection test,TBD,CONCEPT
REQ-HFPX-CCM-004,Pilot/operator annunciation of link state and active loss-response actions shall be defined (details TBD).,HFPX-COM-LSM-001,REQ-HFPX-OPC-003,Comms,HFPX-COM-LSM-001 §6,Fault-injection test,TBD,CONCEPT
REQ-HFPX-CCM-005,"Link-restoration behaviour, including re-establishment attempts and resumption of normal operations, shall be defined (logic TBD).",HFPX-COM-LSM-001,REQ-HFPX-SYS-005,Comms,HFPX-COM-LSM-001 §6,Fault-injection test,TBD,CONCEPT
REQ-HFPX-CMD-001,"The mission-data inventory, including classes and consumers, shall be defined (inventory TBD).",HFPX-COM-MSD-001,REQ-HFPX-MIS-004,Comms,HFPX-COM-MSD-001 §6,Inspection,TBD,CONCEPT
REQ-HFPX-CMD-002,"Protection of mission data per Vol 17.11, including integrity and access provisions, shall be defined (mechanisms TBD).",HFPX-COM-MSD-001,REQ-HFPX-SYS-005,Comms,HFPX-COM-MSD-001 §6,Inspection,TBD,CONCEPT
REQ-HFPX-CMD-003,"Retention of mission data, including duration, location, and disposition, shall be defined (details TBD).",HFPX-COM-MSD-001,REQ-HFPX-MIS-004,Comms,HFPX-COM-MSD-001 §6,Inspection,TBD,CONCEPT
REQ-HFPX-CMD-004,Mission-data transport and recording hooks to 11.4/11.7/11.10 shall be defined (details TBD).,HFPX-COM-MSD-001,REQ-HFPX-OPC-003,Comms,HFPX-COM-MSD-001 §6,Inspection,TBD,CONCEPT
REQ-HFPX-CPC-001,"Pilot voice connectivity, including functions and interfaces, shall be defined (details TBD).",HFPX-COM-PLC-001,REQ-HFPX-OPC-003,Comms,HFPX-COM-PLC-001 §6,Inspection,TBD,CONCEPT
REQ-HFPX-CPC-002,"Pilot data connectivity, including functions and interfaces, shall be defined (details TBD).",HFPX-COM-PLC-001,REQ-HFPX-OPC-003,Comms,HFPX-COM-PLC-001 §6,Inspection,TBD,CONCEPT
REQ-HFPX-CPC-003,Pilot voice intelligibility criteria shall be defined (criteria TBD).,HFPX-COM-PLC-001,REQ-HFPX-SYS-005,Comms,HFPX-COM-PLC-001 §6,Demonstration,TBD,CONCEPT
REQ-HFPX-CPC-004,"Priority of pilot communications relative to other traffic, including emergency traffic, shall be defined (scheme TBD).",HFPX-COM-PLC-001,REQ-HFPX-SYS-005,Comms,HFPX-COM-PLC-001 §6,Inspection,TBD,CONCEPT
REQ-HFPX-CRD-001,"The redundancy approach for safety-critical communications links, including protected traffic classes, shall be defined (approach TBD).",HFPX-COM-RDY-001,REQ-HFPX-SYS-005,Comms,HFPX-COM-RDY-001 §6,Inspection,TBD,CONCEPT
REQ-HFPX-CRD-002,"Independence between redundant communications paths, including common-cause considerations, shall be defined (claims TBD).",HFPX-COM-RDY-001,REQ-HFPX-SYS-005,Comms,HFPX-COM-RDY-001 §6,Inspection,TBD,CONCEPT
REQ-HFPX-CRD-003,"Redundancy switchover and reversion behaviour, coordinated with 11.9 loss management, shall be defined (behaviour TBD).",HFPX-COM-RDY-001,REQ-HFPX-OPC-003,Comms,HFPX-COM-RDY-001 §6,Test,TBD,CONCEPT
REQ-HFPX-CRD-004,FTA hooks supporting communications redundancy claims per Vol 13 shall be defined (scope TBD).,HFPX-COM-RDY-001,REQ-HFPX-SYS-005,Comms,HFPX-COM-RDY-001 §6,Inspection,TBD,CONCEPT
REQ-HFPX-CSC-001,"Communications threat hooks per Vol 17.2, including applicable threat classes for command and telemetry links, shall be defined (details TBD).",HFPX-COM-SEC-001,REQ-HFPX-SYS-005,Comms,HFPX-COM-SEC-001 §6,Inspection,TBD,CONCEPT
REQ-HFPX-CSC-002,"Authentication and authorisation hooks per Vol 17.7/17.8 for command, telemetry, and ground-station paths shall be defined (mechanisms TBD).",HFPX-COM-SEC-001,REQ-HFPX-SYS-005,Comms,HFPX-COM-SEC-001 §6,Inspection,TBD,CONCEPT
REQ-HFPX-CSC-003,"Key management for protected communications links shall be defined, including lifecycle and revocation (details TBD).",HFPX-COM-SEC-001,REQ-HFPX-SYS-005,Comms,HFPX-COM-SEC-001 §6,Inspection,TBD,CONCEPT
REQ-HFPX-CSC-004,Security behaviour under degraded/lost-link conditions per 11.8/11.9 shall be defined (behaviour TBD).,HFPX-COM-SEC-001,REQ-HFPX-OPC-003,Comms,HFPX-COM-SEC-001 §6,Inspection,TBD,CONCEPT
REQ-HFPX-CTM-001,"The telemetered-parameter inventory, including health, status, and safety-relevant parameters, shall be defined (inventory TBD).",HFPX-COM-TLM-001,REQ-HFPX-SYS-005,Comms,HFPX-COM-TLM-001 §6,Inspection,TBD,CONCEPT
REQ-HFPX-CTM-002,"Telemetry transport behaviour, including cadences and prioritisation, shall be defined (values TBD).",HFPX-COM-TLM-001,REQ-HFPX-MIS-004,Comms,HFPX-COM-TLM-001 §6,Inspection,TBD,CONCEPT
REQ-HFPX-CTM-003,"Recording hooks for telemetry, onboard and on the ground, shall be defined (implementation TBD).",HFPX-COM-TLM-001,REQ-HFPX-OPC-003,Comms,HFPX-COM-TLM-001 §6,Inspection,TBD,CONCEPT
REQ-HFPX-CTM-004,Telemetry integrity and security hooks per 11.12/Vol 17 shall be defined (mechanisms TBD).,HFPX-COM-TLM-001,REQ-HFPX-SYS-005,Comms,HFPX-COM-TLM-001 §6,Inspection,TBD,CONCEPT
REQ-HFPX-UAT-001,The system shall define the intended-user population coverage for pilot accommodation (population coverage TBD).,HFPX-HUM-ANT-001,"STK-002, REQ-HFPX-HUM-003, HSA tier (ID TBD)",Human,HFPX-HUM-ANT-001 §6,Test,TBD,CONCEPT
REQ-HFPX-UAT-002,The system shall accommodate the defined anthropometric range across the pilot station and suit interfaces (accommodation range TBD).,HFPX-HUM-ANT-001,"STK-002, REQ-HFPX-HUM-003, HSA tier (ID TBD)",Human,HFPX-HUM-ANT-001 §6,Inspection,TBD,CONCEPT
REQ-HFPX-UAT-003,The system shall provide adjustability provisions to cover the defined accommodation range (adjustability provisions TBD).,HFPX-HUM-ANT-001,"STK-002, REQ-HFPX-HUM-003, HSA tier (ID TBD)",Human,HFPX-HUM-ANT-001 §6,Inspection,TBD,CONCEPT
REQ-HFPX-UAT-004,Anthropometric accommodation shall be verified against defined criteria and participant sampling (criteria and sampling TBD; Vol 30 hook TBD).,HFPX-HUM-ANT-001,"STK-002, REQ-HFPX-HUM-003, HSA tier (ID TBD)",Human,HFPX-HUM-ANT-001 §6,Inspection,TBD,CONCEPT
REQ-HFPX-UAR-001,"The pilot-vehicle integration architecture shall define the pilot-vehicle integration partition, including pilot, suit, restraint, and vehicle responsibilities (partition TBD).",HFPX-HUM-ARC-001,"STK-002, REQ-HFPX-HUM-003, HSA tier (ID TBD)",Human,HFPX-HUM-ARC-001 §6,Inspection + Demonstration (human-factors evaluation; details TBD),TBD,CONCEPT
REQ-HFPX-UAR-002,"The architecture shall define the reference pilot configuration, including prone/semi-prone arrangement (configuration TBD).",HFPX-HUM-ARC-001,"STK-002, REQ-HFPX-HUM-003, HSA tier (ID TBD)",Human,HFPX-HUM-ARC-001 §6,Inspection + Demonstration (human-factors evaluation; details TBD),TBD,CONCEPT
REQ-HFPX-UAR-003,"The architecture shall maintain a pilot-integration interface register covering suit, restraint, controls, and vehicle interfaces (register TBD).",HFPX-HUM-ARC-001,"STK-002, REQ-HFPX-HUM-003, HSA tier (ID TBD)",Human,HFPX-HUM-ARC-001 §6,Inspection (register completeness; details TBD),TBD,CONCEPT
REQ-HFPX-UAR-004,The architecture shall allocate pilot-integration functions to subsystems with traceability to HUM-tier parents (allocation TBD).,HFPX-HUM-ARC-001,"STK-002, REQ-HFPX-HUM-001, HSA tier (ID TBD)",Human,HFPX-HUM-ARC-001 §6,Inspection (allocation completeness; details TBD),TBD,CONCEPT
REQ-HFPX-UAR-005,The pilot-vehicle integration architecture shall be subject to human-factors evaluation against defined integration criteria (criteria TBD; Vol 30 hook TBD).,HFPX-HUM-ARC-001,"STK-002, REQ-HFPX-HUM-001, HSA tier (ID TBD)",Human,HFPX-HUM-ARC-001 §6,Inspection + Demonstration (human-factors evaluation; details TBD),TBD,CONCEPT
REQ-HFPX-UCT-001,The system shall provide a defined pilot-control inventory covering defined functions and phases (control inventory TBD).,HFPX-HUM-CTL-001,"STK-002, REQ-HFPX-HUM-001, HSA tier (ID TBD)",Human,HFPX-HUM-CTL-001 §6,Inspection,TBD,CONCEPT
REQ-HFPX-UCT-002,Pilot controls shall provide defined feel provisions supporting intended operation (feel provisions TBD).,HFPX-HUM-CTL-001,"STK-002, REQ-HFPX-HUM-001, HSA tier (ID TBD)",Human,HFPX-HUM-CTL-001 §6,Inspection,TBD,CONCEPT
REQ-HFPX-UCT-003,The system shall protect against inadvertent operation of pilot controls under defined conditions (protection provisions TBD).,HFPX-HUM-CTL-001,"STK-002, REQ-HFPX-HUM-001, HSA tier (ID TBD)",Human,HFPX-HUM-CTL-001 §6,Demonstration,TBD,CONCEPT
REQ-HFPX-UCT-004,Pilot controls shall interface to the flight control system at defined provisions (FCS interface TBD; Vol 07.3 detail to follow).,HFPX-HUM-CTL-001,"STK-002, REQ-HFPX-HUM-002, HSA tier (ID TBD)",Human,HFPX-HUM-CTL-001 §6,Test,TBD,CONCEPT
REQ-HFPX-UER-001,"The system shall support defined pilot posture, reach, and visibility envelopes across defined phases (posture/reach/visibility TBD).",HFPX-HUM-ERG-001,"STK-002, REQ-HFPX-HUM-003, HSA tier (ID TBD)",Human,HFPX-HUM-ERG-001 §6,Inspection,TBD,CONCEPT
REQ-HFPX-UER-002,The system shall place controls and displays within defined ergonomic provisions (control placement TBD).,HFPX-HUM-ERG-001,"STK-002, REQ-HFPX-HUM-001, HSA tier (ID TBD)",Human,HFPX-HUM-ERG-001 §6,Demonstration,TBD,CONCEPT
REQ-HFPX-UER-003,"The system shall define the ergonomic evaluation method, including tasks and conditions (evaluation method TBD).",HFPX-HUM-ERG-001,"STK-002, REQ-HFPX-HUM-001, HSA tier (ID TBD)",Human,HFPX-HUM-ERG-001 §6,Inspection,TBD,CONCEPT
REQ-HFPX-UER-004,Ergonomic provisions shall be verified against defined criteria (criteria TBD; Vol 30 hook TBD).,HFPX-HUM-ERG-001,"STK-002, REQ-HFPX-HUM-003, HSA tier (ID TBD)",Human,HFPX-HUM-ERG-001 §6,Inspection,TBD,CONCEPT
REQ-HFPX-UFP-001,The system shall define the pilot fire-threat inventory across defined phases and conditions (fire-threat inventory TBD; Vol 13.15 detail to follow).,HFPX-HUM-FRP-001,"STK-002, REQ-HFPX-HUM-003, HSA tier (ID TBD)",Human,HFPX-HUM-FRP-001 §6,Inspection,TBD,CONCEPT
REQ-HFPX-UFP-002,The system shall provide fire protective performance within defined bounds (protective performance TBD).,HFPX-HUM-FRP-001,"STK-002, REQ-HFPX-HUM-003, HSA tier (ID TBD)",Human,HFPX-HUM-FRP-001 §6,Test,TBD,CONCEPT
REQ-HFPX-UFP-003,The system shall provide escape-interface provisions supporting pilot escape under defined fire conditions (escape interface TBD).,HFPX-HUM-FRP-001,"STK-002, REQ-HFPX-HUM-003, HSA tier (ID TBD)",Human,HFPX-HUM-FRP-001 §6,Inspection,TBD,CONCEPT
REQ-HFPX-UFP-004,Fire-protection provisions shall be verified against defined criteria (criteria TBD; Vol 30 hook TBD).,HFPX-HUM-FRP-001,"STK-002, REQ-HFPX-HUM-003, HSA tier (ID TBD)",Human,HFPX-HUM-FRP-001 §6,Test,TBD,CONCEPT
REQ-HFPX-UFT-001,"The system shall identify fatigue drivers, including vibration, load, posture, and duration effects (fatigue drivers TBD).",HFPX-HUM-FTG-001,"STK-002, REQ-HFPX-HUM-001, HSA tier (ID TBD)",Human,HFPX-HUM-FTG-001 §6,Inspection,TBD,CONCEPT
REQ-HFPX-UFT-002,The system shall define fatigue limits covering defined tasks and phases (limits TBD).,HFPX-HUM-FTG-001,"STK-002, REQ-HFPX-HUM-001, HSA tier (ID TBD)",Human,HFPX-HUM-FTG-001 §6,Inspection,TBD,CONCEPT
REQ-HFPX-UFT-003,The system shall provide fatigue-monitoring provisions with defined annunciation (monitoring provisions TBD).,HFPX-HUM-FTG-001,"STK-002, REQ-HFPX-HUM-004, HSA tier (ID TBD)",Human,HFPX-HUM-FTG-001 §6,Demonstration,TBD,CONCEPT
REQ-HFPX-UFT-004,Fatigue provisions shall be verified against defined criteria (criteria TBD; Vol 30 hook TBD).,HFPX-HUM-FTG-001,"STK-002, REQ-HFPX-HUM-001, HSA tier (ID TBD)",Human,HFPX-HUM-FTG-001 §6,Inspection,TBD,CONCEPT
REQ-HFPX-UHS-001,The programme shall define and execute an HSI programme covering defined Vol 12 scope and reviews (HSI programme TBD).,HFPX-HUM-HSI-001,"STK-002, REQ-HFPX-HUM-001, HSA tier (ID TBD)",Human,HFPX-HUM-HSI-001 §6,Inspection,TBD,CONCEPT
REQ-HFPX-UHS-002,"The programme shall perform workload, situation-awareness, and error analyses per defined methods (analyses TBD; Vol 30.7–30.9 hooks to follow).",HFPX-HUM-HSI-001,"STK-002, REQ-HFPX-HUM-001, HSA tier (ID TBD)",Human,HFPX-HUM-HSI-001 §6,Analysis,TBD,CONCEPT
REQ-HFPX-UHS-003,"The programme shall manage HSI issues to defined closure provisions, including traceability to analyses (issue-closure rule TBD).",HFPX-HUM-HSI-001,"STK-002, REQ-HFPX-HUM-005, HSA tier (ID TBD)",Human,HFPX-HUM-HSI-001 §6,Analysis,TBD,CONCEPT
REQ-HFPX-UHS-004,HSI provisions shall be verified against defined criteria (criteria TBD; Vol 30 hook TBD).,HFPX-HUM-HSI-001,"STK-002, REQ-HFPX-HUM-005, HSA tier (ID TBD)",Human,HFPX-HUM-HSI-001 §6,Inspection,TBD,CONCEPT
REQ-HFPX-ULD-001,"The system shall define pilot load paths, including arm-module loads, across defined phases and conditions (load paths TBD).",HFPX-HUM-LDD-001,"STK-002, REQ-HFPX-HUM-003, HSA tier (ID TBD)",Human,HFPX-HUM-LDD-001 §6,Inspection,TBD,CONCEPT
REQ-HFPX-ULD-002,The system shall keep distributed pressure/comfort effects within defined limits (pressure/comfort limits TBD).,HFPX-HUM-LDD-001,"STK-002, REQ-HFPX-HUM-003, HSA tier (ID TBD)",Human,HFPX-HUM-LDD-001 §6,Inspection,TBD,CONCEPT
REQ-HFPX-ULD-003,"The system shall define the load/pressure measurement method, including instrumentation and conditions (measurement method TBD).",HFPX-HUM-LDD-001,"STK-002, REQ-HFPX-HUM-003, HSA tier (ID TBD)",Human,HFPX-HUM-LDD-001 §6,Inspection,TBD,CONCEPT
REQ-HFPX-ULD-004,Load-distribution performance shall be verified against defined criteria (criteria TBD; Vol 30 hook TBD).,HFPX-HUM-LDD-001,"STK-002, REQ-HFPX-HUM-003, HSA tier (ID TBD)",Human,HFPX-HUM-LDD-001 §6,Inspection,TBD,CONCEPT
REQ-HFPX-UMO-001,"The system shall support defined suited mobility needs across defined tasks and phases, including ankle-module articulation (mobility needs TBD).",HFPX-HUM-MOB-001,"STK-002, REQ-HFPX-HUM-003, HSA tier (ID TBD)",Human,HFPX-HUM-MOB-001 §6,Inspection,TBD,CONCEPT
REQ-HFPX-UMO-002,The suit shall provide joint provisions supporting defined mobility needs (suit-joint provisions TBD).,HFPX-HUM-MOB-001,"STK-002, REQ-HFPX-HUM-003, HSA tier (ID TBD)",Human,HFPX-HUM-MOB-001 §6,Inspection,TBD,CONCEPT
REQ-HFPX-UMO-003,The system shall support ground-handling tasks in defined suited configurations (ground-handling provisions TBD).,HFPX-HUM-MOB-001,"STK-002, REQ-HFPX-HUM-003, HSA tier (ID TBD)",Human,HFPX-HUM-MOB-001 §6,Inspection,TBD,CONCEPT
REQ-HFPX-UMO-004,Mobility provisions shall be verified against defined criteria (criteria TBD; Vol 30 hook TBD).,HFPX-HUM-MOB-001,"STK-002, REQ-HFPX-HUM-003, HSA tier (ID TBD)",Human,HFPX-HUM-MOB-001 §6,Inspection,TBD,CONCEPT
REQ-HFPX-UPM-001,The system shall monitor defined physiological parameters across defined phases (monitored parameters TBD).,HFPX-HUM-PHM-001,"STK-002, REQ-HFPX-HUM-004, HSA tier (ID TBD)",Human,HFPX-HUM-PHM-001 §6,Inspection,TBD,CONCEPT
REQ-HFPX-UPM-002,The system shall annunciate defined alert conditions to defined recipients per defined thresholds (alert thresholds TBD).,HFPX-HUM-PHM-001,"STK-002, REQ-HFPX-HUM-004, HSA tier (ID TBD)",Human,HFPX-HUM-PHM-001 §6,Demonstration,TBD,CONCEPT
REQ-HFPX-UPM-003,The system shall handle physiological data per defined privacy and handling provisions (data-privacy/handling TBD).,HFPX-HUM-PHM-001,"STK-002, REQ-HFPX-HUM-004, HSA tier (ID TBD)",Human,HFPX-HUM-PHM-001 §6,Inspection,TBD,CONCEPT
REQ-HFPX-UPM-004,Monitoring provisions shall be verified against defined criteria (criteria TBD; Vol 30 hook TBD).,HFPX-HUM-PHM-001,"STK-002, REQ-HFPX-HUM-004, HSA tier (ID TBD)",Human,HFPX-HUM-PHM-001 §6,Inspection,TBD,CONCEPT
REQ-HFPX-UPI-001,"The system shall provide a defined pilot-interface inventory covering controls, displays, and alerts (interface inventory TBD).",HFPX-HUM-PIF-001,"STK-002, REQ-HFPX-HUM-002, HSA tier (ID TBD)",Human,HFPX-HUM-PIF-001 §6,Demonstration,TBD,CONCEPT
REQ-HFPX-UPI-002,Pilot interfaces shall follow defined labelling and consistency provisions (labelling/consistency TBD).,HFPX-HUM-PIF-001,"STK-002, REQ-HFPX-HUM-002, HSA tier (ID TBD)",Human,HFPX-HUM-PIF-001 §6,Inspection,TBD,CONCEPT
REQ-HFPX-UPI-003,"The system shall define the pilot-interface evaluation method, including tasks and conditions (evaluation TBD).",HFPX-HUM-PIF-001,"STK-002, REQ-HFPX-HUM-001, HSA tier (ID TBD)",Human,HFPX-HUM-PIF-001 §6,Inspection,TBD,CONCEPT
REQ-HFPX-UPI-004,Interface provisions shall be verified against defined criteria (criteria TBD; Vol 30 hook TBD).,HFPX-HUM-PIF-001,"STK-002, REQ-HFPX-HUM-002, HSA tier (ID TBD)",Human,HFPX-HUM-PIF-001 §6,Inspection,TBD,CONCEPT
REQ-HFPX-UPR-001,The system shall provide pilot protection functions against defined impact effects (protection functions TBD).,HFPX-HUM-PRT-001,"STK-002, REQ-HFPX-HUM-003, HSA tier (ID TBD)",Human,HFPX-HUM-PRT-001 §6,Test,TBD,CONCEPT
REQ-HFPX-UPR-002,"The system shall provide pilot protection functions against defined thermal, fire, and noise effects (protection functions TBD).",HFPX-HUM-PRT-001,"STK-002, REQ-HFPX-HUM-003, HSA tier (ID TBD)",Human,HFPX-HUM-PRT-001 §6,Test,TBD,CONCEPT
REQ-HFPX-UPR-003,Pilot-protection provisions shall interface to defined vehicle and safety provisions (interfaces TBD; Vol 13 coordination to follow).,HFPX-HUM-PRT-001,"STK-002, REQ-HFPX-HUM-003, HSA tier (ID TBD)",Human,HFPX-HUM-PRT-001 §6,Inspection,TBD,CONCEPT
REQ-HFPX-UPR-004,Protection functions shall be verified against defined criteria (criteria TBD; Vol 30 hook TBD).,HFPX-HUM-PRT-001,"STK-002, REQ-HFPX-HUM-003, HSA tier (ID TBD)",Human,HFPX-HUM-PRT-001 §6,Test,TBD,CONCEPT
REQ-HFPX-URS-001,The system shall provide pilot-restraint functions retaining the pilot in defined phases and conditions (restraint functions TBD).,HFPX-HUM-RST-001,"STK-002, REQ-HFPX-HUM-003, HSA tier (ID TBD)",Human,HFPX-HUM-RST-001 §6,Inspection,TBD,CONCEPT
REQ-HFPX-URS-002,"The restraint shall provide release and egress provisions, including emergency egress provisions (release/egress provisions TBD).",HFPX-HUM-RST-001,"STK-002, REQ-HFPX-HUM-003, HSA tier (ID TBD)",Human,HFPX-HUM-RST-001 §6,Inspection,TBD,CONCEPT
REQ-HFPX-URS-003,The restraint shall interface to vehicle structure at defined attachment provisions (structural interface TBD; Vol 03.5 detail to follow).,HFPX-HUM-RST-001,"STK-002, REQ-HFPX-HUM-003, HSA tier (ID TBD)",Human,HFPX-HUM-RST-001 §6,Inspection,TBD,CONCEPT
REQ-HFPX-URS-004,Restraint performance and egress provisions shall be verified against defined criteria (criteria TBD; Vol 30 hook TBD).,HFPX-HUM-RST-001,"STK-002, REQ-HFPX-HUM-003, HSA tier (ID TBD)",Human,HFPX-HUM-RST-001 §6,Inspection,TBD,CONCEPT
REQ-HFPX-UTP-001,The system shall define the pilot thermal environment across defined phases and conditions (thermal environment TBD; Vol 14.4 detail to follow).,HFPX-HUM-THP-001,"STK-002, REQ-HFPX-HUM-003, HSA tier (ID TBD)",Human,HFPX-HUM-THP-001 §6,Inspection,TBD,CONCEPT
REQ-HFPX-UTP-002,The system shall provide thermal protective performance within defined bounds (protective performance TBD).,HFPX-HUM-THP-001,"STK-002, REQ-HFPX-HUM-003, HSA tier (ID TBD)",Human,HFPX-HUM-THP-001 §6,Test,TBD,CONCEPT
REQ-HFPX-UTP-003,The system shall provide thermal monitoring provisions with defined annunciation (monitoring provisions TBD).,HFPX-HUM-THP-001,"STK-002, REQ-HFPX-HUM-004, HSA tier (ID TBD)",Human,HFPX-HUM-THP-001 §6,Demonstration,TBD,CONCEPT
REQ-HFPX-UTP-004,Thermal-protection provisions shall be verified against defined criteria (criteria TBD; Vol 30 hook TBD).,HFPX-HUM-THP-001,"STK-002, REQ-HFPX-HUM-003, HSA tier (ID TBD)",Human,HFPX-HUM-THP-001 §6,Test,TBD,CONCEPT
REQ-HFPX-TAR-001,The thermal architecture shall define thermal zones with boundaries of [TBD] (boundaries TBD).,HFPX-THM-ARC-001,"REQ-HFPX-SYS-006; REQ-HFPX-ENV-001, REQ-HFPX-ENV-002",Thermal,HFPX-THM-ARC-001 §6,Inspection,TBD,CONCEPT
REQ-HFPX-TAR-002,The thermal architecture shall maintain a heat-source and heat-sink inventory of [TBD] with identities and accounting rules TBD (values TBD).,HFPX-THM-ARC-001,REQ-HFPX-SYS-006; REQ-HFPX-ENV-001,Thermal,HFPX-THM-ARC-001 §6,Inspection,TBD,CONCEPT
REQ-HFPX-TAR-003,The system shall apply defined thermal management approaches of [TBD] allocated to zones and subsystems (approaches TBD).,HFPX-THM-ARC-001,"REQ-HFPX-SYS-006; REQ-HFPX-ENV-001, REQ-HFPX-ENV-002",Thermal,HFPX-THM-ARC-001 §6,Inspection,TBD,CONCEPT
REQ-HFPX-TAR-004,Thermal models supporting this architecture shall have defined ownership and configuration of [TBD] in Vol 19.6 (ownership TBD).,HFPX-THM-ARC-001,REQ-HFPX-SYS-006,Thermal,HFPX-THM-ARC-001 §6,Inspection,TBD,CONCEPT
REQ-HFPX-TAR-005,Each thermal architecture requirement shall be verified by review of [TBD] with criteria TBD (method detail TBD).,HFPX-THM-ARC-001,REQ-HFPX-SYS-006,Thermal,HFPX-THM-ARC-001 §6,Inspection,TBD,CONCEPT
REQ-HFPX-TDU-001,The system shall define dust and erosion exposure of [TBD] with concentrations and durations TBD (values TBD).,HFPX-THM-DST-001,REQ-HFPX-SYS-006; REQ-HFPX-ENV-003,Thermal,HFPX-THM-DST-001 §6,Inspection,TBD,CONCEPT
REQ-HFPX-TDU-002,The system shall define filtration provisions of [TBD] with hooks to Vol 05.7 TBD (detail TBD).,HFPX-THM-DST-001,REQ-HFPX-SYS-006,Thermal,HFPX-THM-DST-001 §6,Inspection,TBD,CONCEPT
REQ-HFPX-TDU-003,The system shall operate within defined dust operating limits of [TBD] (limits TBD).,HFPX-THM-DST-001,REQ-HFPX-SYS-006; REQ-HFPX-ENV-003,Thermal,HFPX-THM-DST-001 §6,Inspection,TBD,CONCEPT
REQ-HFPX-TDU-004,Each dust requirement shall be verified by method of [TBD] with criteria TBD (verification TBD).,HFPX-THM-DST-001,REQ-HFPX-SYS-006,Thermal,HFPX-THM-DST-001 §6,Inspection,TBD,CONCEPT
REQ-HFPX-TEC-001,The system shall define cooled electronics items of [TBD] with inventory TBD (identities TBD).,HFPX-THM-ELC-001,REQ-HFPX-SYS-006; REQ-HFPX-ENV-001,Thermal,HFPX-THM-ELC-001 §6,Inspection,TBD,CONCEPT
REQ-HFPX-TEC-002,The system shall apply defined electronics cooling approaches of [TBD] (approaches TBD).,HFPX-THM-ELC-001,REQ-HFPX-SYS-006; REQ-HFPX-ENV-001,Thermal,HFPX-THM-ELC-001 §6,Inspection,TBD,CONCEPT
REQ-HFPX-TEC-003,The system shall operate cooled electronics within defined temperature limits of [TBD] (limits TBD).,HFPX-THM-ELC-001,REQ-HFPX-SYS-006; REQ-HFPX-ENV-001,Thermal,HFPX-THM-ELC-001 §6,Inspection,TBD,CONCEPT
REQ-HFPX-TEC-004,Each electronics cooling requirement shall be verified by method of [TBD] with criteria TBD (verification TBD).,HFPX-THM-ELC-001,REQ-HFPX-SYS-006,Thermal,HFPX-THM-ELC-001 §6,Inspection,TBD,CONCEPT
REQ-HFPX-TEN-001,The system shall define an environmental-condition inventory of [TBD] covering operating and storage/transport conditions (inventory TBD).,HFPX-THM-ENC-001,REQ-HFPX-SYS-006; REQ-HFPX-ENV-001..005,Thermal,HFPX-THM-ENC-001 §6,Inspection,TBD,CONCEPT
REQ-HFPX-TEN-002,The system shall define a design-condition set of [TBD] for design and verification (set TBD).,HFPX-THM-ENC-001,REQ-HFPX-SYS-006,Thermal,HFPX-THM-ENC-001 §6,Inspection,TBD,CONCEPT
REQ-HFPX-TEN-003,The system shall define exceedance behaviour of [TBD] for operation outside the design-condition set (behaviour TBD).,HFPX-THM-ENC-001,REQ-HFPX-SYS-006,Thermal,HFPX-THM-ENC-001 §6,Inspection,TBD,CONCEPT
REQ-HFPX-TEN-004,Each environmental-condition requirement shall be verified by method of [TBD] with criteria TBD (verification TBD).,HFPX-THM-ENC-001,REQ-HFPX-SYS-006,Thermal,HFPX-THM-ENC-001 §6,Inspection,TBD,CONCEPT
REQ-HFPX-TEH-001,The system shall define engine heat-rejection paths of [TBD] with path inventory and accounting rules TBD (values TBD).,HFPX-THM-ENH-001,REQ-HFPX-SYS-006; REQ-HFPX-ENV-001,Thermal,HFPX-THM-ENH-001 §6,Model + Test,TBD,CONCEPT
REQ-HFPX-TEH-002,The system shall identify engine-heat-affected structures of [TBD] with interfaces to Vol 03.19 TBD (identities TBD).,HFPX-THM-ENH-001,REQ-HFPX-SYS-006; REQ-HFPX-ENV-001,Thermal,HFPX-THM-ENH-001 §6,Model + Test,TBD,CONCEPT
REQ-HFPX-TEH-003,The system shall operate within defined engine-heat thermal limits of [TBD] (limits TBD).,HFPX-THM-ENH-001,REQ-HFPX-SYS-006; REQ-HFPX-ENV-001,Thermal,HFPX-THM-ENH-001 §6,Model + Test,TBD,CONCEPT
REQ-HFPX-TEH-004,Each engine-heat requirement shall be verified by model of [TBD] and test of [TBD] with correlation criteria TBD (detail TBD).,HFPX-THM-ENH-001,REQ-HFPX-SYS-006,Thermal,HFPX-THM-ENH-001 §6,Model + Test,TBD,CONCEPT
REQ-HFPX-TEX-001,The system shall define an exhaust plume-impingement inventory of [TBD] with affected regions TBD (values TBD).,HFPX-THM-EXH-001,REQ-HFPX-SYS-006; REQ-HFPX-ENV-001,Thermal,HFPX-THM-EXH-001 §6,Model + Test,TBD,CONCEPT
REQ-HFPX-TEX-002,The system shall identify exhaust-heat pilot and airframe interfaces of [TBD] with Vol 06/12 boundaries TBD (identities TBD).,HFPX-THM-EXH-001,REQ-HFPX-SYS-006; REQ-HFPX-ENV-001,Thermal,HFPX-THM-EXH-001 §6,Model + Test,TBD,CONCEPT
REQ-HFPX-TEX-003,The system shall apply defined exhaust-heat mitigation approaches of [TBD] (approaches TBD).,HFPX-THM-EXH-001,REQ-HFPX-SYS-006; REQ-HFPX-ENV-001,Thermal,HFPX-THM-EXH-001 §6,Model + Test,TBD,CONCEPT
REQ-HFPX-TEX-004,Each exhaust-heat requirement shall be verified by method of [TBD] with criteria TBD (verification TBD).,HFPX-THM-EXH-001,REQ-HFPX-SYS-006,Thermal,HFPX-THM-EXH-001 §6,Inspection,TBD,CONCEPT
REQ-HFPX-TFM-001,The system shall maintain fuel within defined temperature limits of [TBD] (limits TBD).,HFPX-THM-FTM-001,"REQ-HFPX-SYS-006; REQ-HFPX-ENV-001, REQ-HFPX-ENV-002",Thermal,HFPX-THM-FTM-001 §6,Inspection,TBD,CONCEPT
REQ-HFPX-TFM-002,The system shall define fuel heating and cooling drivers of [TBD] (drivers TBD).,HFPX-THM-FTM-001,REQ-HFPX-SYS-006,Thermal,HFPX-THM-FTM-001 §6,Inspection,TBD,CONCEPT
REQ-HFPX-TFM-003,The system shall provide fuel-temperature sensor interfaces of [TBD] with hooks to Vol 05.12 TBD (detail TBD).,HFPX-THM-FTM-001,REQ-HFPX-SYS-006,Thermal,HFPX-THM-FTM-001 §6,Inspection,TBD,CONCEPT
REQ-HFPX-TFM-004,Each fuel thermal management requirement shall be verified by method of [TBD] with criteria TBD (verification TBD).,HFPX-THM-FTM-001,REQ-HFPX-SYS-006,Thermal,HFPX-THM-FTM-001 §6,Inspection,TBD,CONCEPT
REQ-HFPX-THT-001,The system shall define a high-temperature operating definition of [TBD] including soak associations TBD (values TBD).,HFPX-THM-HTM-001,REQ-HFPX-SYS-006; REQ-HFPX-ENV-001,Thermal,HFPX-THM-HTM-001 §6,Inspection,TBD,CONCEPT
REQ-HFPX-THT-002,The system shall define derating and behaviour under high temperature of [TBD] (behaviour TBD).,HFPX-THM-HTM-001,REQ-HFPX-SYS-006,Thermal,HFPX-THM-HTM-001 §6,Inspection,TBD,CONCEPT
REQ-HFPX-THT-003,The system shall withstand defined high-temperature storage conditions of [TBD] and remain serviceable (bounds TBD).,HFPX-THM-HTM-001,REQ-HFPX-SYS-006; REQ-HFPX-ENV-005,Thermal,HFPX-THM-HTM-001 §6,Inspection,TBD,CONCEPT
REQ-HFPX-THT-004,Each high-temperature requirement shall be verified by method of [TBD] with criteria TBD (verification TBD).,HFPX-THM-HTM-001,REQ-HFPX-SYS-006,Thermal,HFPX-THM-HTM-001 §6,Inspection,TBD,CONCEPT
REQ-HFPX-THU-001,The system shall define humidity and condensation exposure of [TBD] with levels and durations TBD (values TBD).,HFPX-THM-HUM-001,REQ-HFPX-SYS-006; REQ-HFPX-ENV-003,Thermal,HFPX-THM-HUM-001 §6,Inspection,TBD,CONCEPT
REQ-HFPX-THU-002,The system shall provide humidity and condensation protection of [TBD] (protection TBD).,HFPX-THM-HUM-001,REQ-HFPX-SYS-006,Thermal,HFPX-THM-HUM-001 §6,Test,TBD,CONCEPT
REQ-HFPX-THU-003,The system shall withstand defined humidity storage conditions of [TBD] and remain serviceable (bounds TBD).,HFPX-THM-HUM-001,REQ-HFPX-SYS-006; REQ-HFPX-ENV-005,Thermal,HFPX-THM-HUM-001 §6,Inspection,TBD,CONCEPT
REQ-HFPX-THU-004,Each humidity requirement shall be verified by method of [TBD] with criteria TBD (verification TBD).,HFPX-THM-HUM-001,REQ-HFPX-SYS-006,Thermal,HFPX-THM-HUM-001 §6,Inspection,TBD,CONCEPT
REQ-HFPX-TLT-001,The system shall define a low-temperature operating definition of [TBD] including soak associations TBD (values TBD).,HFPX-THM-LTM-001,REQ-HFPX-SYS-006; REQ-HFPX-ENV-002,Thermal,HFPX-THM-LTM-001 §6,Inspection,TBD,CONCEPT
REQ-HFPX-TLT-002,The system shall define start and operability behaviour at low temperature of [TBD] (behaviour TBD).,HFPX-THM-LTM-001,REQ-HFPX-SYS-006,Thermal,HFPX-THM-LTM-001 §6,Inspection,TBD,CONCEPT
REQ-HFPX-TLT-003,The system shall withstand defined low-temperature storage conditions of [TBD] and remain serviceable (bounds TBD).,HFPX-THM-LTM-001,REQ-HFPX-SYS-006; REQ-HFPX-ENV-005,Thermal,HFPX-THM-LTM-001 §6,Inspection,TBD,CONCEPT
REQ-HFPX-TLT-004,Each low-temperature requirement shall be verified by method of [TBD] with criteria TBD (verification TBD).,HFPX-THM-LTM-001,REQ-HFPX-SYS-006,Thermal,HFPX-THM-LTM-001 §6,Inspection,TBD,CONCEPT
REQ-HFPX-TPT-001,The system shall define the pilot thermal environment of [TBD] with conditions and phases TBD (values TBD).,HFPX-THM-PTP-001,"REQ-HFPX-SYS-006; REQ-HFPX-ENV-001, REQ-HFPX-ENV-002",Thermal,HFPX-THM-PTP-001 §6,Inspection,TBD,CONCEPT
REQ-HFPX-TPT-002,The system shall provide pilot thermal protective performance of [TBD] with interfaces to Vol 12.8 TBD (performance TBD).,HFPX-THM-PTP-001,REQ-HFPX-SYS-006; REQ-HFPX-ENV-001,Thermal,HFPX-THM-PTP-001 §6,Test,TBD,CONCEPT
REQ-HFPX-TPT-003,The system shall provide pilot thermal monitoring of [TBD] with parameters and thresholds TBD (detail TBD).,HFPX-THM-PTP-001,REQ-HFPX-SYS-006,Thermal,HFPX-THM-PTP-001 §6,Inspection,TBD,CONCEPT
REQ-HFPX-TPT-004,Each pilot thermal protection requirement shall be verified by method of [TBD] with criteria TBD (verification TBD).,HFPX-THM-PTP-001,REQ-HFPX-SYS-006,Thermal,HFPX-THM-PTP-001 §6,Test,TBD,CONCEPT
REQ-HFPX-TRN-001,The system shall define rain and ingress exposure of [TBD] with rates and durations TBD (values TBD).,HFPX-THM-RAN-001,REQ-HFPX-SYS-006; REQ-HFPX-ENV-003,Thermal,HFPX-THM-RAN-001 §6,Inspection,TBD,CONCEPT
REQ-HFPX-TRN-002,The system shall define rain effects on engines and sensors of [TBD] (effects TBD).,HFPX-THM-RAN-001,REQ-HFPX-SYS-006,Thermal,HFPX-THM-RAN-001 §6,Inspection,TBD,CONCEPT
REQ-HFPX-TRN-003,The system shall operate within defined rain operating limits of [TBD] (limits TBD).,HFPX-THM-RAN-001,REQ-HFPX-SYS-006; REQ-HFPX-ENV-003,Thermal,HFPX-THM-RAN-001 §6,Inspection,TBD,CONCEPT
REQ-HFPX-TRN-004,Each rain requirement shall be verified by method of [TBD] with criteria TBD (verification TBD).,HFPX-THM-RAN-001,REQ-HFPX-SYS-006,Thermal,HFPX-THM-RAN-001 §6,Inspection,TBD,CONCEPT
REQ-HFPX-TTS-001,The programme shall define a thermal test thread of [TBD] tracing Chapters 14.1–14.13 (thread TBD).,HFPX-THM-TST-001,REQ-HFPX-SYS-006; REQ-HFPX-ENV-001..005,Thermal,HFPX-THM-TST-001 §6,Test,TBD,CONCEPT
REQ-HFPX-TTS-002,Each thermal test shall apply defined pass/fail criteria of [TBD] (criteria TBD).,HFPX-THM-TST-001,REQ-HFPX-SYS-006,Thermal,HFPX-THM-TST-001 §6,Test,TBD,CONCEPT
REQ-HFPX-TTS-003,Thermal tests shall correlate to models of [TBD] with correlation criteria TBD (correlation TBD).,HFPX-THM-TST-001,REQ-HFPX-SYS-006,Thermal,HFPX-THM-TST-001 §6,Analysis + Test,TBD,CONCEPT
REQ-HFPX-TTS-004,Thermal test artefacts shall provide hooks of [TBD] to 23.6 and Vol 22/23 (hooks TBD).,HFPX-THM-TST-001,REQ-HFPX-SYS-006,Thermal,HFPX-THM-TST-001 §6,Inspection,TBD,CONCEPT
REQ-HFPX-TWN-001,The system shall define the wind environment of [TBD] with interfaces to Vol 06.17 TBD (values TBD).,HFPX-THM-WND-001,REQ-HFPX-SYS-006; REQ-HFPX-ENV-004,Thermal,HFPX-THM-WND-001 §6,Inspection,TBD,CONCEPT
REQ-HFPX-TWN-002,The system shall operate within defined wind operating limits of [TBD] (limits TBD).,HFPX-THM-WND-001,REQ-HFPX-SYS-006; REQ-HFPX-ENV-004,Thermal,HFPX-THM-WND-001 §6,Inspection,TBD,CONCEPT
REQ-HFPX-TWN-003,The system shall define ground-operations wind provisions of [TBD] (provisions TBD).,HFPX-THM-WND-001,REQ-HFPX-SYS-006,Thermal,HFPX-THM-WND-001 §6,Inspection,TBD,CONCEPT
REQ-HFPX-TWN-004,Each wind requirement shall be verified by method of [TBD] with criteria TBD (verification TBD).,HFPX-THM-WND-001,REQ-HFPX-SYS-006,Thermal,HFPX-THM-WND-001 §6,Inspection,TBD,CONCEPT
REQ-HFPX-EAR-001,"The electrical architecture shall define the source, distribution, conversion, protection, and grounding structure (details TBD).",HFPX-ELE-ARC-001,SAD PWR view (HFPX-ARC-PWR-001); SYS tier,Electrical,HFPX-ELE-ARC-001 §6,Inspection,TBD,CONCEPT
REQ-HFPX-EAR-002,The electrical architecture shall define bus segregation structure for flight-critical and mission load paths (topology TBD).,HFPX-ELE-ARC-001,SAD PWR view (HFPX-ARC-PWR-001); SYS tier,Electrical,HFPX-ELE-ARC-001 §6,Analysis,TBD,CONCEPT
REQ-HFPX-EAR-003,"The electrical architecture shall define power-state structure across normal, degraded, and emergency states (definitions TBD).",HFPX-ELE-ARC-001,SAD PWR view (HFPX-ARC-PWR-001); SYS tier,Electrical,HFPX-ELE-ARC-001 §6,Analysis,TBD,CONCEPT
REQ-HFPX-EAR-004,"The electrical architecture shall allocate load-feed structures to avionics, helmet, and sensor domains (details TBD).",HFPX-ELE-ARC-001,SAD PWR view (HFPX-ARC-PWR-001); Vol 08.7 / 10.16 hooks,Electrical,HFPX-ELE-ARC-001 §6,Inspection,TBD,CONCEPT
REQ-HFPX-EAR-005,The electrical architecture shall define grounding and EMI/EMC structural principles (limits TBD).,HFPX-ELE-ARC-001,SAD PWR view (HFPX-ARC-PWR-001); SYS tier,Electrical,HFPX-ELE-ARC-001 §6,Analysis,TBD,CONCEPT
REQ-HFPX-EAP-001,The auxiliary power structure shall define the auxiliary source role and operating-state coverage (ratings TBD).,HFPX-ELE-AUX-001,HFPX-ELE-ARC-001; SAD PWR view; SYS tier,Electrical,HFPX-ELE-AUX-001 §6,Inspection,TBD,CONCEPT
REQ-HFPX-EAP-002,The auxiliary power structure shall define the auxiliary source output boundary to distribution (definition TBD).,HFPX-ELE-AUX-001,HFPX-ELE-ARC-001; SAD PWR view,Electrical,HFPX-ELE-AUX-001 §6,Inspection,TBD,CONCEPT
REQ-HFPX-EAP-003,"The auxiliary power structure shall define transfer structure between primary, auxiliary, battery, and emergency sources (logic TBD).",HFPX-ELE-AUX-001,HFPX-ELE-ARC-001; Vol 13.16 hook,Electrical,HFPX-ELE-AUX-001 §6,Analysis,TBD,CONCEPT
REQ-HFPX-EAP-004,The auxiliary power structure shall define auxiliary-source status and control interface structure (details TBD).,HFPX-ELE-AUX-001,HFPX-ELE-ARC-001; SYS tier,Electrical,HFPX-ELE-AUX-001 §6,Inspection,TBD,CONCEPT
REQ-HFPX-EAV-001,The avionics power structure shall define avionics feed structure from distribution (details TBD).,HFPX-ELE-AVP-001,HFPX-ELE-ARC-001; SAD PWR view; SYS tier,Electrical,HFPX-ELE-AVP-001 §6,Inspection,TBD,CONCEPT
REQ-HFPX-EAV-002,The avionics power structure shall define segregation provisions for designated avionics paths (details TBD).,HFPX-ELE-AVP-001,HFPX-ELE-ARC-001; Vol 13.16 hook,Electrical,HFPX-ELE-AVP-001 §6,Analysis,TBD,CONCEPT
REQ-HFPX-EAV-003,The avionics power structure shall define avionics load-interface boundaries per Vol 08.7 hook (definitions TBD).,HFPX-ELE-AVP-001,HFPX-ELE-ARC-001; Vol 08.7 hook,Electrical,HFPX-ELE-AVP-001 §6,Inspection,TBD,CONCEPT
REQ-HFPX-EAV-004,The avionics power structure shall define avionics-feed monitoring and control interface structure (details TBD).,HFPX-ELE-AVP-001,HFPX-ELE-ARC-001; SYS tier,Electrical,HFPX-ELE-AVP-001 §6,Inspection,TBD,CONCEPT
REQ-HFPX-EBT-001,The battery structure shall define battery roles and operating-state coverage (chemistry and ratings TBD; no chemistry selected).,HFPX-ELE-BAT-001,HFPX-ELE-ARC-001; SAD PWR view; SYS tier,Electrical,HFPX-ELE-BAT-001 §6,Inspection,TBD,CONCEPT
REQ-HFPX-EBT-002,The battery structure shall define battery output and charging boundaries to distribution (definitions TBD).,HFPX-ELE-BAT-001,HFPX-ELE-ARC-001; SAD PWR view,Electrical,HFPX-ELE-BAT-001 §6,Inspection,TBD,CONCEPT
REQ-HFPX-EBT-003,"The battery structure shall define containment, monitoring, and maintenance provisions structure (details TBD).",HFPX-ELE-BAT-001,HFPX-ELE-ARC-001; Vol 13.16 hook,Electrical,HFPX-ELE-BAT-001 §6,Analysis,TBD,CONCEPT
REQ-HFPX-EBT-004,The battery structure shall define battery safety hooks to Vol 13.16 analyses (details TBD).,HFPX-ELE-BAT-001,HFPX-ELE-ARC-001; Vol 13.16 hook,Electrical,HFPX-ELE-BAT-001 §6,Inspection,TBD,CONCEPT
REQ-HFPX-EPC-001,The conversion structure shall define conversion functions and placement provisions (topology TBD).,HFPX-ELE-CNV-001,HFPX-ELE-ARC-001; SAD PWR view; SYS tier,Electrical,HFPX-ELE-CNV-001 §6,Inspection,TBD,CONCEPT
REQ-HFPX-EPC-002,The conversion structure shall define conversion input and output boundaries to distribution and loads (definitions TBD).,HFPX-ELE-CNV-001,HFPX-ELE-ARC-001; SAD PWR view,Electrical,HFPX-ELE-CNV-001 §6,Inspection,TBD,CONCEPT
REQ-HFPX-EPC-003,The conversion structure shall define conversion fault and bypass behaviour structure (details TBD).,HFPX-ELE-CNV-001,HFPX-ELE-ARC-001; Vol 13.16 hook,Electrical,HFPX-ELE-CNV-001 §6,Analysis,TBD,CONCEPT
REQ-HFPX-EPC-004,The conversion structure shall define conversion status and control interface structure (details TBD).,HFPX-ELE-CNV-001,HFPX-ELE-ARC-001; SYS tier,Electrical,HFPX-ELE-CNV-001 §6,Inspection,TBD,CONCEPT
REQ-HFPX-ECP-001,"The protection structure shall define fault-interruption functions for sources, buses, and feeders (settings TBD).",HFPX-ELE-CTP-001,HFPX-ELE-ARC-001; SAD PWR view; SYS tier,Electrical,HFPX-ELE-CTP-001 §6,Inspection,TBD,CONCEPT
REQ-HFPX-ECP-002,The protection structure shall define selectivity provisions across protection boundaries (details TBD).,HFPX-ELE-CTP-001,HFPX-ELE-ARC-001; SAD PWR view,Electrical,HFPX-ELE-CTP-001 §6,Analysis,TBD,CONCEPT
REQ-HFPX-ECP-003,The protection structure shall define protection status and reset behaviour structure (details TBD).,HFPX-ELE-CTP-001,HFPX-ELE-ARC-001; SYS tier,Electrical,HFPX-ELE-CTP-001 §6,Inspection,TBD,CONCEPT
REQ-HFPX-ECP-004,The protection structure shall define protection safety hooks to Vol 13.16 analyses (details TBD).,HFPX-ELE-CTP-001,HFPX-ELE-ARC-001; Vol 13.16 hook,Electrical,HFPX-ELE-CTP-001 §6,Inspection,TBD,CONCEPT
REQ-HFPX-EPD-001,The distribution structure shall define bus and feeder structure from sources to loads (topology TBD).,HFPX-ELE-DST-001,HFPX-ELE-ARC-001; SAD PWR view; SYS tier,Electrical,HFPX-ELE-DST-001 §6,Inspection,TBD,CONCEPT
REQ-HFPX-EPD-002,The distribution structure shall define segregation structure for designated load paths (details TBD).,HFPX-ELE-DST-001,HFPX-ELE-ARC-001; Vol 13.16 hook,Electrical,HFPX-ELE-DST-001 §6,Analysis,TBD,CONCEPT
REQ-HFPX-EPD-003,"The distribution structure shall define load-connection provisions for avionics, helmet, and sensor feeds (details TBD).",HFPX-ELE-DST-001,HFPX-ELE-ARC-001; Vol 08.7 / 10.16 hooks,Electrical,HFPX-ELE-DST-001 §6,Inspection,TBD,CONCEPT
REQ-HFPX-EPD-004,The distribution structure shall define distribution control and status interface structure (details TBD).,HFPX-ELE-DST-001,HFPX-ELE-ARC-001; SYS tier,Electrical,HFPX-ELE-DST-001 §6,Inspection,TBD,CONCEPT
REQ-HFPX-EMC-001,The EMI/EMC structure shall define emission control provisions structure (practice and limits TBD).,HFPX-ELE-EMC-001,HFPX-ELE-ARC-001; SAD PWR view; SYS tier,Electrical,HFPX-ELE-EMC-001 §6,Inspection,TBD,CONCEPT
REQ-HFPX-EMC-002,The EMI/EMC structure shall define susceptibility control provisions structure (practice and levels TBD).,HFPX-ELE-EMC-001,HFPX-ELE-ARC-001; SAD PWR view; SYS tier,Electrical,HFPX-ELE-EMC-001 §6,Inspection,TBD,CONCEPT
REQ-HFPX-EMC-003,"The EMI/EMC structure shall define zoning, bonding, and shielding provisions structure (details TBD).",HFPX-ELE-EMC-001,HFPX-ELE-ARC-001; SAD PWR view,Electrical,HFPX-ELE-EMC-001 §6,Analysis,TBD,CONCEPT
REQ-HFPX-EMC-004,The EMI/EMC structure shall define EMI/EMC verification provisions structured according to DO-160 concepts only (applicability TBD).,HFPX-ELE-EMC-001,HFPX-ELE-ARC-001; SYS tier,Electrical,HFPX-ELE-EMC-001 §6,Inspection,TBD,CONCEPT
REQ-HFPX-EEP-001,The emergency power structure shall define the emergency source role and covered states (ratings TBD).,HFPX-ELE-EMG-001,HFPX-ELE-ARC-001; SAD PWR view; SYS tier,Electrical,HFPX-ELE-EMG-001 §6,Inspection,TBD,CONCEPT
REQ-HFPX-EEP-002,The emergency power structure shall define emergency feeds to designated loads including Vol 13.16 safety loads (lists TBD).,HFPX-ELE-EMG-001,HFPX-ELE-ARC-001; Vol 13.16 hook,Electrical,HFPX-ELE-EMG-001 §6,Inspection,TBD,CONCEPT
REQ-HFPX-EEP-003,The emergency power structure shall define activation and transfer behaviour structure (logic TBD).,HFPX-ELE-EMG-001,HFPX-ELE-ARC-001; SAD PWR view; Vol 13.16 hook,Electrical,HFPX-ELE-EMG-001 §6,Analysis,TBD,CONCEPT
REQ-HFPX-EEP-004,The emergency power structure shall define emergency-source status and control interface structure (details TBD).,HFPX-ELE-EMG-001,HFPX-ELE-ARC-001; SYS tier,Electrical,HFPX-ELE-EMG-001 §6,Inspection,TBD,CONCEPT
REQ-HFPX-EGR-001,The grounding structure shall define reference and return provisions structure (scheme TBD).,HFPX-ELE-GND-001,HFPX-ELE-ARC-001; SAD PWR view; SYS tier,Electrical,HFPX-ELE-GND-001 §6,Inspection,TBD,CONCEPT
REQ-HFPX-EGR-002,The grounding structure shall define bonding provisions structure for equipment and structure (details TBD).,HFPX-ELE-GND-001,HFPX-ELE-ARC-001; SAD PWR view,Electrical,HFPX-ELE-GND-001 §6,Inspection,TBD,CONCEPT
REQ-HFPX-EGR-003,The grounding structure shall define segregation provisions for designated ground paths (details TBD).,HFPX-ELE-GND-001,HFPX-ELE-ARC-001; SAD PWR view,Electrical,HFPX-ELE-GND-001 §6,Analysis,TBD,CONCEPT
REQ-HFPX-EGR-004,The grounding structure shall define grounding safety hooks to Vol 13.16 analyses (details TBD).,HFPX-ELE-GND-001,HFPX-ELE-ARC-001; Vol 13.16 hook,Electrical,HFPX-ELE-GND-001 §6,Inspection,TBD,CONCEPT
REQ-HFPX-EHP-001,The helmet power structure shall define helmet feed structure from distribution (details TBD).,HFPX-ELE-HMP-001,HFPX-ELE-ARC-001; SAD PWR view; SYS tier,Electrical,HFPX-ELE-HMP-001 §6,Inspection,TBD,CONCEPT
REQ-HFPX-EHP-002,The helmet power structure shall define disconnect and routing provisions structure for crew-worn interfaces (design TBD).,HFPX-ELE-HMP-001,HFPX-ELE-ARC-001; Vol 10.16 hook,Electrical,HFPX-ELE-HMP-001 §6,Inspection,TBD,CONCEPT
REQ-HFPX-EHP-003,The helmet power structure shall define helmet load-interface boundaries per Vol 10.16 hook (definitions TBD).,HFPX-ELE-HMP-001,HFPX-ELE-ARC-001; Vol 10.16 hook,Electrical,HFPX-ELE-HMP-001 §6,Inspection,TBD,CONCEPT
REQ-HFPX-EHP-004,The helmet power structure shall define helmet-feed monitoring and protection provisions structure (details TBD).,HFPX-ELE-HMP-001,HFPX-ELE-ARC-001; Vol 13.16 hook,Electrical,HFPX-ELE-HMP-001 §6,Analysis,TBD,CONCEPT
REQ-HFPX-EPP-001,The primary power structure shall define the primary source role and operating-state coverage (ratings TBD).,HFPX-ELE-PRP-001,HFPX-ELE-ARC-001; SAD PWR view; SYS tier,Electrical,HFPX-ELE-PRP-001 §6,Inspection,TBD,CONCEPT
REQ-HFPX-EPP-002,The primary power structure shall define the primary source output boundary to distribution (definition TBD).,HFPX-ELE-PRP-001,HFPX-ELE-ARC-001; SAD PWR view,Electrical,HFPX-ELE-PRP-001 §6,Inspection,TBD,CONCEPT
REQ-HFPX-EPP-003,The primary power structure shall define primary-source fault and disconnect behaviour structure (details TBD).,HFPX-ELE-PRP-001,HFPX-ELE-ARC-001; Vol 13.16 hook,Electrical,HFPX-ELE-PRP-001 §6,Analysis,TBD,CONCEPT
REQ-HFPX-EPP-004,The primary power structure shall define primary-source status and control interface structure (details TBD).,HFPX-ELE-PRP-001,HFPX-ELE-ARC-001; SYS tier,Electrical,HFPX-ELE-PRP-001 §6,Inspection,TBD,CONCEPT
REQ-HFPX-ESP-001,The sensor power structure shall define sensor feed structure from distribution (details TBD).,HFPX-ELE-SNP-001,HFPX-ELE-ARC-001; SAD PWR view; SYS tier,Electrical,HFPX-ELE-SNP-001 §6,Inspection,TBD,CONCEPT
REQ-HFPX-ESP-002,The sensor power structure shall define segregation provisions for designated sensor paths (details TBD).,HFPX-ELE-SNP-001,HFPX-ELE-ARC-001; SAD PWR view,Electrical,HFPX-ELE-SNP-001 §6,Analysis,TBD,CONCEPT
REQ-HFPX-ESP-003,The sensor power structure shall define sensor load-interface boundaries (definitions TBD).,HFPX-ELE-SNP-001,HFPX-ELE-ARC-001; Vol 08.7 hook,Electrical,HFPX-ELE-SNP-001 §6,Inspection,TBD,CONCEPT
REQ-HFPX-ESP-004,The sensor power structure shall define sensor-feed monitoring and protection provisions structure (details TBD).,HFPX-ELE-SNP-001,HFPX-ELE-ARC-001; Vol 13.16 hook,Electrical,HFPX-ELE-SNP-001 §6,Analysis,TBD,CONCEPT
REQ-HFPX-ETS-001,"The testing structure shall define test categories for sources, distribution, conversion, and protection (procedures TBD).",HFPX-ELE-TST-001,HFPX-ELE-ARC-001; SAD PWR view; SYS tier,Electrical,HFPX-ELE-TST-001 §6,Inspection,TBD,CONCEPT
REQ-HFPX-ETS-002,The testing structure shall define grounding and feed test coverage provisions (details TBD).,HFPX-ELE-TST-001,HFPX-ELE-ARC-001; SAD PWR view,Electrical,HFPX-ELE-TST-001 §6,Inspection,TBD,CONCEPT
REQ-HFPX-ETS-003,The testing structure shall define EMI/EMC test methodology provisions (applicability TBD; pass/fail TBD).,HFPX-ELE-TST-001,HFPX-ELE-ARC-001; SYS tier,Electrical,HFPX-ELE-TST-001 §6,Inspection,TBD,CONCEPT
REQ-HFPX-ETS-004,The testing structure shall define test gating provisions to later tranches (criteria TBD; pass/fail TBD).,HFPX-ELE-TST-001,HFPX-ELE-ARC-001; SYS tier; Vol 13.16 hook,Electrical,HFPX-ELE-TST-001 §6,Analysis,TBD,CONCEPT
REQ-HFPX-WAL-001,The flight-algorithm inventory shall be defined (algorithms TBD).,HFPX-SW-ALG-001,SYS-002; REQ-HFPX-SWA-001; VVP,Software,HFPX-SW-ALG-001 §6,Inspection,TBD,CONCEPT
REQ-HFPX-WAL-002,"No AI function shall reside in the primary flight path; AI, if present, shall be advisory-only in a segregated partition.",HFPX-SW-ALG-001,SYS-002; REQ-HFPX-SWA-002; VVP,Software,HFPX-SW-ALG-001 §6,Inspection,TBD,CONCEPT
REQ-HFPX-WAL-003,Flight algorithms shall be verified by review and test (details TBD).,HFPX-SW-ALG-001,SYS-002; REQ-HFPX-SWA-002; VVP,Software,HFPX-SW-ALG-001 §6,Inspection + Test,TBD,CONCEPT
REQ-HFPX-WAL-004,Flight algorithms shall enforce versioning and traceability discipline per Vol 16 (scheme TBD).,HFPX-SW-ALG-001,SYS-002; REQ-HFPX-SWA-004; VVP,Software,HFPX-SW-ALG-001 §6,Inspection,TBD,CONCEPT
REQ-HFPX-WSA-001,The software architecture shall define layered software structure (contents TBD).,HFPX-SW-ARC-001,SYS-002; REQ-HFPX-SWA-001; VVP,Software,HFPX-SW-ARC-001 §6,Inspection,TBD,CONCEPT
REQ-HFPX-WSA-002,The architecture shall define flight and safety partitions with independence provisions (mechanism TBD).,HFPX-SW-ARC-001,SYS-002; REQ-HFPX-SWA-002; VVP,Software,HFPX-SW-ARC-001 §6,Inspection,TBD,CONCEPT
REQ-HFPX-WSA-003,Primary flight-control software shall be deterministic and bounded and independently verifiable (bounds TBD).,HFPX-SW-ARC-001,SYS-002; REQ-HFPX-SWA-002; VVP,Software,HFPX-SW-ARC-001 §6,Inspection,TBD,CONCEPT
REQ-HFPX-WSA-004,"AI functions, if present, shall reside in a segregated advisory partition and never override pilot or safety authority.",HFPX-SW-ARC-001,SYS-002; REQ-HFPX-SWA-002; VVP,Software,HFPX-SW-ARC-001 §6,Test,TBD,CONCEPT
REQ-HFPX-WSA-005,Interface ownership for software layers and partitions shall be defined (TBD) and verified by review.,HFPX-SW-ARC-001,SYS-002; REQ-HFPX-SWA-004; VVP,Software,HFPX-SW-ARC-001 §6,Inspection,TBD,CONCEPT
REQ-HFPX-WCF-001,Software configuration management shall provide versioning and branching control for software items (scheme TBD).,HFPX-SW-CFG-001,SYS-002; WDP/WSA tier; VVP thread,Software,HFPX-SW-CFG-001 §6,Inspection,TBD,CONCEPT
REQ-HFPX-WCF-002,Software configuration management shall enforce a defined baseline rule for software items (rule TBD).,HFPX-SW-CFG-001,SYS-002; WDP/WSA tier; VVP thread,Software,HFPX-SW-CFG-001 §6,Inspection,TBD,CONCEPT
REQ-HFPX-WCF-003,Software configuration management shall provide change trace from change requests through affected items to verification (mechanism TBD).,HFPX-SW-CFG-001,SYS-002; WDP/WSA tier; VVP thread,Software,HFPX-SW-CFG-001 §6,Inspection,TBD,CONCEPT
REQ-HFPX-WCF-004,Software configuration management shall produce release records for software releases (contents TBD).,HFPX-SW-CFG-001,SYS-002; WDP/WSA tier; VVP thread,Software,HFPX-SW-CFG-001 §6,Inspection,TBD,CONCEPT
REQ-HFPX-WCM-001,The communications software shall implement protocols as defined in Vol 11 (protocols TBD).,HFPX-SW-COM-001,SYS-002; WDP/WSA tier; VVP thread,Software,HFPX-SW-COM-001 §6,Inspection + Test,TBD,CONCEPT
REQ-HFPX-WCM-002,The communications software shall implement loss-of-link behaviour as defined in Vol 11.9 (criteria and responses TBD).,HFPX-SW-COM-001,SYS-002; WDP/WSA tier; VVP thread,Software,HFPX-SW-COM-001 §6,Analysis + Test,TBD,CONCEPT
REQ-HFPX-WCM-003,The communications software shall provide security hooks as defined in Vol 17 (mechanisms TBD).,HFPX-SW-COM-001,SYS-002; WDP/WSA tier; VVP thread,Software,HFPX-SW-COM-001 §6,Inspection,TBD,CONCEPT
REQ-HFPX-WCM-004,Verification of communications software shall be defined per the VVP thread (verification approach TBD).,HFPX-SW-COM-001,SYS-002; WDP/WSA tier; VVP thread,Software,HFPX-SW-COM-001 §6,Inspection,TBD,CONCEPT
REQ-HFPX-WCS-001,"Control-law implementation shall be defined consistent with Vol 07 laws (implementation TBD, no numeric gains stated).",HFPX-SW-CTL-001,SYS-002; REQ-HFPX-SWA-001; VVP,Software,HFPX-SW-CTL-001 §6,Inspection,TBD,CONCEPT
REQ-HFPX-WCS-002,Control switching provisions shall be defined (modes and transitions TBD).,HFPX-SW-CTL-001,SYS-002; REQ-HFPX-SWA-002; VVP,Software,HFPX-SW-CTL-001 §6,Inspection,TBD,CONCEPT
REQ-HFPX-WCS-003,Control software shall be deterministic and bounded and independently verifiable (bounds TBD).,HFPX-SW-CTL-001,SYS-002; REQ-HFPX-SWA-002; VVP,Software,HFPX-SW-CTL-001 §6,Analysis + Test,TBD,CONCEPT
REQ-HFPX-WCS-004,Control software shall be verified within the FVV thread by review and test (details TBD).,HFPX-SW-CTL-001,SYS-002; REQ-HFPX-SWA-002; VVP,Software,HFPX-SW-CTL-001 §6,Inspection + Test,TBD,CONCEPT
REQ-HFPX-WSD-001,The sensor-driver inventory shall be defined consistent with Vol 09 sensors (inventory TBD).,HFPX-SW-DRV-001,SYS-002; REQ-HFPX-SWA-001; VVP,Software,HFPX-SW-DRV-001 §6,Inspection,TBD,CONCEPT
REQ-HFPX-WSD-002,Sensor-driver timing provisions shall be defined (budgets TBD).,HFPX-SW-DRV-001,SYS-002; REQ-HFPX-SWA-002; VVP,Software,HFPX-SW-DRV-001 §6,Analysis,TBD,CONCEPT
REQ-HFPX-WSD-003,Sensor-driver fault handling shall be defined (detection and containment TBD).,HFPX-SW-DRV-001,SYS-002; REQ-HFPX-SWA-002; VVP,Software,HFPX-SW-DRV-001 §6,Inspection + Test,TBD,CONCEPT
REQ-HFPX-WSD-004,Sensor drivers shall be verified by review and test (details TBD).,HFPX-SW-DRV-001,SYS-002; REQ-HFPX-SWA-002; VVP,Software,HFPX-SW-DRV-001 §6,Inspection + Test,TBD,CONCEPT
REQ-HFPX-WFS-001,Flight software shall be deterministic and bounded and independently verifiable (bounds TBD).,HFPX-SW-FLT-001,SYS-002; REQ-HFPX-SWA-002; VVP,Software,HFPX-SW-FLT-001 §6,Analysis + Test,TBD,CONCEPT
REQ-HFPX-WFS-002,Flight software timing budgets including WCET provisions shall be defined (values TBD).,HFPX-SW-FLT-001,SYS-002; REQ-HFPX-SWA-002; VVP,Software,HFPX-SW-FLT-001 §6,Analysis,TBD,CONCEPT
REQ-HFPX-WFS-003,Flight software shall enforce versioning and traceability discipline per Vol 16 (scheme TBD).,HFPX-SW-FLT-001,SYS-002; REQ-HFPX-SWA-004; VVP,Software,HFPX-SW-FLT-001 §6,Inspection,TBD,CONCEPT
REQ-HFPX-WFS-004,Flight software shall be verified by SIL and HIL test and review (details TBD).,HFPX-SW-FLT-001,SYS-002; REQ-HFPX-SWA-002; VVP,Software,HFPX-SW-FLT-001 §6,Test,TBD,CONCEPT
REQ-HFPX-WEF-001,The embedded firmware inventory shall be defined (devices and images TBD).,HFPX-SW-FRM-001,SYS-002; REQ-HFPX-SWA-001; VVP,Software,HFPX-SW-FRM-001 §6,Inspection,TBD,CONCEPT
REQ-HFPX-WEF-002,Firmware update rules shall be defined (policy TBD).,HFPX-SW-FRM-001,SYS-002; REQ-HFPX-SWA-004; VVP,Software,HFPX-SW-FRM-001 §6,Inspection,TBD,CONCEPT
REQ-HFPX-WEF-003,Firmware shall enforce versioning and traceability discipline per Vol 16 (scheme TBD).,HFPX-SW-FRM-001,SYS-002; REQ-HFPX-SWA-004; VVP,Software,HFPX-SW-FRM-001 §6,Inspection,TBD,CONCEPT
REQ-HFPX-WEF-004,Embedded firmware shall be verified by review and test (details TBD).,HFPX-SW-FRM-001,SYS-002; REQ-HFPX-SWA-002; VVP,Software,HFPX-SW-FRM-001 §6,Inspection + Test,TBD,CONCEPT
REQ-HFPX-WFM-001,The fault-management software shall implement a detect-to-isolate-to-recover chain for handled faults (chain and criteria TBD).,HFPX-SW-FTM-001,SYS-002; WDP/WSA tier; VVP thread,Software,HFPX-SW-FTM-001 §6,Analysis + Test,TBD,CONCEPT
REQ-HFPX-WFM-002,"The fault-management software shall observe defined authority limits for automatic detection, isolation, and recovery actions (authority TBD).",HFPX-SW-FTM-001,SYS-002; WDP/WSA tier; VVP thread,Software,HFPX-SW-FTM-001 §6,Inspection + Analysis,TBD,CONCEPT
REQ-HFPX-WFM-003,Verification of fault-management behaviour shall include fault injection (scope and environments TBD).,HFPX-SW-FTM-001,SYS-002; WDP/WSA tier; VVP thread,Software,HFPX-SW-FTM-001 §6,Test,TBD,CONCEPT
REQ-HFPX-WFM-004,The fault-management software shall provide hooks to fault-tolerant control functions per Vol 07.18 (hooks TBD).,HFPX-SW-FTM-001,SYS-002; WDP/WSA tier; VVP thread,Software,HFPX-SW-FTM-001 §6,Inspection,TBD,CONCEPT
REQ-HFPX-WGS-001,The ground-control software shall implement ground-station functions as defined in Vol 11.10 (functions TBD).,HFPX-SW-GCS-001,SYS-002; WDP/WSA tier; VVP thread,Software,HFPX-SW-GCS-001 §6,Inspection,TBD,CONCEPT
REQ-HFPX-WGS-002,The ground-control software shall observe defined command authority limits for ground-originated commands (authority TBD).,HFPX-SW-GCS-001,SYS-002; WDP/WSA tier; VVP thread,Software,HFPX-SW-GCS-001 §6,Inspection + Analysis,TBD,CONCEPT
REQ-HFPX-WGS-003,Verification of ground-control software shall be defined per the VVP thread (verification approach TBD).,HFPX-SW-GCS-001,SYS-002; WDP/WSA tier; VVP thread,Software,HFPX-SW-GCS-001 §6,Inspection,TBD,CONCEPT
REQ-HFPX-WGS-004,Release of ground-control software to operational use shall observe a defined release rule (rule TBD).,HFPX-SW-GCS-001,SYS-002; WDP/WSA tier; VVP thread,Software,HFPX-SW-GCS-001 §6,Inspection,TBD,CONCEPT
REQ-HFPX-WHM-001,The health-monitoring software shall observe a monitored-parameter inventory as defined in Vol 08.10 (inventory TBD).,HFPX-SW-HLM-001,SYS-002; WDP/WSA tier; VVP thread,Software,HFPX-SW-HLM-001 §6,Inspection,TBD,CONCEPT
REQ-HFPX-WHM-002,The health-monitoring software shall apply thresholds to monitored parameters to declare health conditions (thresholds TBD).,HFPX-SW-HLM-001,SYS-002; WDP/WSA tier; VVP thread,Software,HFPX-SW-HLM-001 §6,Analysis + Test,TBD,CONCEPT
REQ-HFPX-WHM-003,The health-monitoring software shall provide annunciation of declared health conditions (mechanism TBD).,HFPX-SW-HLM-001,SYS-002; WDP/WSA tier; VVP thread,Software,HFPX-SW-HLM-001 §6,Test,TBD,CONCEPT
REQ-HFPX-WHM-004,The health-monitoring software shall provide recording of health data (contents TBD).,HFPX-SW-HLM-001,SYS-002; WDP/WSA tier; VVP thread,Software,HFPX-SW-HLM-001 §6,Inspection + Test,TBD,CONCEPT
REQ-HFPX-WHS-001,The helmet software shall implement display and alerting functions as defined in Vol 10 (functions TBD).,HFPX-SW-HMI-001,SYS-002; WDP/WSA tier; VVP thread,Software,HFPX-SW-HMI-001 §6,Inspection + Test,TBD,CONCEPT
REQ-HFPX-WHS-002,The helmet software shall apply prioritisation to competing alerts and display elements (rules TBD).,HFPX-SW-HMI-001,SYS-002; WDP/WSA tier; VVP thread,Software,HFPX-SW-HMI-001 §6,Analysis + Test,TBD,CONCEPT
REQ-HFPX-WHS-003,Verification of helmet software shall be defined per the VVP thread (verification approach TBD).,HFPX-SW-HMI-001,SYS-002; WDP/WSA tier; VVP thread,Software,HFPX-SW-HMI-001 §6,Inspection,TBD,CONCEPT
REQ-HFPX-WHS-004,The helmet software shall be subject to versioning control (scheme TBD).,HFPX-SW-HMI-001,SYS-002; WDP/WSA tier; VVP thread,Software,HFPX-SW-HMI-001 §6,Inspection,TBD,CONCEPT
REQ-HFPX-WNS-001,Navigation estimation implementation shall be defined consistent with Vol 09.14 (implementation TBD).,HFPX-SW-NAV-001,SYS-002; REQ-HFPX-SWA-001; VVP,Software,HFPX-SW-NAV-001 §6,Inspection,TBD,CONCEPT
REQ-HFPX-WNS-002,GNSS-denied provisions shall be defined (behaviour TBD).,HFPX-SW-NAV-001,SYS-002; REQ-HFPX-SWA-001; VVP,Software,HFPX-SW-NAV-001 §6,Inspection,TBD,CONCEPT
REQ-HFPX-WNS-003,Navigation software shall be verified by review and test (details TBD).,HFPX-SW-NAV-001,SYS-002; REQ-HFPX-SWA-002; VVP,Software,HFPX-SW-NAV-001 §6,Inspection + Test,TBD,CONCEPT
REQ-HFPX-WNS-004,Navigation software shall enforce versioning and traceability discipline per Vol 16 (scheme TBD).,HFPX-SW-NAV-001,SYS-002; REQ-HFPX-SWA-004; VVP,Software,HFPX-SW-NAV-001 §6,Inspection,TBD,CONCEPT
REQ-HFPX-WDP-001,The software development plan shall define the software lifecycle processes and artefacts (scope TBD).,HFPX-SW-PLN-001,SYS-002; REQ-HFPX-SWA-004; VVP,Software,HFPX-SW-PLN-001 §6,Inspection,TBD,CONCEPT
REQ-HFPX-WDP-002,Software standards scaffolding shall be structured according to DO-178C concepts (no compliance claimed at this stage).,HFPX-SW-PLN-001,SYS-002; REQ-HFPX-SWA-003; VVP,Software,HFPX-SW-PLN-001 §6,Inspection,TBD,CONCEPT
REQ-HFPX-WDP-003,The plan shall define software roles and responsibilities (TBD).,HFPX-SW-PLN-001,SYS-002; REQ-HFPX-SWA-004; VVP,Software,HFPX-SW-PLN-001 §6,Inspection,TBD,CONCEPT
REQ-HFPX-WDP-004,The plan shall define software tooling and environment controls (TBD).,HFPX-SW-PLN-001,SYS-002; REQ-HFPX-SWA-004; VVP,Software,HFPX-SW-PLN-001 §6,Inspection,TBD,CONCEPT
REQ-HFPX-WDP-005,Software assurance levels shall remain TBD and unassigned at this revision.,HFPX-SW-PLN-001,SYS-002; REQ-HFPX-SWA-003; VVP,Software,HFPX-SW-PLN-001 §6,Inspection,TBD,CONCEPT
REQ-HFPX-WPS-001,The propulsion software shall implement engine-control software functions as defined in Vol 04.9 (functions TBD).,HFPX-SW-PRP-001,SYS-002; WDP/WSA tier; VVP thread,Software,HFPX-SW-PRP-001 §6,Inspection,TBD,CONCEPT
REQ-HFPX-WPS-002,The propulsion software shall implement limit-protection behaviour for propulsion operating limits (limits and responses TBD).,HFPX-SW-PRP-001,SYS-002; WDP/WSA tier; VVP thread,Software,HFPX-SW-PRP-001 §6,Analysis + Test,TBD,CONCEPT
REQ-HFPX-WPS-003,Verification of propulsion software shall be defined per the VVP thread (verification approach TBD).,HFPX-SW-PRP-001,SYS-002; WDP/WSA tier; VVP thread,Software,HFPX-SW-PRP-001 §6,Inspection,TBD,CONCEPT
REQ-HFPX-WPS-004,The propulsion software scope shall observe an analysis-only boundary where propulsion is involved (boundary TBD).,HFPX-SW-PRP-001,SYS-002; WDP/WSA tier; VVP thread,Software,HFPX-SW-PRP-001 §6,Inspection,TBD,CONCEPT
REQ-HFPX-WSS-001,Safety software shall be independent from flight software (mechanism TBD).,HFPX-SW-SAF-001,SYS-002; REQ-HFPX-SWA-002; VVP,Software,HFPX-SW-SAF-001 §6,Analysis + Test,TBD,CONCEPT
REQ-HFPX-WSS-002,Safety software monitoring functions shall be defined (functions and thresholds TBD).,HFPX-SW-SAF-001,SYS-002; REQ-HFPX-SWA-001; VVP,Software,HFPX-SW-SAF-001 §6,Inspection,TBD,CONCEPT
REQ-HFPX-WSS-003,Safety software assurance scaffolding shall be structured according to DO-178C concepts (no compliance claimed at this stage).,HFPX-SW-SAF-001,SYS-002; REQ-HFPX-SWA-003; VVP,Software,HFPX-SW-SAF-001 §6,Inspection,TBD,CONCEPT
REQ-HFPX-WSS-004,Safety software shall be verified by fault-injection test and review (scope TBD).,HFPX-SW-SAF-001,SYS-002; REQ-HFPX-SWA-002; VVP,Software,HFPX-SW-SAF-001 §6,Test,TBD,CONCEPT
REQ-HFPX-WST-001,"Software testing shall be organised across unit, integration, and system levels (scope per level TBD).",HFPX-SW-TST-001,SYS-002; WDP/WSA tier; VVP thread,Software,HFPX-SW-TST-001 §6,Inspection,TBD,CONCEPT
REQ-HFPX-WST-002,Software testing shall observe a defined coverage policy (policy TBD).,HFPX-SW-TST-001,SYS-002; WDP/WSA tier; VVP thread,Software,HFPX-SW-TST-001 §6,Inspection,TBD,CONCEPT
REQ-HFPX-WST-003,Software testing shall observe defined regression discipline following software change (scope and triggers TBD).,HFPX-SW-TST-001,SYS-002; WDP/WSA tier; VVP thread,Software,HFPX-SW-TST-001 §6,Inspection,TBD,CONCEPT
REQ-HFPX-WST-004,Software testing shall provide hooks to Vol 23.8 integration activities (hooks TBD).,HFPX-SW-TST-001,SYS-002; WDP/WSA tier; VVP thread,Software,HFPX-SW-TST-001 §6,Inspection,TBD,CONCEPT
REQ-HFPX-WVR-001,Software verification shall maintain a verification-case inventory covering software requirements (inventory TBD).,HFPX-SW-VER-001,SYS-002; WDP/WSA tier; VVP thread,Software,HFPX-SW-VER-001 §6,Inspection,TBD,CONCEPT
REQ-HFPX-WVR-002,Software verification shall provide trace from software requirements to verification cases and results (mechanism TBD).,HFPX-SW-VER-001,SYS-002; WDP/WSA tier; VVP thread,Software,HFPX-SW-VER-001 §6,Inspection,TBD,CONCEPT
REQ-HFPX-WVR-003,Software verification shall observe defined independence provisions (provisions TBD).,HFPX-SW-VER-001,SYS-002; WDP/WSA tier; VVP thread,Software,HFPX-SW-VER-001 §6,Inspection,TBD,CONCEPT
REQ-HFPX-WVR-004,Software verification shall provide hooks to Vol 22.10 verification activities (hooks TBD).,HFPX-SW-VER-001,SYS-002; WDP/WSA tier; VVP thread,Software,HFPX-SW-VER-001 §6,Inspection,TBD,CONCEPT
REQ-HFPX-YAR-001,The cybersecurity architecture shall define security domains and trust boundaries for HFP-X (domains and boundaries TBD).,HFPX-CYB-ARC-001,HFPX-SYS-REQ-001 (security classification),Cyber,HFPX-CYB-ARC-001 §6,Inspection,TBD,CONCEPT
REQ-HFPX-YAR-002,The cybersecurity architecture shall allocate cybersecurity controls to subsystems and interfaces (allocation TBD; all mechanisms unselected).,HFPX-CYB-ARC-001,HFPX-SYS-REQ-001 (security classification),Cyber,HFPX-CYB-ARC-001 §6,Inspection,TBD,CONCEPT
REQ-HFPX-YAR-003,The cybersecurity architecture shall maintain traceability from each allocated control to its system-level security parent (mapping TBD).,HFPX-CYB-ARC-001,HFPX-SYS-REQ-001 (security classification),Cyber,HFPX-CYB-ARC-001 §6,Inspection,TBD,CONCEPT
REQ-HFPX-YAR-004,The cybersecurity architecture shall remain consistent with Vol 08 / Vol 11 / Vol 16 interface boundaries (interfaces TBD).,HFPX-CYB-ARC-001,HFPX-SYS-REQ-001 (security classification); Vol 08 / Vol 11 / Vol 16 interfaces (TBD),Cyber,HFPX-CYB-ARC-001 §6,Inspection,TBD,CONCEPT
REQ-HFPX-YAR-005,The cybersecurity architecture shall define the rule for when the architecture description is updated (update rule TBD).,HFPX-CYB-ARC-001,HFPX-SYS-REQ-001 (security classification),Cyber,HFPX-CYB-ARC-001 §6,Inspection,TBD,CONCEPT
REQ-HFPX-YAS-001,"The attack surface analysis shall maintain a surface inventory for HFP-X (inventory TBD; categories include RF links, physical ports and supply-chain interfaces).",HFPX-CYB-ASA-001,HFPX-SYS-REQ-001 (security classification); Vol 08 / Vol 11 / Vol 16 interfaces (TBD),Cyber,HFPX-CYB-ASA-001 §6,Inspection,TBD,CONCEPT
REQ-HFPX-YAS-002,Each surface inventory entry shall be traced to its owning interface or boundary (tracing TBD).,HFPX-CYB-ASA-001,HFPX-SYS-REQ-001 (security classification),Cyber,HFPX-CYB-ASA-001 §6,Inspection,TBD,CONCEPT
REQ-HFPX-YAS-003,The attack surface analysis shall define surface-reduction rules for HFP-X (reduction rule TBD; all mechanisms unselected).,HFPX-CYB-ASA-001,HFPX-SYS-REQ-001 (security classification),Cyber,HFPX-CYB-ASA-001 §6,Inspection,TBD,CONCEPT
REQ-HFPX-YAS-004,The attack surface analysis shall define the review cadence for the surface inventory (review cadence TBD).,HFPX-CYB-ASA-001,HFPX-SYS-REQ-001 (security classification),Cyber,HFPX-CYB-ASA-001 §6,Inspection,TBD,CONCEPT
REQ-HFPX-YAT-001,"The authentication design shall require verification of claimed identity before interaction (identities, interactions and controls TBD; all mechanisms unselected).",HFPX-CYB-ATH-001,HFPX-SYS-REQ-001 (security classification),Cyber,HFPX-CYB-ATH-001 §6,Analysis,TBD,CONCEPT
REQ-HFPX-YAT-002,The authentication design shall define where authentication is required across Vol 08 / Vol 11 / Vol 16 boundaries (locations TBD).,HFPX-CYB-ATH-001,HFPX-SYS-REQ-001 (security classification); Vol 08 / Vol 11 / Vol 16 interfaces (TBD),Cyber,HFPX-CYB-ATH-001 §6,Inspection,TBD,CONCEPT
REQ-HFPX-YAT-003,The authentication design shall define the rule for handling failed identity verification (handling rule TBD; no specific mechanisms selected).,HFPX-CYB-ATH-001,HFPX-SYS-REQ-001 (security classification),Cyber,HFPX-CYB-ATH-001 §6,Analysis,TBD,CONCEPT
REQ-HFPX-YAT-004,Authentication controls shall be traceable to the cybersecurity architecture allocation (tracing TBD).,HFPX-CYB-ATH-001,HFPX-SYS-REQ-001 (security classification),Cyber,HFPX-CYB-ATH-001 §6,Inspection,TBD,CONCEPT
REQ-HFPX-YAZ-001,"The authorisation design shall require an authorisation decision before a permitted action is executed (actions, permissions and controls TBD; all mechanisms unselected).",HFPX-CYB-ATZ-001,HFPX-SYS-REQ-001 (security classification),Cyber,HFPX-CYB-ATZ-001 §6,Analysis,TBD,CONCEPT
REQ-HFPX-YAZ-002,The authorisation design shall define where authorisation is enforced across Vol 08 / Vol 11 / Vol 16 boundaries (locations TBD).,HFPX-CYB-ATZ-001,HFPX-SYS-REQ-001 (security classification); Vol 08 / Vol 11 / Vol 16 interfaces (TBD),Cyber,HFPX-CYB-ATZ-001 §6,Inspection,TBD,CONCEPT
REQ-HFPX-YAZ-003,The authorisation design shall define the rule for handling denied authorisation requests (handling rule TBD).,HFPX-CYB-ATZ-001,HFPX-SYS-REQ-001 (security classification),Cyber,HFPX-CYB-ATZ-001 §6,Analysis,TBD,CONCEPT
REQ-HFPX-YAZ-004,Authorisation controls shall be traceable to the cybersecurity architecture allocation (tracing TBD).,HFPX-CYB-ATZ-001,HFPX-SYS-REQ-001 (security classification),Cyber,HFPX-CYB-ATZ-001 §6,Inspection,TBD,CONCEPT
REQ-HFPX-YAV-001,The avionics security design shall protect avionics functions against generic threat classes (functions and controls TBD; all mechanisms unselected).,HFPX-CYB-AVS-001,HFPX-SYS-REQ-001 (security classification),Cyber,HFPX-CYB-AVS-001 §6,Analysis,TBD,CONCEPT
REQ-HFPX-YAV-002,The avionics security design shall protect avionics data against generic threat classes (data set and controls TBD; all mechanisms unselected).,HFPX-CYB-AVS-001,HFPX-SYS-REQ-001 (security classification),Cyber,HFPX-CYB-AVS-001 §6,Analysis,TBD,CONCEPT
REQ-HFPX-YAV-003,"The avionics security design shall protect avionics interfaces, consistent with Vol 08 / Vol 11 / Vol 16 boundaries (interfaces and controls TBD).",HFPX-CYB-AVS-001,HFPX-SYS-REQ-001 (security classification); Vol 08 / Vol 11 / Vol 16 interfaces (TBD),Cyber,HFPX-CYB-AVS-001 §6,Test,TBD,CONCEPT
REQ-HFPX-YAV-004,Avionics security controls shall be traceable to the cybersecurity architecture allocation (tracing TBD).,HFPX-CYB-AVS-001,HFPX-SYS-REQ-001 (security classification),Cyber,HFPX-CYB-AVS-001 §6,Inspection,TBD,CONCEPT
REQ-HFPX-YCS-001,The communications security design shall protect data in transit against generic threat classes (data set and controls TBD; all mechanisms unselected).,HFPX-CYB-CMS-001,HFPX-SYS-REQ-001 (security classification),Cyber,HFPX-CYB-CMS-001 §6,Analysis,TBD,CONCEPT
REQ-HFPX-YCS-002,"The communications security design shall protect communications interfaces, consistent with Vol 08 / Vol 11 / Vol 16 boundaries (interfaces and controls TBD).",HFPX-CYB-CMS-001,HFPX-SYS-REQ-001 (security classification); Vol 08 / Vol 11 / Vol 16 interfaces (TBD),Cyber,HFPX-CYB-CMS-001 §6,Test,TBD,CONCEPT
REQ-HFPX-YCS-003,The communications security design shall define authenticity and integrity rules for received communications (rules TBD; no specific mechanisms selected).,HFPX-CYB-CMS-001,HFPX-SYS-REQ-001 (security classification),Cyber,HFPX-CYB-CMS-001 §6,Analysis,TBD,CONCEPT
REQ-HFPX-YCS-004,Communications security controls shall be traceable to the cybersecurity architecture allocation (tracing TBD).,HFPX-CYB-CMS-001,HFPX-SYS-REQ-001 (security classification),Cyber,HFPX-CYB-CMS-001 §6,Inspection,TBD,CONCEPT
REQ-HFPX-YDP-001,The data protection design shall define data categories requiring protection (categories TBD).,HFPX-CYB-DPR-001,HFPX-SYS-REQ-001 (security classification),Cyber,HFPX-CYB-DPR-001 §6,Inspection,TBD,CONCEPT
REQ-HFPX-YDP-002,The data protection design shall protect stored data against generic threat classes (stores and controls TBD; all mechanisms unselected).,HFPX-CYB-DPR-001,HFPX-SYS-REQ-001 (security classification),Cyber,HFPX-CYB-DPR-001 §6,Analysis,TBD,CONCEPT
REQ-HFPX-YDP-003,The data protection design shall protect data at Vol 08 / Vol 11 / Vol 16 exchange boundaries against generic threat classes (boundaries and controls TBD).,HFPX-CYB-DPR-001,HFPX-SYS-REQ-001 (security classification); Vol 08 / Vol 11 / Vol 16 interfaces (TBD),Cyber,HFPX-CYB-DPR-001 §6,Test,TBD,CONCEPT
REQ-HFPX-YDP-004,Data protection controls shall be traceable to the cybersecurity architecture allocation (tracing TBD).,HFPX-CYB-DPR-001,HFPX-SYS-REQ-001 (security classification),Cyber,HFPX-CYB-DPR-001 §6,Inspection,TBD,CONCEPT
REQ-HFPX-YFS-001,The firmware security design shall protect firmware images against generic threat classes (images and controls TBD; all mechanisms unselected).,HFPX-CYB-FWS-001,HFPX-SYS-REQ-001 (security classification),Cyber,HFPX-CYB-FWS-001 §6,Analysis,TBD,CONCEPT
REQ-HFPX-YFS-002,The firmware security design shall define authenticity and integrity rules for firmware updates (rules TBD; no specific mechanisms selected).,HFPX-CYB-FWS-001,HFPX-SYS-REQ-001 (security classification),Cyber,HFPX-CYB-FWS-001 §6,Analysis,TBD,CONCEPT
REQ-HFPX-YFS-003,The firmware security design shall define where firmware security applies across subsystems and Vol 08 / Vol 11 / Vol 16 boundaries (applicability TBD).,HFPX-CYB-FWS-001,HFPX-SYS-REQ-001 (security classification); Vol 08 / Vol 11 / Vol 16 interfaces (TBD),Cyber,HFPX-CYB-FWS-001 §6,Inspection,TBD,CONCEPT
REQ-HFPX-YFS-004,Firmware security controls shall be traceable to the cybersecurity architecture allocation (tracing TBD).,HFPX-CYB-FWS-001,HFPX-SYS-REQ-001 (security classification),Cyber,HFPX-CYB-FWS-001 §6,Inspection,TBD,CONCEPT
REQ-HFPX-YGS-001,The ground station security design shall protect ground station functions against generic threat classes (functions and controls TBD; all mechanisms unselected).,HFPX-CYB-GSS-001,HFPX-SYS-REQ-001 (security classification),Cyber,HFPX-CYB-GSS-001 §6,Analysis,TBD,CONCEPT
REQ-HFPX-YGS-002,The ground station security design shall protect ground station data against generic threat classes (data set and controls TBD; all mechanisms unselected).,HFPX-CYB-GSS-001,HFPX-SYS-REQ-001 (security classification),Cyber,HFPX-CYB-GSS-001 §6,Analysis,TBD,CONCEPT
REQ-HFPX-YGS-003,"The ground station security design shall protect ground station interfaces, consistent with Vol 08 / Vol 11 / Vol 16 boundaries (interfaces and controls TBD).",HFPX-CYB-GSS-001,HFPX-SYS-REQ-001 (security classification); Vol 08 / Vol 11 / Vol 16 interfaces (TBD),Cyber,HFPX-CYB-GSS-001 §6,Test,TBD,CONCEPT
REQ-HFPX-YGS-004,Ground station security controls shall be traceable to the cybersecurity architecture allocation (tracing TBD).,HFPX-CYB-GSS-001,HFPX-SYS-REQ-001 (security classification),Cyber,HFPX-CYB-GSS-001 §6,Inspection,TBD,CONCEPT
REQ-HFPX-YID-001,The intrusion detection design shall define monitored events indicative of generic threat classes (events TBD).,HFPX-CYB-IDS-001,HFPX-SYS-REQ-001 (security classification),Cyber,HFPX-CYB-IDS-001 §6,Inspection,TBD,CONCEPT
REQ-HFPX-YID-002,The intrusion detection design shall define where detection applies across subsystems and Vol 08 / Vol 11 / Vol 16 boundaries (placement TBD; all mechanisms unselected).,HFPX-CYB-IDS-001,HFPX-SYS-REQ-001 (security classification); Vol 08 / Vol 11 / Vol 16 interfaces (TBD),Cyber,HFPX-CYB-IDS-001 §6,Inspection,TBD,CONCEPT
REQ-HFPX-YID-003,The intrusion detection design shall define the rule for reporting detected events to incident response (reporting rule TBD).,HFPX-CYB-IDS-001,HFPX-SYS-REQ-001 (security classification),Cyber,HFPX-CYB-IDS-001 §6,Analysis,TBD,CONCEPT
REQ-HFPX-YID-004,Intrusion detection controls shall be traceable to the cybersecurity architecture allocation (tracing TBD).,HFPX-CYB-IDS-001,HFPX-SYS-REQ-001 (security classification),Cyber,HFPX-CYB-IDS-001 §6,Inspection,TBD,CONCEPT
REQ-HFPX-YIR-001,The incident response design shall define security incident categories for HFP-X (categories TBD; generic threat classes only).,HFPX-CYB-INR-001,HFPX-SYS-REQ-001 (security classification),Cyber,HFPX-CYB-INR-001 §6,Inspection,TBD,CONCEPT
REQ-HFPX-YIR-002,The incident response design shall define response phases and responsible roles for each incident category (phases and roles TBD).,HFPX-CYB-INR-001,HFPX-SYS-REQ-001 (security classification),Cyber,HFPX-CYB-INR-001 §6,Inspection,TBD,CONCEPT
REQ-HFPX-YIR-003,The incident response design shall define the rule for returning to a defined state following an incident (rule TBD).,HFPX-CYB-INR-001,HFPX-SYS-REQ-001 (security classification),Cyber,HFPX-CYB-INR-001 §6,Analysis,TBD,CONCEPT
REQ-HFPX-YIR-004,Incident response controls shall be traceable to the cybersecurity architecture allocation (tracing TBD).,HFPX-CYB-INR-001,HFPX-SYS-REQ-001 (security classification),Cyber,HFPX-CYB-INR-001 §6,Inspection,TBD,CONCEPT
REQ-HFPX-YSB-001,The secure boot design shall verify boot-stage integrity before execution proceeds (stages and controls TBD; all mechanisms unselected).,HFPX-CYB-SBT-001,HFPX-SYS-REQ-001 (security classification),Cyber,HFPX-CYB-SBT-001 §6,Analysis,TBD,CONCEPT
REQ-HFPX-YSB-002,The secure boot design shall define where secure boot applies across subsystems (applicability TBD).,HFPX-CYB-SBT-001,HFPX-SYS-REQ-001 (security classification),Cyber,HFPX-CYB-SBT-001 §6,Inspection,TBD,CONCEPT
REQ-HFPX-YSB-003,The secure boot design shall define the rule for handling failed boot verification (handling rule TBD).,HFPX-CYB-SBT-001,HFPX-SYS-REQ-001 (security classification),Cyber,HFPX-CYB-SBT-001 §6,Analysis,TBD,CONCEPT
REQ-HFPX-YSB-004,Secure boot controls shall be traceable to the cybersecurity architecture allocation (tracing TBD).,HFPX-CYB-SBT-001,HFPX-SYS-REQ-001 (security classification),Cyber,HFPX-CYB-SBT-001 §6,Inspection,TBD,CONCEPT
REQ-HFPX-YTM-001,The threat model shall define threat-actor classes for HFP-X (threat-actor classes TBD; no exploit or vulnerability specifics).,HFPX-CYB-THR-001,HFPX-SYS-REQ-001 (security classification),Cyber,HFPX-CYB-THR-001 §6,Inspection,TBD,CONCEPT
REQ-HFPX-YTM-002,"The threat model shall define trust boundaries for HFP-X, consistent with Vol 08 / Vol 11 / Vol 16 interfaces (trust boundaries TBD).",HFPX-CYB-THR-001,HFPX-SYS-REQ-001 (security classification); Vol 08 / Vol 11 / Vol 16 interfaces (TBD),Cyber,HFPX-CYB-THR-001 §6,Inspection,TBD,CONCEPT
REQ-HFPX-YTM-003,The threat model shall enumerate generic threat classes against the defined trust boundaries (enumeration TBD; generic classes only).,HFPX-CYB-THR-001,HFPX-SYS-REQ-001 (security classification),Cyber,HFPX-CYB-THR-001 §6,Inspection,TBD,CONCEPT
REQ-HFPX-YTM-004,The threat model shall define the rule for when the threat model is updated (model-update rule TBD).,HFPX-CYB-THR-001,HFPX-SYS-REQ-001 (security classification),Cyber,HFPX-CYB-THR-001 §6,Inspection,TBD,CONCEPT
REQ-HFPX-YSV-001,The security verification design shall maintain a verification-case inventory covering Volume 17 requirements (inventory TBD; cases owned by Vol 22).,HFPX-CYB-VER-001,HFPX-SYS-REQ-001 (security classification),Cyber,HFPX-CYB-VER-001 §6,Inspection,TBD,CONCEPT
REQ-HFPX-YSV-002,Each Volume 17 requirement shall be mapped to at least one verification case (mapping TBD; hooks to Vol 22).,HFPX-CYB-VER-001,HFPX-SYS-REQ-001 (security classification),Cyber,HFPX-CYB-VER-001 §6,Inspection,TBD,CONCEPT
REQ-HFPX-YSV-003,The security verification design shall define independence rules for security verification (independence TBD).,HFPX-CYB-VER-001,HFPX-SYS-REQ-001 (security classification),Cyber,HFPX-CYB-VER-001 §6,Inspection,TBD,CONCEPT
REQ-HFPX-YSV-004,Security verification at Vol 08 / Vol 11 / Vol 16 boundaries shall be consistent with interface verification (coverage TBD).,HFPX-CYB-VER-001,HFPX-SYS-REQ-001 (security classification); Vol 08 / Vol 11 / Vol 16 interfaces (TBD),Cyber,HFPX-CYB-VER-001 §6,Inspection,TBD,CONCEPT
REQ-HFPX-IAR-001,"The AI architecture shall partition AI functions from the primary flight-control path by a defined partitioning scheme (scheme TBD), preserving deterministic/bounded/verifiable primary control and advisory-only AI.",HFPX-AI-ARC-001,"SYS-002, REQ-HFPX-ARC-002",AI,HFPX-AI-ARC-001 §6,Inspection,TBD,CONCEPT
REQ-HFPX-IAR-002,"The AI architecture shall define all AI data interfaces, including sources, consumers and direction (interface inventory TBD).",HFPX-AI-ARC-001,"SYS-002, REQ-HFPX-ARC-002",AI,HFPX-AI-ARC-001 §6,Inspection,TBD,CONCEPT
REQ-HFPX-IAR-003,The AI architecture shall contain AI outputs so that no AI output commands primary control or safety action and no silent override of pilot or safety-system authority is possible (containment means TBD).,HFPX-AI-ARC-001,"SYS-002, REQ-HFPX-ARC-002",AI,HFPX-AI-ARC-001 §6,Test,TBD,CONCEPT
REQ-HFPX-IAR-004,Verification of each AI architectural requirement shall be by review of the architecture description against its parent requirements (artefacts TBD).,HFPX-AI-ARC-001,SFA tier,AI,HFPX-AI-ARC-001 §6,Inspection,TBD,CONCEPT
REQ-HFPX-ICV-001,Computer-vision functions shall be limited to a defined inventory (inventory and semantics TBD) and shall produce advisory outputs only.,HFPX-AI-CVS-001,"SYS-002, REQ-HFPX-ARC-002",AI,HFPX-AI-CVS-001 §6,Analysis,TBD,CONCEPT
REQ-HFPX-ICV-002,Computer-vision outputs shall be advisory only and shall not command control or safety action nor silently override pilot or safety-system authority.,HFPX-AI-CVS-001,"SYS-002, REQ-HFPX-ARC-002",AI,HFPX-AI-CVS-001 §6,Analysis,TBD,CONCEPT
REQ-HFPX-ICV-003,Verification of computer-vision requirements shall be by a defined method (method per requirement TBD).,HFPX-AI-CVS-001,SFA tier,AI,HFPX-AI-CVS-001 §6,Analysis,TBD,CONCEPT
REQ-HFPX-ICV-004,"Computer-vision functions shall define their data hooks, including vision sources and consumers (hooks TBD).",HFPX-AI-CVS-001,SFA tier,AI,HFPX-AI-CVS-001 §6,Analysis,TBD,CONCEPT
REQ-HFPX-IFC-001,Flight-state-classification outputs shall be advisory only (state set and semantics TBD) and shall inform but not determine flight-state decisions.,HFPX-AI-FSC-001,"SYS-002, REQ-HFPX-ARC-002",AI,HFPX-AI-FSC-001 §6,Test,TBD,CONCEPT
REQ-HFPX-IFC-002,AI flight-state classification shall have no mode-switch authority; control-law set selection and switching shall remain with deterministic logic (definition TBD).,HFPX-AI-FSC-001,"SYS-002, REQ-HFPX-ARC-002",AI,HFPX-AI-FSC-001 §6,Test,TBD,CONCEPT
REQ-HFPX-IFC-003,Verification of flight-state-classification requirements shall be by a defined method (method per requirement TBD).,HFPX-AI-FSC-001,SFA tier,AI,HFPX-AI-FSC-001 §6,Test,TBD,CONCEPT
REQ-HFPX-IFC-004,"Handling of misclassified flight states, including annunciation and downstream-use limits, shall follow a defined rule set (rule set TBD).",HFPX-AI-FSC-001,SFA tier,AI,HFPX-AI-FSC-001 §6,Test,TBD,CONCEPT
REQ-HFPX-IHO-001,"Defined pilot override paths over all AI outputs shall be provided (paths TBD), allowing the pilot to negate, ignore or isolate any AI advisory.",HFPX-AI-HOV-001,"SYS-002, REQ-HFPX-ARC-002",AI,HFPX-AI-HOV-001 §6,Test,TBD,CONCEPT
REQ-HFPX-IHO-002,"Defined safety-system override paths over all AI outputs shall be provided (paths TBD), allowing the safety system to negate or isolate AI advisories independently of the pilot.",HFPX-AI-HOV-001,"SYS-002, REQ-HFPX-ARC-002",AI,HFPX-AI-HOV-001 §6,Test,TBD,CONCEPT
REQ-HFPX-IHO-003,Override latency characteristics shall be defined (values TBD; no value stated at this revision) and verified by test.,HFPX-AI-HOV-001,SFA tier,AI,HFPX-AI-HOV-001 §6,Test,TBD,CONCEPT
REQ-HFPX-IHO-004,"AI functions shall be subject to a no-override-failure rule: no AI output or behaviour shall prevent, delay or obscure pilot or safety-system override (rule TBD).",HFPX-AI-HOV-001,"SYS-002, REQ-HFPX-ARC-002",AI,HFPX-AI-HOV-001 §6,Test,TBD,CONCEPT
REQ-HFPX-IED-001,Intelligent emergency detection shall produce emergency cues that are advisory only (cue set and semantics TBD) and shall not declare emergencies or initiate emergency action.,HFPX-AI-IED-001,"SYS-002, REQ-HFPX-ARC-002",AI,HFPX-AI-IED-001 §6,Test,TBD,CONCEPT
REQ-HFPX-IED-002,Emergency-trigger authority shall remain with deterministic logic (definition TBD); AI cues shall require pilot or deterministic-system disposition.,HFPX-AI-IED-001,"SYS-002, REQ-HFPX-ARC-002",AI,HFPX-AI-IED-001 §6,Inspection,TBD,CONCEPT
REQ-HFPX-IED-003,Verification of intelligent emergency-detection requirements shall be by a defined method (method per requirement TBD).,HFPX-AI-IED-001,SFA tier,AI,HFPX-AI-IED-001 §6,Inspection,TBD,CONCEPT
REQ-HFPX-IED-004,"Handling of missed or incorrect emergency cues, including annunciation limits and downstream-use limits, shall follow a defined rule set (rule set TBD).",HFPX-AI-IED-001,SFA tier,AI,HFPX-AI-IED-001 §6,Demonstration,TBD,CONCEPT
REQ-HFPX-IFD-001,Intelligent fault detection shall produce advisory flags only (flag inventory and semantics TBD) and shall not command any control or reconfiguration action.,HFPX-AI-IFD-001,"SYS-002, REQ-HFPX-ARC-002",AI,HFPX-AI-IFD-001 §6,Test,TBD,CONCEPT
REQ-HFPX-IFD-002,Intelligent fault detection shall have no automatic reconfiguration authority; disposition of advisory flags shall rest with the pilot or deterministic systems (handover definition TBD).,HFPX-AI-IFD-001,"SYS-002, REQ-HFPX-ARC-002",AI,HFPX-AI-IFD-001 §6,Inspection,TBD,CONCEPT
REQ-HFPX-IFD-003,Verification of intelligent fault-detection requirements shall be by a defined method (method per requirement TBD).,HFPX-AI-IFD-001,SFA tier,AI,HFPX-AI-IFD-001 §6,Inspection,TBD,CONCEPT
REQ-HFPX-IFD-004,"Handling of false advisory flags, including annunciation and suppression rules, shall follow a defined false-alarm policy (policy TBD).",HFPX-AI-IFD-001,SFA tier,AI,HFPX-AI-IFD-001 §6,Demonstration,TBD,CONCEPT
REQ-HFPX-IPA-001,Pilot-assistance functions shall be advisory only (assistance-function inventory and semantics TBD) and shall not command control or safety action.,HFPX-AI-PAS-001,"SYS-002, REQ-HFPX-ARC-002",AI,HFPX-AI-PAS-001 §6,Test,TBD,CONCEPT
REQ-HFPX-IPA-002,The pilot shall retain authority to accept or reject any pilot-assistance output (accept/reject mechanism TBD); no assistance output shall execute without pilot disposition.,HFPX-AI-PAS-001,"SYS-002, REQ-HFPX-ARC-002",AI,HFPX-AI-PAS-001 §6,Inspection,TBD,CONCEPT
REQ-HFPX-IPA-003,"Pilot-assistance functions shall define their workload hooks (hooks TBD, Vol 30.7 reference) without altering pilot-authority rules.",HFPX-AI-PAS-001,SFA tier,AI,HFPX-AI-PAS-001 §6,Inspection,TBD,CONCEPT
REQ-HFPX-IPA-004,Verification of pilot-assistance requirements shall be by a defined method (method per requirement TBD).,HFPX-AI-PAS-001,SFA tier,AI,HFPX-AI-PAS-001 §6,Inspection,TBD,CONCEPT
REQ-HFPX-IPM-001,Predictive-maintenance predictions shall be advisory only (prediction inventory and semantics TBD) and shall not direct maintenance action by themselves.,HFPX-AI-PDM-001,"SYS-002, REQ-HFPX-ARC-002",AI,HFPX-AI-PDM-001 §6,Analysis,TBD,CONCEPT
REQ-HFPX-IPM-002,Maintenance-action authority shall remain with human roles (roles and disposition workflow TBD); AI shall not authorise or execute maintenance actions.,HFPX-AI-PDM-001,"SYS-002, REQ-HFPX-ARC-002",AI,HFPX-AI-PDM-001 §6,Test,TBD,CONCEPT
REQ-HFPX-IPM-003,"Predictive-maintenance functions shall define their data hooks to maintenance data sources (hooks TBD, Vol 27.14 reference).",HFPX-AI-PDM-001,SFA tier,AI,HFPX-AI-PDM-001 §6,Analysis,TBD,CONCEPT
REQ-HFPX-IPM-004,Verification of predictive-maintenance requirements shall be by a defined method (method per requirement TBD).,HFPX-AI-PDM-001,SFA tier,AI,HFPX-AI-PDM-001 §6,Analysis,TBD,CONCEPT
REQ-HFPX-IRQ-001,"The AI system shall operate as monitoring/advisory only and shall not perform primary safety-critical flight control, which shall remain deterministic, bounded and verifiable.",HFPX-AI-REQ-001,"SYS-002, REQ-HFPX-ARC-002",AI,HFPX-AI-REQ-001 §6,Test,TBD,CONCEPT
REQ-HFPX-IRQ-002,"The authorised AI functions shall be limited to a defined inventory (TBD), covering only: anomaly detection, maintenance prediction, diagnostics, pilot assistance and analysis support.",HFPX-AI-REQ-001,"SYS-002, REQ-HFPX-ARC-002",AI,HFPX-AI-REQ-001 §6,Analysis,TBD,CONCEPT
REQ-HFPX-IRQ-003,"The AI system shall be prohibited from performing primary control and other prohibited functions (prohibited-function inventory TBD, including primary flight control).",HFPX-AI-REQ-001,"SYS-002, REQ-HFPX-ARC-002",AI,HFPX-AI-REQ-001 §6,Test,TBD,CONCEPT
REQ-HFPX-IRQ-004,The AI system shall never silently override pilot authority or safety-system authority; human override shall be preserved in all operating conditions.,HFPX-AI-REQ-001,"SYS-002, REQ-HFPX-ARC-002",AI,HFPX-AI-REQ-001 §6,Test,TBD,CONCEPT
REQ-HFPX-IRQ-005,Verification of each AI system requirement shall be by a defined method (verification method per requirement TBD).,HFPX-AI-REQ-001,SFA tier,AI,HFPX-AI-REQ-001 §6,Inspection,TBD,CONCEPT
REQ-HFPX-IAD-001,"Sensor-anomaly detection shall produce anomaly flags only (flag inventory and semantics TBD) and shall not command any sensor, control or reconfiguration action.",HFPX-AI-SAD-001,"SYS-002, REQ-HFPX-ARC-002",AI,HFPX-AI-SAD-001 §6,Test,TBD,CONCEPT
REQ-HFPX-IAD-002,"Disposition of sensor anomalies shall hand over to deterministic fault detection (handover definition TBD, Vol 09.16 reference); AI shall have no sensor-override authority.",HFPX-AI-SAD-001,"SYS-002, REQ-HFPX-ARC-002",AI,HFPX-AI-SAD-001 §6,Inspection,TBD,CONCEPT
REQ-HFPX-IAD-003,Verification of sensor-anomaly-detection requirements shall be by a defined method (method per requirement TBD).,HFPX-AI-SAD-001,SFA tier,AI,HFPX-AI-SAD-001 §6,Inspection,TBD,CONCEPT
REQ-HFPX-IAD-004,"The AI function shall have no authority to override, substitute or mask sensor outputs consumed by primary control or safety systems (override prohibition).",HFPX-AI-SAD-001,"SYS-002, REQ-HFPX-ARC-002",AI,HFPX-AI-SAD-001 §6,Test,TBD,CONCEPT
REQ-HFPX-ISC-001,AI functions shall be subject to defined containment constraints preventing any AI output from commanding primary control or safety action (constraint definition TBD).,HFPX-AI-SCT-001,"SYS-002, REQ-HFPX-ARC-002",AI,HFPX-AI-SCT-001 §6,Inspection,TBD,CONCEPT
REQ-HFPX-ISC-002,AI functions shall be subject to defined authority limits preserving pilot and safety-system authority over all AI outputs (limits TBD).,HFPX-AI-SCT-001,"SYS-002, REQ-HFPX-ARC-002",AI,HFPX-AI-SCT-001 §6,Inspection,TBD,CONCEPT
REQ-HFPX-ISC-003,AI functions shall be subject to defined monitoring and disengagement constraints governing detection of misbehaviour and removal of AI outputs (definitions TBD).,HFPX-AI-SCT-001,SFA tier,AI,HFPX-AI-SCT-001 §6,Inspection,TBD,CONCEPT
REQ-HFPX-ISC-004,"AI functions shall be subject to defined auditability constraints governing recording and review of AI inputs, outputs and dispositions (definitions TBD).",HFPX-AI-SCT-001,SFA tier,AI,HFPX-AI-SCT-001 §6,Inspection,TBD,CONCEPT
REQ-HFPX-ISC-005,"Verification of each AI safety constraint, including enforcement ownership, shall be by a defined method (enforcement owner and method per constraint TBD).",HFPX-AI-SCT-001,SFA tier,AI,HFPX-AI-SCT-001 §6,Inspection,TBD,CONCEPT
REQ-HFPX-IVV-001,"A verification-case inventory covering every AI requirement in Chapters 18.1–18.11 shall be defined (inventory TBD), with traceability to parent requirements.",HFPX-AI-VAV-001,SFA tier,AI,HFPX-AI-VAV-001 §6,Inspection,TBD,CONCEPT
REQ-HFPX-IVV-002,"Datasets used for AI development, verification and regression shall be managed under a defined dataset-management approach (approach TBD), including identification and control.",HFPX-AI-VAV-001,SFA tier,AI,HFPX-AI-VAV-001 §6,Inspection,TBD,CONCEPT
REQ-HFPX-IVV-003,"AI functions shall be subject to defined regression discipline following any change to data, models or hosting (discipline TBD).",HFPX-AI-VAV-001,SFA tier,AI,HFPX-AI-VAV-001 §6,Analysis,TBD,CONCEPT
REQ-HFPX-IVV-004,"AI verification and validation shall define hooks to system V&V (hooks TBD, Vol 22 reference), preserving advisory-only and override rules.",HFPX-AI-VAV-001,"SYS-002, REQ-HFPX-ARC-002",AI,HFPX-AI-VAV-001 §6,Inspection,TBD,CONCEPT
REQ-HFPX-DAC-001,Production acceptance shall be governed by defined acceptance criteria per item.,HFPX-MFG-ACC-001,Manufacturing classification (HFPX-MFG-STR-001); Vol 03 material/process hooks (TBD); Vol 28.12 hooks (TBD),Mfg,HFPX-MFG-ACC-001 §6,Inspection,TBD,CONCEPT
REQ-HFPX-DAC-002,"Production acceptance shall be performed using Inspection, Demonstration, or Test as applicable to the item.",HFPX-MFG-ACC-001,Vol 03 material/process hooks (TBD); Vol 28.12 hooks (TBD),Mfg,HFPX-MFG-ACC-001 §6,Inspection,TBD,CONCEPT
REQ-HFPX-DAC-003,Production acceptance decisions and associated records shall be retained under configuration control.,HFPX-MFG-ACC-001,Manufacturing classification (HFPX-MFG-STR-001); Vol 28.12 hooks (TBD),Mfg,HFPX-MFG-ACC-001 §6,Inspection,TBD,CONCEPT
REQ-HFPX-DAC-004,Nonconforming product identified during acceptance shall be controlled under Vol 28 nonconformance provisions.,HFPX-MFG-ACC-001,Manufacturing classification (HFPX-MFG-STR-001); Vol 28 quality hooks (TBD),Mfg,HFPX-MFG-ACC-001 §6,Inspection,TBD,CONCEPT
REQ-HFPX-DAM-001,"The additive manufacturing process shall be governed by a controlled process specification, limited to approved applications.",HFPX-MFG-ADM-001,Manufacturing classification (HFPX-MFG-STR-001); Vol 03 material/process hooks (TBD); Vol 28 quality hooks (TBD),Mfg,HFPX-MFG-ADM-001 §6,Inspection,TBD,CONCEPT
REQ-HFPX-DAM-002,"The additive manufacturing process specification shall define process controls, including feedstock control, build control, post-processing control, and traceability.",HFPX-MFG-ADM-001,Vol 03 material/process hooks (TBD); Vol 28 quality hooks (TBD),Mfg,HFPX-MFG-ADM-001 §6,Inspection,TBD,CONCEPT
REQ-HFPX-DAM-003,"The additive manufacturing process shall be qualified before use in production, using representative feedstock, geometry, and post-processing.",HFPX-MFG-ADM-001,Vol 03 material/process hooks (TBD); Vol 28 quality hooks (TBD),Mfg,HFPX-MFG-ADM-001 §6,Demonstration,TBD,CONCEPT
REQ-HFPX-DAM-004,"The additive manufacturing process specification shall define verification using Inspection, Demonstration, or Test as applicable.",HFPX-MFG-ADM-001,Vol 03 material/process hooks (TBD); Vol 28 quality hooks (TBD),Mfg,HFPX-MFG-ADM-001 §6,Inspection,TBD,CONCEPT
REQ-HFPX-DCM-001,The composite manufacturing process shall be governed by a controlled process specification consistent with Vol 03.11 definitions.,HFPX-MFG-CMP-001,Manufacturing classification (HFPX-MFG-STR-001); Vol 03.11 hooks (TBD); Vol 28 quality hooks (TBD),Mfg,HFPX-MFG-CMP-001 §6,Inspection,TBD,CONCEPT
REQ-HFPX-DCM-002,"The composite manufacturing process specification shall define process controls, including material control, environment control, tooling control, and traceability.",HFPX-MFG-CMP-001,Vol 03.11 hooks (TBD); Vol 28 quality hooks (TBD),Mfg,HFPX-MFG-CMP-001 §6,Inspection,TBD,CONCEPT
REQ-HFPX-DCM-003,"The composite manufacturing process shall be qualified before use in production, using representative materials and configurations.",HFPX-MFG-CMP-001,Vol 03.11 hooks (TBD); Vol 28 quality hooks (TBD),Mfg,HFPX-MFG-CMP-001 §6,Demonstration,TBD,CONCEPT
REQ-HFPX-DCM-004,"The composite manufacturing process specification shall define verification using Inspection, Demonstration, or Test as applicable, including NDT hooks.",HFPX-MFG-CMP-001,Vol 03.11 hooks (TBD); Vol 28 quality hooks (TBD),Mfg,HFPX-MFG-CMP-001 §6,Inspection,TBD,CONCEPT
REQ-HFPX-DCN-001,The CNC manufacturing process shall be governed by a controlled process specification.,HFPX-MFG-CNC-001,Manufacturing classification (HFPX-MFG-STR-001); Vol 03 material/process hooks (TBD); Vol 28 quality hooks (TBD),Mfg,HFPX-MFG-CNC-001 §6,Inspection,TBD,CONCEPT
REQ-HFPX-DCN-002,"The CNC manufacturing process specification shall define process controls, including programme control, tooling control, and setup control.",HFPX-MFG-CNC-001,Vol 03 material/process hooks (TBD); Vol 28 quality hooks (TBD),Mfg,HFPX-MFG-CNC-001 §6,Inspection,TBD,CONCEPT
REQ-HFPX-DCN-003,"The CNC manufacturing process shall be qualified before use in production, using representative material and geometry.",HFPX-MFG-CNC-001,Vol 03 material/process hooks (TBD); Vol 28 quality hooks (TBD),Mfg,HFPX-MFG-CNC-001 §6,Demonstration,TBD,CONCEPT
REQ-HFPX-DCN-004,"The CNC manufacturing process specification shall define verification using Inspection, Demonstration, or Test as applicable.",HFPX-MFG-CNC-001,Vol 03 material/process hooks (TBD); Vol 28 quality hooks (TBD),Mfg,HFPX-MFG-CNC-001 §6,Inspection,TBD,CONCEPT
REQ-HFPX-DHT-001,The heat treatment process shall be governed by a controlled process specification.,HFPX-MFG-HTT-001,Manufacturing classification (HFPX-MFG-STR-001); Vol 03 material/process hooks (TBD); Vol 28 quality hooks (TBD),Mfg,HFPX-MFG-HTT-001 §6,Inspection,TBD,CONCEPT
REQ-HFPX-DHT-002,"The heat treatment process specification shall define process controls, including input condition control, cycle control, equipment control, and traceability.",HFPX-MFG-HTT-001,Vol 03 material/process hooks (TBD); Vol 28 quality hooks (TBD),Mfg,HFPX-MFG-HTT-001 §6,Inspection,TBD,CONCEPT
REQ-HFPX-DHT-003,"The heat treatment process shall be qualified before use in production, using representative materials and configurations.",HFPX-MFG-HTT-001,Vol 03 material/process hooks (TBD); Vol 28 quality hooks (TBD),Mfg,HFPX-MFG-HTT-001 §6,Demonstration,TBD,CONCEPT
REQ-HFPX-DHT-004,"The heat treatment process specification shall define verification using Inspection, Demonstration, or Test as applicable.",HFPX-MFG-HTT-001,Vol 03 material/process hooks (TBD); Vol 28 quality hooks (TBD),Mfg,HFPX-MFG-HTT-001 §6,Inspection,TBD,CONCEPT
REQ-HFPX-DMC-001,The machining process shall be governed by a controlled process specification.,HFPX-MFG-MCH-001,Manufacturing classification (HFPX-MFG-STR-001); Vol 03 material/process hooks (TBD); Vol 28 quality hooks (TBD),Mfg,HFPX-MFG-MCH-001 §6,Inspection,TBD,CONCEPT
REQ-HFPX-DMC-002,"The machining process specification shall define process controls, including setup control, tooling control, and handling control.",HFPX-MFG-MCH-001,Vol 03 material/process hooks (TBD); Vol 28 quality hooks (TBD),Mfg,HFPX-MFG-MCH-001 §6,Inspection,TBD,CONCEPT
REQ-HFPX-DMC-003,"The machining process shall be qualified before use in production, using representative material and geometry.",HFPX-MFG-MCH-001,Vol 03 material/process hooks (TBD); Vol 28 quality hooks (TBD),Mfg,HFPX-MFG-MCH-001 §6,Demonstration,TBD,CONCEPT
REQ-HFPX-DMC-004,"The machining process specification shall define verification using Inspection, Demonstration, or Test as applicable.",HFPX-MFG-MCH-001,Vol 03 material/process hooks (TBD); Vol 28 quality hooks (TBD),Mfg,HFPX-MFG-MCH-001 §6,Inspection,TBD,CONCEPT
REQ-HFPX-DPA-001,"The production architecture shall define production stages and their sequence from incoming material through fabrication, integration, and acceptance.",HFPX-MFG-PAR-001,Manufacturing classification (HFPX-MFG-STR-001); Vol 28 quality hooks (TBD),Mfg,HFPX-MFG-PAR-001 §6,Inspection,TBD,CONCEPT
REQ-HFPX-DPA-002,"The production architecture shall define responsibility allocation across in-house work centres and supplier work, including handover boundaries.",HFPX-MFG-PAR-001,Manufacturing classification (HFPX-MFG-STR-001); Vol 28 quality hooks (TBD),Mfg,HFPX-MFG-PAR-001 §6,Inspection,TBD,CONCEPT
REQ-HFPX-DPA-003,"The production architecture shall require that each production stage operate under specified processes, controlled tooling, and configuration control.",HFPX-MFG-PAR-001,Vol 03 material/process hooks (TBD); Vol 28 quality hooks (TBD),Mfg,HFPX-MFG-PAR-001 §6,Inspection,TBD,CONCEPT
REQ-HFPX-DPA-004,"The production architecture shall define the relationship between production flow, verification points, and acceptance.",HFPX-MFG-PAR-001,Manufacturing classification (HFPX-MFG-STR-001); Vol 28 quality hooks (TBD),Mfg,HFPX-MFG-PAR-001 §6,Inspection,TBD,CONCEPT
REQ-HFPX-DPR-001,The manufacturing process framework shall require that each production process be governed by a controlled process specification.,HFPX-MFG-PRC-001,Manufacturing classification (HFPX-MFG-STR-001); Vol 03 material/process hooks (TBD); Vol 28 quality hooks (TBD),Mfg,HFPX-MFG-PRC-001 §6,Inspection,TBD,CONCEPT
REQ-HFPX-DPR-002,The manufacturing process framework shall require that process controls be defined for each specified process.,HFPX-MFG-PRC-001,Vol 03 material/process hooks (TBD); Vol 28 quality hooks (TBD),Mfg,HFPX-MFG-PRC-001 §6,Inspection,TBD,CONCEPT
REQ-HFPX-DPR-003,The manufacturing process framework shall require that each production process be qualified before use in production.,HFPX-MFG-PRC-001,Vol 03 material/process hooks (TBD); Vol 28 quality hooks (TBD),Mfg,HFPX-MFG-PRC-001 §6,Demonstration,TBD,CONCEPT
REQ-HFPX-DPR-004,"The manufacturing process framework shall require that process verification methods be defined using Inspection, Demonstration, or Test as applicable.",HFPX-MFG-PRC-001,Vol 03 material/process hooks (TBD); Vol 28 quality hooks (TBD),Mfg,HFPX-MFG-PRC-001 §6,Inspection,TBD,CONCEPT
REQ-HFPX-DSR-001,The surface treatment process shall be governed by a controlled process specification.,HFPX-MFG-SFT-001,Manufacturing classification (HFPX-MFG-STR-001); Vol 03 material/process hooks (TBD); Vol 28 quality hooks (TBD),Mfg,HFPX-MFG-SFT-001 §6,Inspection,TBD,CONCEPT
REQ-HFPX-DSR-002,"The surface treatment process specification shall define process controls, including preparation control, treatment control, handling control, and traceability.",HFPX-MFG-SFT-001,Vol 03 material/process hooks (TBD); Vol 28 quality hooks (TBD),Mfg,HFPX-MFG-SFT-001 §6,Inspection,TBD,CONCEPT
REQ-HFPX-DSR-003,"The surface treatment process shall be qualified before use in production, using representative materials and configurations.",HFPX-MFG-SFT-001,Vol 03 material/process hooks (TBD); Vol 28 quality hooks (TBD),Mfg,HFPX-MFG-SFT-001 §6,Demonstration,TBD,CONCEPT
REQ-HFPX-DSR-004,"The surface treatment process specification shall define verification using Inspection, Demonstration, or Test as applicable.",HFPX-MFG-SFT-001,Vol 03 material/process hooks (TBD); Vol 28 quality hooks (TBD),Mfg,HFPX-MFG-SFT-001 §6,Inspection,TBD,CONCEPT
REQ-HFPX-DSP-001,The special-process framework shall require that special processes be identified and maintained in a controlled inventory.,HFPX-MFG-SPP-001,Manufacturing classification (HFPX-MFG-STR-001); Vol 03 material/process hooks (TBD); Vol 28 quality hooks (TBD),Mfg,HFPX-MFG-SPP-001 §6,Inspection,TBD,CONCEPT
REQ-HFPX-DSP-002,Each special process shall be governed by a controlled process specification defining controls and traceability.,HFPX-MFG-SPP-001,Vol 03 material/process hooks (TBD); Vol 28 quality hooks (TBD),Mfg,HFPX-MFG-SPP-001 §6,Inspection,TBD,CONCEPT
REQ-HFPX-DSP-003,"Each special process shall be qualified and approved before use in production, using representative materials and configurations.",HFPX-MFG-SPP-001,Vol 03 material/process hooks (TBD); Vol 28 quality hooks (TBD),Mfg,HFPX-MFG-SPP-001 §6,Demonstration,TBD,CONCEPT
REQ-HFPX-DSP-004,"The special-process framework shall require revalidation after defined conditions and define verification using Inspection, Demonstration, or Test as applicable.",HFPX-MFG-SPP-001,Vol 03 material/process hooks (TBD); Vol 28 quality hooks (TBD),Mfg,HFPX-MFG-SPP-001 §6,Inspection,TBD,CONCEPT
REQ-HFPX-DMS-001,The manufacturing strategy shall define the manufacturing classification for HFP-X hardware and its relationship to design authority and production authority.,HFPX-MFG-STR-001,Manufacturing classification (this document); Vol 28 quality hooks (TBD),Mfg,HFPX-MFG-STR-001 §6,Inspection,TBD,CONCEPT
REQ-HFPX-DMS-002,"The manufacturing strategy shall define make-versus-procure principles and the relationship between in-house production, supplier production, and special processes.",HFPX-MFG-STR-001,Manufacturing classification (this document); Vol 03 material/process hooks (TBD); Vol 28 quality hooks (TBD),Mfg,HFPX-MFG-STR-001 §6,Inspection,TBD,CONCEPT
REQ-HFPX-DMS-003,"The manufacturing strategy shall define the industrialisation approach from development definition through production readiness, including entry conditions for production.",HFPX-MFG-STR-001,Manufacturing classification (this document); Vol 28 quality hooks (TBD),Mfg,HFPX-MFG-STR-001 §6,Inspection,TBD,CONCEPT
REQ-HFPX-DMS-004,"The manufacturing strategy shall require that manufacturing processes be specified, controlled, and qualified before use in production.",HFPX-MFG-STR-001,Vol 03 material/process hooks (TBD); Vol 28 quality hooks (TBD),Mfg,HFPX-MFG-STR-001 §6,Inspection,TBD,CONCEPT
REQ-HFPX-DMS-005,The manufacturing strategy shall require that production acceptance and associated records be defined and retained under configuration control.,HFPX-MFG-STR-001,Manufacturing classification (this document); Vol 28 quality hooks (TBD),Mfg,HFPX-MFG-STR-001 §6,Inspection,TBD,CONCEPT
REQ-HFPX-DSU-001,The supplier requirements shall define how production requirements are flowed down to supplier work scope.,HFPX-MFG-SUP-001,Manufacturing classification (HFPX-MFG-STR-001); Vol 00.13 hooks (TBD); Vol 28.8 hooks (TBD),Mfg,HFPX-MFG-SUP-001 §6,Inspection,TBD,CONCEPT
REQ-HFPX-DSU-002,"The supplier requirements shall require that supplier processes be specified, controlled, and qualified before use in production.",HFPX-MFG-SUP-001,Vol 03 material/process hooks (TBD); Vol 28.8 hooks (TBD),Mfg,HFPX-MFG-SUP-001 §6,Inspection,TBD,CONCEPT
REQ-HFPX-DSU-003,The supplier requirements shall define supplier verification and record provisions for supplied product and processes.,HFPX-MFG-SUP-001,Manufacturing classification (HFPX-MFG-STR-001); Vol 28.8 hooks (TBD),Mfg,HFPX-MFG-SUP-001 §6,Inspection,TBD,CONCEPT
REQ-HFPX-DSU-004,"The supplier requirements shall define the relationship between supplier control, incoming control, nonconformance handling, and acceptance.",HFPX-MFG-SUP-001,Manufacturing classification (HFPX-MFG-STR-001); Vol 28 quality hooks (TBD),Mfg,HFPX-MFG-SUP-001 §6,Inspection,TBD,CONCEPT
REQ-HFPX-DPT-001,Production tooling shall be defined and controlled under configuration control.,HFPX-MFG-TOL-001,Manufacturing classification (HFPX-MFG-STR-001); Vol 03 material/process hooks (TBD); Vol 28 quality hooks (TBD),Mfg,HFPX-MFG-TOL-001 §6,Inspection,TBD,CONCEPT
REQ-HFPX-DPT-002,"The production tooling provisions shall define tooling controls, including identification, maintenance, storage, handling, and release.",HFPX-MFG-TOL-001,Vol 03 material/process hooks (TBD); Vol 28 quality hooks (TBD),Mfg,HFPX-MFG-TOL-001 §6,Inspection,TBD,CONCEPT
REQ-HFPX-DPT-003,Production tooling used in verification shall be linked to calibration provisions.,HFPX-MFG-TOL-001,Vol 03 material/process hooks (TBD); Vol 28 quality hooks (TBD),Mfg,HFPX-MFG-TOL-001 §6,Inspection,TBD,CONCEPT
REQ-HFPX-DPT-004,"Production tooling shall be verified before release for production using Inspection, Demonstration, or Test as applicable.",HFPX-MFG-TOL-001,Vol 03 material/process hooks (TBD); Vol 28 quality hooks (TBD),Mfg,HFPX-MFG-TOL-001 §6,Demonstration,TBD,CONCEPT
REQ-HFPX-DWD-001,The welding and joining process shall be governed by a controlled process specification.,HFPX-MFG-WLD-001,Manufacturing classification (HFPX-MFG-STR-001); Vol 03 material/process hooks (TBD); Vol 28 quality hooks (TBD),Mfg,HFPX-MFG-WLD-001 §6,Inspection,TBD,CONCEPT
REQ-HFPX-DWD-002,"The welding and joining process specification shall define process controls, including joint preparation control, execution control, and traceability.",HFPX-MFG-WLD-001,Vol 03 material/process hooks (TBD); Vol 28 quality hooks (TBD),Mfg,HFPX-MFG-WLD-001 §6,Inspection,TBD,CONCEPT
REQ-HFPX-DWD-003,"Each production joint configuration shall be qualified before use in production, using representative materials and configurations.",HFPX-MFG-WLD-001,Vol 03 material/process hooks (TBD); Vol 28 quality hooks (TBD),Mfg,HFPX-MFG-WLD-001 §6,Demonstration,TBD,CONCEPT
REQ-HFPX-DWD-004,"The welding and joining process specification shall define verification using Inspection, Demonstration, or Test as applicable, including NDT hooks.",HFPX-MFG-WLD-001,Vol 03 material/process hooks (TBD); Vol 28 quality hooks (TBD),Mfg,HFPX-MFG-WLD-001 §6,Inspection,TBD,CONCEPT
REQ-HFPX-KAA-001,The airframe assembly specification shall define the airframe build sequence and stage gates (sequence and criteria TBD).,HFPX-INT-AFA-001,IFR/ICD tier (HFPX-ARC-IFR-001; ICDs TBD); airframe inputs (TBD); VVP thread (TBD),Integration,HFPX-INT-AFA-001 §6,Inspection,TBD,CONCEPT
REQ-HFPX-KAA-002,The airframe assembly specification shall capture each structural join interface and its governing interface definition (details TBD).,HFPX-INT-AFA-001,IFR/ICD tier (HFPX-ARC-IFR-001; ICDs TBD); airframe inputs (TBD); VVP thread (TBD),Integration,HFPX-INT-AFA-001 §6,Inspection,TBD,CONCEPT
REQ-HFPX-KAA-003,The airframe assembly specification shall define fastening and joining specification hooks for each joint (specifications TBD).,HFPX-INT-AFA-001,IFR/ICD tier (HFPX-ARC-IFR-001; ICDs TBD); airframe inputs (TBD); VVP thread (TBD),Integration,HFPX-INT-AFA-001 §6,Inspection,TBD,CONCEPT
REQ-HFPX-KAA-004,"The airframe assembly specification shall define assembly verification provisions, including as-built recording (methods TBD).",HFPX-INT-AFA-001,IFR/ICD tier (HFPX-ARC-IFR-001; ICDs TBD); airframe inputs (TBD); VVP thread (TBD),Integration,HFPX-INT-AFA-001 §6,Inspection,TBD,CONCEPT
REQ-HFPX-KVI-001,The avionics installation specification shall define the installation sequence and stage gates (sequence and criteria TBD).,HFPX-INT-AVI-001,IFR/ICD tier (HFPX-ARC-IFR-001; ICDs TBD); avionics inputs (TBD); VVP thread (TBD),Integration,HFPX-INT-AVI-001 §6,Inspection,TBD,CONCEPT
REQ-HFPX-KVI-002,The avionics installation specification shall capture each avionics mounting and environmental provision and its governing interface definition (details TBD).,HFPX-INT-AVI-001,IFR/ICD tier (HFPX-ARC-IFR-001; ICDs TBD); avionics inputs (TBD); VVP thread (TBD),Integration,HFPX-INT-AVI-001 §6,Inspection,TBD,CONCEPT
REQ-HFPX-KVI-003,The avionics installation specification shall capture each avionics connector and data interface and its governing interface definition (details TBD).,HFPX-INT-AVI-001,IFR/ICD tier (HFPX-ARC-IFR-001; ICDs TBD); avionics inputs (TBD); VVP thread (TBD),Integration,HFPX-INT-AVI-001 §6,Inspection,TBD,CONCEPT
REQ-HFPX-KVI-004,"The avionics installation specification shall define installation verification provisions, including as-built recording (methods TBD).",HFPX-INT-AVI-001,IFR/ICD tier (HFPX-ARC-IFR-001; ICDs TBD); avionics inputs (TBD); VVP thread (TBD),Integration,HFPX-INT-AVI-001 §6,Inspection,TBD,CONCEPT
REQ-HFPX-KEI-001,The electrical installation specification shall define the installation sequence and stage gates (sequence and criteria TBD).,HFPX-INT-ELI-001,IFR/ICD tier (HFPX-ARC-IFR-001; ICDs TBD); electrical inputs (TBD); VVP thread (TBD),Integration,HFPX-INT-ELI-001 §6,Inspection,TBD,CONCEPT
REQ-HFPX-KEI-002,The electrical installation specification shall capture each power distribution interface and its governing interface definition (details TBD).,HFPX-INT-ELI-001,IFR/ICD tier (HFPX-ARC-IFR-001; ICDs TBD); electrical inputs (TBD); VVP thread (TBD),Integration,HFPX-INT-ELI-001 §6,Inspection,TBD,CONCEPT
REQ-HFPX-KEI-003,"The electrical installation specification shall define routing, support, and connection specification hooks for electrical equipment (specifications TBD).",HFPX-INT-ELI-001,IFR/ICD tier (HFPX-ARC-IFR-001; ICDs TBD); electrical inputs (TBD); VVP thread (TBD),Integration,HFPX-INT-ELI-001 §6,Inspection,TBD,CONCEPT
REQ-HFPX-KEI-004,"The electrical installation specification shall define installation verification provisions, including connection and continuity checks (methods TBD).",HFPX-INT-ELI-001,IFR/ICD tier (HFPX-ARC-IFR-001; ICDs TBD); electrical inputs (TBD); VVP thread (TBD),Integration,HFPX-INT-ELI-001 §6,Inspection,TBD,CONCEPT
REQ-HFPX-KFI-001,The fuel system installation specification shall define the installation sequence and stage gates (sequence and criteria TBD).,HFPX-INT-FSI-001,IFR/ICD tier (HFPX-ARC-IFR-001; ICDs TBD); fuel inputs (TBD); VVP thread (TBD),Integration,HFPX-INT-FSI-001 §6,Inspection,TBD,CONCEPT
REQ-HFPX-KFI-002,The fuel system installation specification shall define routing and protection specification hooks for fuel lines and components (details TBD).,HFPX-INT-FSI-001,IFR/ICD tier (HFPX-ARC-IFR-001; ICDs TBD); fuel inputs (TBD); VVP thread (TBD),Integration,HFPX-INT-FSI-001 §6,Inspection,TBD,CONCEPT
REQ-HFPX-KFI-003,The fuel system installation specification shall define connection and sealing specification hooks for each fuel interface (specifications TBD).,HFPX-INT-FSI-001,IFR/ICD tier (HFPX-ARC-IFR-001; ICDs TBD); fuel inputs (TBD); VVP thread (TBD),Integration,HFPX-INT-FSI-001 §6,Inspection,TBD,CONCEPT
REQ-HFPX-KFI-004,"The fuel system installation specification shall define installation verification hooks, including leak-check provisions (details TBD, Vol 05.13/05.16 hooks).",HFPX-INT-FSI-001,IFR/ICD tier (HFPX-ARC-IFR-001; ICDs TBD); fuel inputs (TBD); VVP thread (TBD),Integration,HFPX-INT-FSI-001 §6,Inspection,TBD,CONCEPT
REQ-HFPX-KGB-001,The grounding and bonding specification shall define the installation sequence and stage gates (sequence and criteria TBD).,HFPX-INT-GDB-001,IFR/ICD tier (HFPX-ARC-IFR-001; ICDs TBD); grounding inputs including Vol 15.12 (TBD); VVP thread (TBD),Integration,HFPX-INT-GDB-001 §6,Inspection,TBD,CONCEPT
REQ-HFPX-KGB-002,"The grounding and bonding specification shall define bonding-class hooks for each applicable joint and interface (classes TBD, Vol 15.12 hooks).",HFPX-INT-GDB-001,IFR/ICD tier (HFPX-ARC-IFR-001; ICDs TBD); grounding inputs including Vol 15.12 (TBD); VVP thread (TBD),Integration,HFPX-INT-GDB-001 §6,Inspection,TBD,CONCEPT
REQ-HFPX-KGB-003,The grounding and bonding specification shall define joint-preparation and connection specification hooks for grounding and bonding (specifications TBD).,HFPX-INT-GDB-001,IFR/ICD tier (HFPX-ARC-IFR-001; ICDs TBD); grounding inputs including Vol 15.12 (TBD); VVP thread (TBD),Integration,HFPX-INT-GDB-001 §6,Inspection,TBD,CONCEPT
REQ-HFPX-KGB-004,"The grounding and bonding specification shall define measurement and installation verification hooks, including as-built recording (methods TBD, Vol 15.12 hooks).",HFPX-INT-GDB-001,IFR/ICD tier (HFPX-ARC-IFR-001; ICDs TBD); grounding inputs including Vol 15.12 (TBD); VVP thread (TBD),Integration,HFPX-INT-GDB-001 §6,Inspection,TBD,CONCEPT
REQ-HFPX-KHI-001,The helmet integration specification shall define the installation sequence and stage gates (sequence and criteria TBD).,HFPX-INT-HMI-001,IFR/ICD tier (HFPX-ARC-IFR-001; ICDs TBD); helmet inputs (TBD); VVP thread (TBD),Integration,HFPX-INT-HMI-001 §6,Inspection,TBD,CONCEPT
REQ-HFPX-KHI-002,The helmet integration specification shall capture each aircraft-side provision and its governing interface definition (details TBD).,HFPX-INT-HMI-001,IFR/ICD tier (HFPX-ARC-IFR-001; ICDs TBD); helmet inputs (TBD); VVP thread (TBD),Integration,HFPX-INT-HMI-001 §6,Inspection,TBD,CONCEPT
REQ-HFPX-KHI-003,"The helmet integration specification shall capture each helmet connector, data, and service interface and its governing interface definition (details TBD).",HFPX-INT-HMI-001,IFR/ICD tier (HFPX-ARC-IFR-001; ICDs TBD); helmet inputs (TBD); VVP thread (TBD),Integration,HFPX-INT-HMI-001 §6,Inspection,TBD,CONCEPT
REQ-HFPX-KHI-004,"The helmet integration specification shall define installation verification provisions, including fit-check hooks and as-built recording (methods TBD).",HFPX-INT-HMI-001,IFR/ICD tier (HFPX-ARC-IFR-001; ICDs TBD); helmet inputs (TBD); VVP thread (TBD),Integration,HFPX-INT-HMI-001 §6,Inspection,TBD,CONCEPT
REQ-HFPX-KTP-001,The integration test procedures specification shall define the procedure inventory and its mapping to integrated interfaces (inventory TBD).,HFPX-INT-ITP-001,IFR/ICD tier (HFPX-ARC-IFR-001; ICDs TBD); subsystem installation inputs (TBD); VVP thread including Vol 22/23.2 (TBD),Integration,HFPX-INT-ITP-001 §6,Inspection,TBD,CONCEPT
REQ-HFPX-KTP-002,The integration test procedures specification shall define pass/fail provision hooks for each procedure (provisions TBD).,HFPX-INT-ITP-001,IFR/ICD tier (HFPX-ARC-IFR-001; ICDs TBD); subsystem installation inputs (TBD); VVP thread including Vol 22/23.2 (TBD),Integration,HFPX-INT-ITP-001 §6,Inspection,TBD,CONCEPT
REQ-HFPX-KTP-003,The integration test procedures specification shall define test-record provisions for procedure execution and outcomes (records TBD).,HFPX-INT-ITP-001,IFR/ICD tier (HFPX-ARC-IFR-001; ICDs TBD); subsystem installation inputs (TBD); VVP thread including Vol 22/23.2 (TBD),Integration,HFPX-INT-ITP-001 §6,Inspection,TBD,CONCEPT
REQ-HFPX-KTP-004,The integration test procedures specification shall define hooks to Vol 22/23.2 test provisions for each applicable procedure (hooks TBD).,HFPX-INT-ITP-001,IFR/ICD tier (HFPX-ARC-IFR-001; ICDs TBD); subsystem installation inputs (TBD); VVP thread including Vol 22/23.2 (TBD),Integration,HFPX-INT-ITP-001 §6,Inspection,TBD,CONCEPT
REQ-HFPX-KPI-001,The propulsion installation specification shall define the installation sequence and stage gates (sequence and criteria TBD).,HFPX-INT-PIN-001,IFR/ICD tier (HFPX-ARC-IFR-001; ICDs TBD); propulsion inputs including Vol 04.16 (TBD); VVP thread (TBD),Integration,HFPX-INT-PIN-001 §6,Inspection,TBD,CONCEPT
REQ-HFPX-KPI-002,"The propulsion installation specification shall capture each mechanical, electrical, and data installation interface and its governing interface definition (details TBD, Vol 04.16 hooks).",HFPX-INT-PIN-001,IFR/ICD tier (HFPX-ARC-IFR-001; ICDs TBD); propulsion inputs including Vol 04.16 (TBD); VVP thread (TBD),Integration,HFPX-INT-PIN-001 §6,Inspection,TBD,CONCEPT
REQ-HFPX-KPI-003,The propulsion installation specification shall define mounting and connection specification hooks for each propulsion interface (specifications TBD).,HFPX-INT-PIN-001,IFR/ICD tier (HFPX-ARC-IFR-001; ICDs TBD); propulsion inputs including Vol 04.16 (TBD); VVP thread (TBD),Integration,HFPX-INT-PIN-001 §6,Inspection,TBD,CONCEPT
REQ-HFPX-KPI-004,"The propulsion installation specification shall define installation verification provisions, including as-built recording (methods TBD).",HFPX-INT-PIN-001,IFR/ICD tier (HFPX-ARC-IFR-001; ICDs TBD); propulsion inputs including Vol 04.16 (TBD); VVP thread (TBD),Integration,HFPX-INT-PIN-001 §6,Inspection,TBD,CONCEPT
REQ-HFPX-KRI-001,The recovery-system installation specification shall define the installation sequence and stage gates (sequence and criteria TBD).,HFPX-INT-RSI-001,IFR/ICD tier (HFPX-ARC-IFR-001; ICDs TBD); recovery inputs including Vol 13.11/13.18 (TBD); VVP thread (TBD),Integration,HFPX-INT-RSI-001 §6,Inspection,TBD,CONCEPT
REQ-HFPX-KRI-002,"The recovery-system installation specification shall capture each recovery mounting and deployment interface and its governing interface definition (details TBD, Vol 13.11/13.18 hooks).",HFPX-INT-RSI-001,IFR/ICD tier (HFPX-ARC-IFR-001; ICDs TBD); recovery inputs including Vol 13.11/13.18 (TBD); VVP thread (TBD),Integration,HFPX-INT-RSI-001 §6,Inspection,TBD,CONCEPT
REQ-HFPX-KRI-003,The recovery-system installation specification shall define handling-precaution hooks for each applicable installation step (details TBD).,HFPX-INT-RSI-001,IFR/ICD tier (HFPX-ARC-IFR-001; ICDs TBD); recovery inputs including Vol 13.11/13.18 (TBD); VVP thread (TBD),Integration,HFPX-INT-RSI-001 §6,Inspection,TBD,CONCEPT
REQ-HFPX-KRI-004,"The recovery-system installation specification shall define installation verification provisions, including as-built recording (methods TBD, Vol 13.11/13.18 hooks).",HFPX-INT-RSI-001,IFR/ICD tier (HFPX-ARC-IFR-001; ICDs TBD); recovery inputs including Vol 13.11/13.18 (TBD); VVP thread (TBD),Integration,HFPX-INT-RSI-001 §6,Inspection,TBD,CONCEPT
REQ-HFPX-KSI-001,The sensor installation specification shall define the installation sequence and stage gates (sequence and criteria TBD).,HFPX-INT-SNI-001,IFR/ICD tier (HFPX-ARC-IFR-001; ICDs TBD); sensor inputs including Vol 09.17 (TBD); VVP thread (TBD),Integration,HFPX-INT-SNI-001 §6,Inspection,TBD,CONCEPT
REQ-HFPX-KSI-002,The sensor installation specification shall capture each sensor mounting and aperture provision and its governing interface definition (details TBD).,HFPX-INT-SNI-001,IFR/ICD tier (HFPX-ARC-IFR-001; ICDs TBD); sensor inputs including Vol 09.17 (TBD); VVP thread (TBD),Integration,HFPX-INT-SNI-001 §6,Inspection,TBD,CONCEPT
REQ-HFPX-KSI-003,The sensor installation specification shall capture each sensor connector and data interface and its governing interface definition (details TBD).,HFPX-INT-SNI-001,IFR/ICD tier (HFPX-ARC-IFR-001; ICDs TBD); sensor inputs including Vol 09.17 (TBD); VVP thread (TBD),Integration,HFPX-INT-SNI-001 §6,Inspection,TBD,CONCEPT
REQ-HFPX-KSI-004,"The sensor installation specification shall define alignment and calibration hooks for each applicable sensor (details TBD, Vol 09.17 hooks).",HFPX-INT-SNI-001,IFR/ICD tier (HFPX-ARC-IFR-001; ICDs TBD); sensor inputs including Vol 09.17 (TBD); VVP thread (TBD),Integration,HFPX-INT-SNI-001 §6,Inspection,TBD,CONCEPT
REQ-HFPX-KAS-001,The assembly strategy shall define the build sequence from airframe assembly through system installation to integration handover (sequence TBD).,HFPX-INT-STR-001,IFR/ICD tier (HFPX-ARC-IFR-001; ICDs TBD); subsystem installation inputs (TBD); VVP thread (TBD),Integration,HFPX-INT-STR-001 §6,Inspection,TBD,CONCEPT
REQ-HFPX-KAS-002,The assembly strategy shall define workstation ownership for each build work package (ownership TBD).,HFPX-INT-STR-001,IFR/ICD tier (HFPX-ARC-IFR-001; ICDs TBD); subsystem installation inputs (TBD); VVP thread (TBD),Integration,HFPX-INT-STR-001 §6,Inspection,TBD,CONCEPT
REQ-HFPX-KAS-003,"The assembly strategy shall define configuration control during build, including as-designed versus as-built recording (method TBD).",HFPX-INT-STR-001,IFR/ICD tier (HFPX-ARC-IFR-001; ICDs TBD); subsystem installation inputs (TBD); VVP thread (TBD),Integration,HFPX-INT-STR-001 §6,Inspection,TBD,CONCEPT
REQ-HFPX-KAS-004,The assembly strategy shall define assembly-gate completion criteria for each build stage (criteria TBD).,HFPX-INT-STR-001,IFR/ICD tier (HFPX-ARC-IFR-001; ICDs TBD); subsystem installation inputs (TBD); VVP thread (TBD),Integration,HFPX-INT-STR-001 §6,Inspection,TBD,CONCEPT
REQ-HFPX-KAS-005,The assembly strategy shall define installation records retained through build (records TBD).,HFPX-INT-STR-001,IFR/ICD tier (HFPX-ARC-IFR-001; ICDs TBD); subsystem installation inputs (TBD); VVP thread (TBD),Integration,HFPX-INT-STR-001 §6,Inspection,TBD,CONCEPT
REQ-HFPX-KSY-001,The system integration specification shall define the integration order and stage gates (order and criteria TBD).,HFPX-INT-SYI-001,IFR/ICD tier (HFPX-ARC-IFR-001; ICDs TBD); subsystem installation inputs (TBD); VVP thread (TBD),Integration,HFPX-INT-SYI-001 §6,Inspection,TBD,CONCEPT
REQ-HFPX-KSY-002,The system integration specification shall define interface-verification provisions for each integrated interface (provisions TBD).,HFPX-INT-SYI-001,IFR/ICD tier (HFPX-ARC-IFR-001; ICDs TBD); subsystem installation inputs (TBD); VVP thread (TBD),Integration,HFPX-INT-SYI-001 §6,Inspection,TBD,CONCEPT
REQ-HFPX-KSY-003,"The system integration specification shall define non-conformance flow hooks for integration discrepancies (details TBD, Vol 28.6 hooks).",HFPX-INT-SYI-001,IFR/ICD tier (HFPX-ARC-IFR-001; ICDs TBD); subsystem installation inputs (TBD); VVP thread (TBD),Integration,HFPX-INT-SYI-001 §6,Inspection,TBD,CONCEPT
REQ-HFPX-KSY-004,"The system integration specification shall define integration records, including as-built configuration capture (records TBD).",HFPX-INT-SYI-001,IFR/ICD tier (HFPX-ARC-IFR-001; ICDs TBD); subsystem installation inputs (TBD); VVP thread (TBD),Integration,HFPX-INT-SYI-001 §6,Inspection,TBD,CONCEPT
REQ-HFPX-KWH-001,The wiring and harnessing specification shall define the installation sequence and stage gates (sequence and criteria TBD).,HFPX-INT-WRH-001,IFR/ICD tier (HFPX-ARC-IFR-001; ICDs TBD); wiring inputs including Vol 29.5 (TBD); VVP thread (TBD),Integration,HFPX-INT-WRH-001 §6,Inspection,TBD,CONCEPT
REQ-HFPX-KWH-002,"The wiring and harnessing specification shall define routing and separation specification hooks for wiring and harnesses (details TBD, Vol 29.5 hooks).",HFPX-INT-WRH-001,IFR/ICD tier (HFPX-ARC-IFR-001; ICDs TBD); wiring inputs including Vol 29.5 (TBD); VVP thread (TBD),Integration,HFPX-INT-WRH-001 §6,Inspection,TBD,CONCEPT
REQ-HFPX-KWH-003,"The wiring and harnessing specification shall define support, protection, and connection specification hooks for wiring and harnesses (specifications TBD).",HFPX-INT-WRH-001,IFR/ICD tier (HFPX-ARC-IFR-001; ICDs TBD); wiring inputs including Vol 29.5 (TBD); VVP thread (TBD),Integration,HFPX-INT-WRH-001 §6,Inspection,TBD,CONCEPT
REQ-HFPX-KWH-004,"The wiring and harnessing specification shall define installation verification provisions, including as-built recording (methods TBD).",HFPX-INT-WRH-001,IFR/ICD tier (HFPX-ARC-IFR-001; ICDs TBD); wiring inputs including Vol 29.5 (TBD); VVP thread (TBD),Integration,HFPX-INT-WRH-001 §6,Inspection,TBD,CONCEPT
REQ-HFPX-RAL-001,"The programme shall define a reliability allocation method applicable across indenture levels, with method and applicability TBD.",HFPX-REL-ALC-001,TBD reliability classification; HFPX-REL-ENG-001,Reliability,HFPX-REL-ALC-001 §6,Inspection,TBD,CONCEPT
REQ-HFPX-RAL-002,"The programme shall record reliability budgets per allocated item, with all budgets TBD and recording location TBD.",HFPX-REL-ALC-001,TBD reliability classification; REQ-HFPX-RRE-001,Reliability,HFPX-REL-ALC-001 §6,Inspection,TBD,CONCEPT
REQ-HFPX-RAL-003,"The programme shall control apportionment updates under a defined update rule, with triggers, authority, and re-verification TBD.",HFPX-REL-ALC-001,TBD reliability classification; SEMP gates,Reliability,HFPX-REL-ALC-001 §6,Inspection,TBD,CONCEPT
REQ-HFPX-RAL-004,"Allocation and updates shall be verified for completeness, consistency, and traceability, with acceptance criteria TBD.",HFPX-REL-ALC-001,TBD reliability classification; REQ-HFPX-SCA-004,Reliability,HFPX-REL-ALC-001 §6,Analysis,TBD,CONCEPT
REQ-HFPX-RAV-001,"The programme shall define an availability model with stated scope and conditions, with model and scope TBD.",HFPX-REL-AVL-001,TBD reliability classification; HFPX-REL-ENG-001,Reliability,HFPX-REL-AVL-001 §6,Inspection,TBD,CONCEPT
REQ-HFPX-RAV-002,"The programme shall govern availability-model inputs under defined input rules, with all inputs TBD per Vol 24.3/24.8/24.9.",HFPX-REL-AVL-001,TBD reliability classification; Vol 24.3/24.8/24.9,Reliability,HFPX-REL-AVL-001 §6,Analysis,TBD,CONCEPT
REQ-HFPX-RAV-003,"The programme shall record availability targets with defined scope, with all targets TBD and recording location TBD.",HFPX-REL-AVL-001,TBD reliability classification; SYS-002/003,Reliability,HFPX-REL-AVL-001 §6,Inspection,TBD,CONCEPT
REQ-HFPX-RAV-004,"Availability assessment shall be verified under a defined verification approach, with method and acceptance criteria TBD.",HFPX-REL-AVL-001,TBD reliability classification; REQ-HFPX-SCA-004,Reliability,HFPX-REL-AVL-001 §6,Analysis,TBD,CONCEPT
REQ-HFPX-RCM-001,"The programme shall define monitored indicators with stated scope and conditions, with indicator list TBD.",HFPX-REL-CDM-001,TBD reliability classification; HFPX-REL-ENG-001,Reliability,HFPX-REL-CDM-001 §6,Inspection,TBD,CONCEPT
REQ-HFPX-RCM-002,"Condition monitoring shall maintain defined hooks to 08.10/16.11 functions, with interface, ownership, and update rules TBD.",HFPX-REL-CDM-001,TBD reliability classification; Vol 08.10/16.11,Reliability,HFPX-REL-CDM-001 §6,Inspection,TBD,CONCEPT
REQ-HFPX-RCM-003,"The programme shall govern alert rules under defined governance, with rules, thresholds, and authority TBD and advisory-only constraint.",HFPX-REL-CDM-001,TBD reliability classification; SAF tier,Reliability,HFPX-REL-CDM-001 §6,Analysis,TBD,CONCEPT
REQ-HFPX-RCM-004,"Condition-monitoring definitions and alert rules shall be verified under a defined verification approach, with method and criteria TBD.",HFPX-REL-CDM-001,TBD reliability classification; REQ-HFPX-SCA-004,Reliability,HFPX-REL-CDM-001 §6,Test,TBD,CONCEPT
REQ-HFPX-RRE-001,"The programme shall establish and maintain a reliability engineering programme covering methods, data control, growth tracking, and review gates, with scope TBD.",HFPX-REL-ENG-001,TBD reliability classification; SYS-002/003,Reliability,HFPX-REL-ENG-001 §6,Inspection,TBD,CONCEPT
REQ-HFPX-RRE-002,"The programme shall define the reliability methods to be applied at each lifecycle phase, with method selection criteria TBD.",HFPX-REL-ENG-001,TBD reliability classification; SEMP gates,Reliability,HFPX-REL-ENG-001 §6,Inspection,TBD,CONCEPT
REQ-HFPX-RRE-003,"The programme shall define allowed reliability data sources and their hierarchy, with sources and precedence TBD per Vol 24.3 rules.",HFPX-REL-ENG-001,TBD reliability classification; Vol 24.3,Reliability,HFPX-REL-ENG-001 §6,Inspection,TBD,CONCEPT
REQ-HFPX-RRE-004,"The programme shall track reliability growth against plans, with metrics, plans, and recording rules TBD and hooks to Vol 32.5.",HFPX-REL-ENG-001,TBD reliability classification; Vol 32.5,Reliability,HFPX-REL-ENG-001 §6,Analysis,TBD,CONCEPT
REQ-HFPX-RRE-005,"The programme shall define reliability review-gate entrance and exit criteria, with criteria and applicable gates TBD.",HFPX-REL-ENG-001,TBD reliability classification; SEMP gates; REQ-HFPX-SCA-004,Reliability,HFPX-REL-ENG-001 §6,Inspection,TBD,CONCEPT
REQ-HFPX-RFM-001,"The programme shall own and maintain a system-level FMEA, with ownership, scope, and boundary TBD.",HFPX-REL-FME-001,TBD reliability classification; HFPX-REL-ENG-001,Reliability,HFPX-REL-FME-001 §6,Inspection,TBD,CONCEPT
REQ-HFPX-RFM-002,"The programme shall record the system-level FMEA in a defined worksheet schema, with schema and completeness rules TBD.",HFPX-REL-FME-001,TBD reliability classification; REQ-HFPX-SCA-001,Reliability,HFPX-REL-FME-001 §6,Inspection,TBD,CONCEPT
REQ-HFPX-RFM-003,"The programme shall apply a defined criticality treatment to FMEA rows, with method, scales, and ranking rules TBD.",HFPX-REL-FME-001,TBD reliability classification; SAF tier,Reliability,HFPX-REL-FME-001 §6,Analysis,TBD,CONCEPT
REQ-HFPX-RFM-004,"The system-level FMEA shall maintain defined hooks to Vol 13.5 item FMEAs, with interface, traceability, and update rules TBD.",HFPX-REL-FME-001,TBD reliability classification; Vol 13.5; REQ-HFPX-SCA-002,Reliability,HFPX-REL-FME-001 §6,Inspection,TBD,CONCEPT
REQ-HFPX-RFR-001,"The programme shall define a failure-rate data-source hierarchy across handbook, test, and field sources, with precedence and applicability TBD.",HFPX-REL-FRA-001,TBD reliability classification; HFPX-REL-ENG-001,Reliability,HFPX-REL-FRA-001 §6,Inspection,TBD,CONCEPT
REQ-HFPX-RFR-002,"The programme shall record failure rates with defined scope and conditions, with all rates TBD and record schema TBD.",HFPX-REL-FRA-001,TBD reliability classification; Vol 24.2 allocation,Reliability,HFPX-REL-FRA-001 §6,Inspection,TBD,CONCEPT
REQ-HFPX-RFR-003,"The programme shall apply a defined uncertainty treatment to failure-rate inputs, with method and recording rules TBD.",HFPX-REL-FRA-001,TBD reliability classification; REQ-HFPX-SCA-004,Reliability,HFPX-REL-FRA-001 §6,Analysis,TBD,CONCEPT
REQ-HFPX-RFR-004,"The programme shall control failure-rate updates under a defined update rule, with triggers, authority, and re-verification TBD.",HFPX-REL-FRA-001,TBD reliability classification; SEMP gates,Reliability,HFPX-REL-FRA-001 §6,Inspection,TBD,CONCEPT
REQ-HFPX-RFT-001,"The programme shall define system-level FTA top events, with selection criteria and list TBD.",HFPX-REL-FTA-001,TBD reliability classification; HFPX-REL-ENG-001,Reliability,HFPX-REL-FTA-001 §6,Inspection,TBD,CONCEPT
REQ-HFPX-RFT-002,"The programme shall apply a defined FTA method, with conventions, gate rules, and tool qualification TBD.",HFPX-REL-FTA-001,TBD reliability classification; REQ-HFPX-SCA-002,Reliability,HFPX-REL-FTA-001 §6,Inspection,TBD,CONCEPT
REQ-HFPX-RFT-003,"The programme shall govern FTA data inputs under defined data rules, with all data TBD per Vol 24.3 hierarchy.",HFPX-REL-FTA-001,TBD reliability classification; Vol 24.3,Reliability,HFPX-REL-FTA-001 §6,Analysis,TBD,CONCEPT
REQ-HFPX-RFT-004,"System-level FTA shall maintain defined hooks to Vol 13.6 fault trees, with interface, traceability, and update rules TBD.",HFPX-REL-FTA-001,TBD reliability classification; Vol 13.6; REQ-HFPX-SCA-002,Reliability,HFPX-REL-FTA-001 §6,Inspection,TBD,CONCEPT
REQ-HFPX-RLL-001,"The programme shall define a life-limit determination method, with method, inputs, and acceptance rules TBD.",HFPX-REL-LLC-001,TBD reliability classification; HFPX-REL-ENG-001,Reliability,HFPX-REL-LLC-001 §6,Inspection,TBD,CONCEPT
REQ-HFPX-RLL-002,"The programme shall record life limits with defined units and scope, with component list TBD and all limits TBD.",HFPX-REL-LLC-001,TBD reliability classification; SYS-002/003,Reliability,HFPX-REL-LLC-001 §6,Inspection,TBD,CONCEPT
REQ-HFPX-RLL-003,"Life-limited components shall be tracked against limits under defined tracking rules, with method TBD and hooks to Vol 27.11.",HFPX-REL-LLC-001,TBD reliability classification; Vol 27.11,Reliability,HFPX-REL-LLC-001 §6,Demonstration,TBD,CONCEPT
REQ-HFPX-RLL-004,"Life-limit determination and tracking shall be verified under a defined verification approach, with method and criteria TBD.",HFPX-REL-LLC-001,TBD reliability classification; REQ-HFPX-SCA-004,Reliability,HFPX-REL-LLC-001 §6,Analysis,TBD,CONCEPT
REQ-HFPX-RMN-001,"The programme shall define maintainability attributes with applicability per indenture level, with attributes and applicability TBD.",HFPX-REL-MNT-001,TBD reliability classification; HFPX-REL-ENG-001,Reliability,HFPX-REL-MNT-001 §6,Inspection,TBD,CONCEPT
REQ-HFPX-RMN-002,"Maintainability assessment shall use MTTR inputs governed by Vol 24.9, with all values TBD and hook rules TBD.",HFPX-REL-MNT-001,TBD reliability classification; Vol 24.9,Reliability,HFPX-REL-MNT-001 §6,Analysis,TBD,CONCEPT
REQ-HFPX-RMN-003,"Maintainability shall be verified by demonstration under a defined demonstration method, with method and acceptance criteria TBD.",HFPX-REL-MNT-001,TBD reliability classification; V&V Plan,Reliability,HFPX-REL-MNT-001 §6,Demonstration,TBD,CONCEPT
REQ-HFPX-RMN-004,"Maintainability shall maintain defined hooks to Vol 27 support volumes, with interface, traceability, and update rules TBD.",HFPX-REL-MNT-001,TBD reliability classification; Vol 27,Reliability,HFPX-REL-MNT-001 §6,Inspection,TBD,CONCEPT
REQ-HFPX-RMB-001,"The programme shall define MTBF with stated scope and operating conditions, with definition details and scope TBD.",HFPX-REL-MTB-001,TBD reliability classification; HFPX-REL-ENG-001,Reliability,HFPX-REL-MTB-001 §6,Inspection,TBD,CONCEPT
REQ-HFPX-RMB-002,"The programme shall record MTBF values with defined scope, with all values TBD and record schema TBD.",HFPX-REL-MTB-001,TBD reliability classification; Vol 24.3,Reliability,HFPX-REL-MTB-001 §6,Inspection,TBD,CONCEPT
REQ-HFPX-RMB-003,"The programme shall define an MTBF demonstration method, with method, conditions, and acceptance criteria TBD.",HFPX-REL-MTB-001,TBD reliability classification; V&V Plan,Reliability,HFPX-REL-MTB-001 §6,Test,TBD,CONCEPT
REQ-HFPX-RMB-004,"No MTBF claim shall be asserted before verified evidence exists, with evidence recorded as TBD/empty until closure.",HFPX-REL-MTB-001,TBD reliability classification; REQ-HFPX-SCA-004,Reliability,HFPX-REL-MTB-001 §6,Inspection,TBD,CONCEPT
REQ-HFPX-RMR-001,"The programme shall define MTTR with stated maintenance levels and conditions, with definition details TBD.",HFPX-REL-MTR-001,TBD reliability classification; HFPX-REL-ENG-001,Reliability,HFPX-REL-MTR-001 §6,Inspection,TBD,CONCEPT
REQ-HFPX-RMR-002,"The programme shall record MTTR values with defined scope, with all values TBD and record schema TBD.",HFPX-REL-MTR-001,TBD reliability classification; Vol 24.7,Reliability,HFPX-REL-MTR-001 §6,Inspection,TBD,CONCEPT
REQ-HFPX-RMR-003,"The programme shall define an MTTR demonstration method, with method, conditions, and acceptance criteria TBD.",HFPX-REL-MTR-001,TBD reliability classification; V&V Plan,Reliability,HFPX-REL-MTR-001 §6,Demonstration,TBD,CONCEPT
REQ-HFPX-RMR-004,"MTTR assessment shall maintain defined spares/GSE hooks, with interface, traceability, and update rules TBD.",HFPX-REL-MTR-001,TBD reliability classification; Vol 27,Reliability,HFPX-REL-MTR-001 §6,Inspection,TBD,CONCEPT
REQ-HFPX-RPM-001,"The programme shall define predictive-maintenance prediction functions as advisory-only, with functions and scope TBD.",HFPX-REL-PDM-001,TBD reliability classification; HFPX-REL-ENG-001,Reliability,HFPX-REL-PDM-001 §6,Inspection,TBD,CONCEPT
REQ-HFPX-RPM-002,"Prediction functions shall maintain defined AI hooks governed by Vol 18.4, with interface, bounds, and governance TBD.",HFPX-REL-PDM-001,TBD reliability classification; Vol 18.4,Reliability,HFPX-REL-PDM-001 §6,Inspection,TBD,CONCEPT
REQ-HFPX-RPM-003,"Maintenance action on predictive advisories shall remain under human authority, with authority and procedure TBD.",HFPX-REL-PDM-001,TBD reliability classification; SAF tier; REQ-HFPX-SCA-003,Reliability,HFPX-REL-PDM-001 §6,Demonstration,TBD,CONCEPT
REQ-HFPX-RPM-004,"Prediction functions and authority rules shall be verified under a defined verification approach, with method and criteria TBD.",HFPX-REL-PDM-001,TBD reliability classification; REQ-HFPX-SCA-004,Reliability,HFPX-REL-PDM-001 §6,Analysis,TBD,CONCEPT
REQ-HFPX-RSC-001,"The programme shall define safety-critical identification criteria, with criteria and applicability TBD.",HFPX-REL-SCC-001,TBD reliability classification; SAF tier; REQ-HFPX-SCA-001,Reliability,HFPX-REL-SCC-001 §6,Inspection,TBD,CONCEPT
REQ-HFPX-RSC-002,"The programme shall maintain a configuration-controlled safety-critical components list, with list TBD and schema TBD.",HFPX-REL-SCC-001,TBD reliability classification; Vol 13 hazard log,Reliability,HFPX-REL-SCC-001 §6,Inspection,TBD,CONCEPT
REQ-HFPX-RSC-003,"The programme shall define special controls for listed components, with controls and ownership TBD.",HFPX-REL-SCC-001,TBD reliability classification; Vol 27; Vol 24.10,Reliability,HFPX-REL-SCC-001 §6,Inspection,TBD,CONCEPT
REQ-HFPX-RSC-004,"Identification, listing, and special controls shall be verified under a defined verification approach, with method and criteria TBD.",HFPX-REL-SCC-001,TBD reliability classification; REQ-HFPX-SCA-004,Reliability,HFPX-REL-SCC-001 §6,Analysis,TBD,CONCEPT
REQ-HFPX-QAE-001,"The programme shall maintain an authority-engagement plan, with authority identity and interaction sequence TBD pending material to be verified from authoritative sources.",HFPX-CERT-ATE-001,"STK-003, ISS-001",Cert,HFPX-CERT-ATE-001 §6,Inspection,TBD,CONCEPT
REQ-HFPX-QAE-002,"The programme shall define meeting and record practice for authority interactions, with formats and records TBD.",HFPX-CERT-ATE-001,"STK-003, ISS-001",Cert,HFPX-CERT-ATE-001 §6,Inspection,TBD,CONCEPT
REQ-HFPX-QAE-003,"The programme shall define action-closure practice for authority actions, with workflow TBD.",HFPX-CERT-ATE-001,"STK-003, ISS-001",Cert,HFPX-CERT-ATE-001 §6,Inspection,TBD,CONCEPT
REQ-HFPX-QAE-004,"The programme shall define stakeholder hooks linking authority engagement to programme stakeholders and technical owners, with detail TBD.",HFPX-CERT-ATE-001,"STK-003, ISS-001",Cert,HFPX-CERT-ATE-001 §6,Inspection,TBD,CONCEPT
REQ-HFPX-QAR-001,"The programme shall maintain a controlled inventory of candidate aviation regulations and guidance, populated solely from authoritative sources, with each entry to be verified from authoritative sources.",HFPX-CERT-AVR-001,"STK-003, ISS-001",Cert,HFPX-CERT-AVR-001 §6,Inspection,TBD,CONCEPT
REQ-HFPX-QAR-002,"The programme shall assess and record the applicability of each inventoried regulation, with method and rationale TBD.",HFPX-CERT-AVR-001,"STK-003, ISS-001",Cert,HFPX-CERT-AVR-001 §6,Inspection,TBD,CONCEPT
REQ-HFPX-QAR-003,"The programme shall define and follow an update rule for incorporating new or amended regulatory material obtained from authoritative sources, with detail to be verified from authoritative sources.",HFPX-CERT-AVR-001,"STK-003, ISS-001",Cert,HFPX-CERT-AVR-001 §6,Inspection,TBD,CONCEPT
REQ-HFPX-QAR-004,The programme shall cite no regulation paragraph from memory; every regulatory reference shall trace to a captured authoritative source.,HFPX-CERT-AVR-001,"STK-003, ISS-001",Cert,HFPX-CERT-AVR-001 §6,Inspection,TBD,CONCEPT
REQ-HFPX-QAW-001,"The programme shall derive airworthiness requirements from the approved regulatory basis and STK-003, with derivation method and criteria TBD pending research to be verified from authoritative sources.",HFPX-CERT-AWR-001,"STK-003, ISS-001",Cert,HFPX-CERT-AWR-001 §6,Inspection,TBD,CONCEPT
REQ-HFPX-QAW-002,"Each airworthiness requirement shall record its regulatory basis linkage, with basis content to be verified from authoritative sources.",HFPX-CERT-AWR-001,"STK-003, ISS-001",Cert,HFPX-CERT-AWR-001 §6,Inspection,TBD,CONCEPT
REQ-HFPX-QAW-003,"Each airworthiness requirement shall state its verification method and success criteria, with detail TBD.",HFPX-CERT-AWR-001,"STK-003, ISS-001",Cert,HFPX-CERT-AWR-001 §6,Inspection,TBD,CONCEPT
REQ-HFPX-QAW-004,"The programme shall maintain STK-003 traceability for airworthiness requirements within the SYS-tier structure, with classification detail TBD.",HFPX-CERT-AWR-001,"STK-003, ISS-001",Cert,HFPX-CERT-AWR-001 §6,Inspection,TBD,CONCEPT
REQ-HFPX-QCW-001,"The programme shall define a continued-operational-safety planning approach, with detail TBD pending material to be verified from authoritative sources.",HFPX-CERT-CAW-001,"STK-003, ISS-001",Cert,HFPX-CERT-CAW-001 §6,Inspection,TBD,CONCEPT
REQ-HFPX-QCW-002,"The programme shall define a service-difficulty reporting approach, with rules and records TBD pending material to be verified from authoritative sources.",HFPX-CERT-CAW-001,"STK-003, ISS-001",Cert,HFPX-CERT-CAW-001 §6,Inspection,TBD,CONCEPT
REQ-HFPX-QCW-003,"The programme shall define a directive-equivalent handling approach for mandatory authority instructions, with process TBD pending material to be verified from authoritative sources.",HFPX-CERT-CAW-001,"STK-003, ISS-001",Cert,HFPX-CERT-CAW-001 §6,Inspection,TBD,CONCEPT
REQ-HFPX-QCW-004,"The programme shall define hooks to Vol 27 operations and Vol 32 sustainment for continued-safety data flow, with detail TBD.",HFPX-CERT-CAW-001,"STK-003, ISS-001",Cert,HFPX-CERT-CAW-001 §6,Inspection,TBD,CONCEPT
REQ-HFPX-QCM-001,"The programme shall define the compliance-matrix schema, with fields and status values TBD.",HFPX-CERT-CCM-001,"STK-003, ISS-001",Cert,HFPX-CERT-CCM-001 §6,Inspection,TBD,CONCEPT
REQ-HFPX-QCM-002,"The programme shall trace each certification requirement to its compliance evidence, with regulatory endpoints to be verified from authoritative sources.",HFPX-CERT-CCM-001,"STK-003, ISS-001",Cert,HFPX-CERT-CCM-001 §6,Inspection,TBD,CONCEPT
REQ-HFPX-QCM-003,"The programme shall define a coverage-gate rule governing required trace completeness before each review or authorisation, with thresholds TBD and none baselined.",HFPX-CERT-CCM-001,"STK-003, ISS-001",Cert,HFPX-CERT-CCM-001 §6,Inspection,TBD,CONCEPT
REQ-HFPX-QCM-004,"The programme shall define hooks between the compliance matrix and the programme RTM/VCRM, with mechanics TBD.",HFPX-CERT-CCM-001,"STK-003, ISS-001",Cert,HFPX-CERT-CCM-001 §6,Inspection,TBD,CONCEPT
REQ-HFPX-QCI-001,"The programme shall define conformity scope for articles, installations, processes, and records, with scope TBD pending material to be verified from authoritative sources.",HFPX-CERT-CIN-001,"STK-003, ISS-001",Cert,HFPX-CERT-CIN-001 §6,Inspection,TBD,CONCEPT
REQ-HFPX-QCI-002,"The programme shall define conformity-inspection practice, including planning, execution, and sign-off, with detail TBD.",HFPX-CERT-CIN-001,"STK-003, ISS-001",Cert,HFPX-CERT-CIN-001 §6,Inspection,TBD,CONCEPT
REQ-HFPX-QCI-003,"The programme shall define the non-conformity flow with hooks to Vol 28.6, with detail TBD.",HFPX-CERT-CIN-001,"STK-003, ISS-001",Cert,HFPX-CERT-CIN-001 §6,Inspection,TBD,CONCEPT
REQ-HFPX-QCI-004,"The programme shall define conformity records practice, with formats and retention TBD pending material to be verified from authoritative sources.",HFPX-CERT-CIN-001,"STK-003, ISS-001",Cert,HFPX-CERT-CIN-001 §6,Inspection,TBD,CONCEPT
REQ-HFPX-QCE-001,"The programme shall define certification-evidence classes, with taxonomy TBD pending material to be verified from authoritative sources.",HFPX-CERT-EVD-001,"STK-003, ISS-001",Cert,HFPX-CERT-EVD-001 §6,Inspection,TBD,CONCEPT
REQ-HFPX-QCE-002,"The programme shall define certification-evidence records practice, with detail TBD.",HFPX-CERT-EVD-001,"STK-003, ISS-001",Cert,HFPX-CERT-EVD-001 §6,Inspection,TBD,CONCEPT
REQ-HFPX-QCE-003,"The programme shall define evidence-retention planning, with periods and protection TBD pending material to be verified from authoritative sources.",HFPX-CERT-EVD-001,"STK-003, ISS-001",Cert,HFPX-CERT-EVD-001 §6,Inspection,TBD,CONCEPT
REQ-HFPX-QCE-004,"The programme shall define hooks from evidence to Vol 22 V&V and Vol 23 test artifacts, with mechanics TBD.",HFPX-CERT-EVD-001,"STK-003, ISS-001",Cert,HFPX-CERT-EVD-001 §6,Inspection,TBD,CONCEPT
REQ-HFPX-QEX-001,"The programme shall research and record experimental-category rules solely from authoritative sources, with content to be verified from authoritative sources.",HFPX-CERT-EXP-001,"STK-003, ISS-001",Cert,HFPX-CERT-EXP-001 §6,Inspection,TBD,CONCEPT
REQ-HFPX-QEX-002,"The programme shall define how operating limitations are obtained, recorded, and flowed to operations and test, with limitation content TBD pending material to be verified from authoritative sources.",HFPX-CERT-EXP-001,"STK-003, ISS-001",Cert,HFPX-CERT-EXP-001 §6,Inspection,TBD,CONCEPT
REQ-HFPX-QEX-003,"The programme shall define the MVP/demonstrator authorisation sequence, with artifacts and gates TBD.",HFPX-CERT-EXP-001,"STK-003, ISS-001",Cert,HFPX-CERT-EXP-001 §6,Inspection,TBD,CONCEPT
REQ-HFPX-QEX-004,"The programme shall align experimental activity with the unmanned-first sequence, such that no human flight is authorised under this chapter at this revision.",HFPX-CERT-EXP-001,"STK-003, ISS-001",Cert,HFPX-CERT-EXP-001 §6,Inspection,TBD,CONCEPT
REQ-HFPX-QFA-001,"The programme shall define the flight-test authorisation artifacts and approval workflow, with artifact contents TBD pending material to be verified from authoritative sources.",HFPX-CERT-FTA-001,"STK-003, ISS-001",Cert,HFPX-CERT-FTA-001 §6,Inspection,TBD,CONCEPT
REQ-HFPX-QFA-002,"The programme shall define range-coordination requirements and records, with detail TBD.",HFPX-CERT-FTA-001,"STK-003, ISS-001",Cert,HFPX-CERT-FTA-001 §6,Inspection,TBD,CONCEPT
REQ-HFPX-QFA-003,The programme shall require passage of the FRR gate (Vol 23.13) with criteria TBD before authorised flight test.,HFPX-CERT-FTA-001,"STK-003, ISS-001",Cert,HFPX-CERT-FTA-001 §6,Inspection,TBD,CONCEPT
REQ-HFPX-QFA-004,"The programme shall define a stop-rule stating halt conditions, halt authority, and restart conditions, with detail TBD.",HFPX-CERT-FTA-001,"STK-003, ISS-001",Cert,HFPX-CERT-FTA-001 §6,Inspection,TBD,CONCEPT
REQ-HFPX-QPC-001,"The programme shall define the long-term production-approval path as a planning-only artifact, with content TBD pending research to be verified from authoritative sources.",HFPX-CERT-PRC-001,"STK-003, ISS-001",Cert,HFPX-CERT-PRC-001 §6,Inspection,TBD,CONCEPT
REQ-HFPX-QPC-002,"The programme shall define quality-system hooks to Vol 28 for future production control, with detail TBD.",HFPX-CERT-PRC-001,"STK-003, ISS-001",Cert,HFPX-CERT-PRC-001 §6,Inspection,TBD,CONCEPT
REQ-HFPX-QPC-003,"The programme shall define conformity linkage to Vol 25.13 for future production articles, with practice TBD.",HFPX-CERT-PRC-001,"STK-003, ISS-001",Cert,HFPX-CERT-PRC-001 §6,Inspection,TBD,CONCEPT
REQ-HFPX-QPC-004,"The programme shall treat production certification as long-term only, with no approval pursued under this chapter at this revision.",HFPX-CERT-PRC-001,"STK-003, ISS-001",Cert,HFPX-CERT-PRC-001 §6,Inspection,TBD,CONCEPT
REQ-HFPX-QRB-001,"The programme shall research the applicable national regulatory framework, including NCAA-related regulations and guidance, solely from authoritative sources, with citations to be verified from authoritative sources.",HFPX-CERT-RGB-001,"STK-003, ISS-001",Cert,HFPX-CERT-RGB-001 §6,Inspection,TBD,CONCEPT
REQ-HFPX-QRB-002,"The programme shall research applicable international hooks, including ICAO-related provisions, solely from authoritative sources, with content to be verified from authoritative sources.",HFPX-CERT-RGB-001,"STK-003, ISS-001",Cert,HFPX-CERT-RGB-001 §6,Inspection,TBD,CONCEPT
REQ-HFPX-QRB-003,"The programme shall define a basis-determination rule stating how the regulatory basis is proposed, reviewed, agreed with the authority, and recorded before use.",HFPX-CERT-RGB-001,"STK-003, ISS-001",Cert,HFPX-CERT-RGB-001 §6,Inspection,TBD,CONCEPT
REQ-HFPX-QRB-004,"The programme shall maintain research-evidence records showing source, version, date accessed, and excerpt or reference for every regulatory assertion, with practice TBD.",HFPX-CERT-RGB-001,"STK-003, ISS-001",Cert,HFPX-CERT-RGB-001 §6,Inspection,TBD,CONCEPT
REQ-HFPX-QRB-005,"The programme shall define ISS-001 closure criteria requiring that every regulatory statement traces to an authoritative source verified from authoritative sources, with no paragraph cited from memory.",HFPX-CERT-RGB-001,"STK-003, ISS-001",Cert,HFPX-CERT-RGB-001 §6,Inspection,TBD,CONCEPT
REQ-HFPX-QCS-001,"The programme shall define and maintain certification pathway options, including experimental-category routes where applicable, with each option TBD pending research to be verified from authoritative sources.",HFPX-CERT-STR-001,"STK-003, ISS-001",Cert,HFPX-CERT-STR-001 §6,Inspection,TBD,CONCEPT
REQ-HFPX-QCS-002,"The programme shall identify the responsible authority and applicable authorisation routes, TBD pending research to be verified from authoritative sources.",HFPX-CERT-STR-001,"STK-003, ISS-001",Cert,HFPX-CERT-STR-001 §6,Inspection,TBD,CONCEPT
REQ-HFPX-QCS-003,The certification strategy shall require recorded strategy approval at a defined programme gate before any compliance claim or external commitment is made.,HFPX-CERT-STR-001,"STK-003, ISS-001",Cert,HFPX-CERT-STR-001 §6,Inspection,TBD,CONCEPT
REQ-HFPX-QCS-004,"The programme shall define an evidence-buildup sequence linking design, verification, conformity, and operational records to successive authorisations, with detail TBD.",HFPX-CERT-STR-001,"STK-003, ISS-001",Cert,HFPX-CERT-STR-001 §6,Inspection,TBD,CONCEPT
REQ-HFPX-QCS-005,The programme shall make no claim of compliance with any aviation regulation or standard until the regulatory basis is established from authoritative sources and formally approved.,HFPX-CERT-STR-001,"STK-003, ISS-001",Cert,HFPX-CERT-STR-001 §6,Inspection,TBD,CONCEPT
REQ-HFPX-QTC-001,"The programme shall define the long-term type-certification path as a planning-only artifact, with path content TBD pending research to be verified from authoritative sources.",HFPX-CERT-TCS-001,"STK-003, ISS-001",Cert,HFPX-CERT-TCS-001 §6,Inspection,TBD,CONCEPT
REQ-HFPX-QTC-002,"The programme shall define how a future certification-basis proposal would be prepared and agreed, with content and process TBD pending material to be verified from authoritative sources.",HFPX-CERT-TCS-001,"STK-003, ISS-001",Cert,HFPX-CERT-TCS-001 §6,Inspection,TBD,CONCEPT
REQ-HFPX-QTC-003,"The programme shall define how novel or unclear certification items would be raised and resolved with the authority, with process TBD pending material to be verified from authoritative sources.",HFPX-CERT-TCS-001,"STK-003, ISS-001",Cert,HFPX-CERT-TCS-001 §6,Inspection,TBD,CONCEPT
REQ-HFPX-QTC-004,"The programme shall treat type certification as long-term only, with no application or compliance finding pursued under this chapter at this revision.",HFPX-CERT-TCS-001,"STK-003, ISS-001",Cert,HFPX-CERT-TCS-001 §6,Inspection,TBD,CONCEPT
REQ-HFPX-OCO-001,The operations CONOPS shall define operations-level CONOPS ownership (ownership TBD).,HFPX-OPS-CON-001,HFPX-SYS-OPC-001,Ops,HFPX-OPS-CON-001 §6,Inspection,TBD,CONCEPT
REQ-HFPX-OCO-002,The operations CONOPS shall define scenario coverage (coverage TBD).,HFPX-OPS-CON-001,HFPX-SYS-CON-001,Ops,HFPX-OPS-CON-001 §6,Inspection,TBD,CONCEPT
REQ-HFPX-OCO-003,The operations CONOPS shall define the CONOPS-to-procedure flow to Vol 26 procedures (flow TBD).,HFPX-OPS-CON-001,HFPX-SYS-CON-001,Ops,HFPX-OPS-CON-001 §6,Inspection,TBD,CONCEPT
REQ-HFPX-OCO-004,The operations CONOPS shall define validation of operations scenarios (method TBD).,HFPX-OPS-CON-001,HFPX-SYS-STK-001 (STK-004),Ops,HFPX-OPS-CON-001 §6,Inspection,TBD,CONCEPT
REQ-HFPX-OCM-001,The operations volume shall define the phraseology and frequency structure (phraseology and frequencies TBD).,HFPX-OPS-CPR-001,"OPC tier, CON tier (HFPX-SYS-CON-001), OLI tier (Vol 26.2, allocation TBD)",Ops,HFPX-OPS-CPR-001 §6,Inspection,TBD,CONCEPT
REQ-HFPX-OCM-002,Communications procedures shall define the loss-of-link drill structure consistent with the Vol 11.9 hook (behaviour TBD).,HFPX-OPS-CPR-001,"CON tier, Vol 11 hook including Vol 11.9 (allocation TBD)",Ops,HFPX-OPS-CPR-001 §6,Demonstration,TBD,CONCEPT
REQ-HFPX-OCM-003,Communications procedures shall define the records structure for logs and drill records (retention TBD).,HFPX-OPS-CPR-001,"OPC tier, Vol 27 and Vol 28 hooks (allocations TBD)",Ops,HFPX-OPS-CPR-001 §6,Demonstration,TBD,CONCEPT
REQ-HFPX-OCM-004,"Communications procedures shall define the verification structure for phraseology, drills and records (methods TBD).",HFPX-OPS-CPR-001,"OPC tier, Vol 23 hook (allocation TBD)",Ops,HFPX-OPS-CPR-001 §6,Demonstration,TBD,CONCEPT
REQ-HFPX-OCP-001,Cruise procedures shall define cruise-procedure structure (structure TBD; methodology only).,HFPX-OPS-CRZ-001,HFPX-SYS-CON-001,Ops,HFPX-OPS-CRZ-001 §6,Inspection,TBD,CONCEPT
REQ-HFPX-OCP-002,Cruise procedures shall define fuel-management structure per Chapter 26.12 (provisions TBD).,HFPX-OPS-CRZ-001,HFPX-SYS-OPC-001,Ops,HFPX-OPS-CRZ-001 §6,Inspection,TBD,CONCEPT
REQ-HFPX-OCP-003,Cruise procedures shall define abort structure (criteria TBD).,HFPX-OPS-CRZ-001,Vol 07 (ID TBD),Ops,HFPX-OPS-CRZ-001 §6,Analysis,TBD,CONCEPT
REQ-HFPX-OCP-004,Cruise procedures shall be verified (method TBD; methodology only).,HFPX-OPS-CRZ-001,Vol 23 (ID TBD),Ops,HFPX-OPS-CRZ-001 §6,Inspection,TBD,CONCEPT
REQ-HFPX-OEP-001,The operations volume shall define the operations-level emergency-action structure (actions TBD).,HFPX-OPS-EMG-001,"OPC tier, CON tier (HFPX-SYS-CON-001), OLI tier (Vol 26.2, allocation TBD)",Ops,HFPX-OPS-EMG-001 §6,Inspection,TBD,CONCEPT
REQ-HFPX-OEP-002,Emergency procedures shall define authority hooks consistent with the Vol 13.8 authority (authority TBD).,HFPX-OPS-EMG-001,"CON tier, Vol 13 hook including Vol 13.8 (allocation TBD)",Ops,HFPX-OPS-EMG-001 §6,Inspection,TBD,CONCEPT
REQ-HFPX-OEP-003,Emergency procedures shall define the rehearsal structure for roles and handover (scope TBD).,HFPX-OPS-EMG-001,"OPC tier, Vol 23 hook (allocation TBD)",Ops,HFPX-OPS-EMG-001 §6,Demonstration,TBD,CONCEPT
REQ-HFPX-OEP-004,"Emergency procedures shall define the verification structure for actions, authority and rehearsal (methods TBD).",HFPX-OPS-EMG-001,"OPC tier, Vol 23 hook (allocation TBD)",Ops,HFPX-OPS-EMG-001 §6,Demonstration,TBD,CONCEPT
REQ-HFPX-OFM-001,The operations volume shall define the fuel-planning structure (method TBD).,HFPX-OPS-FUM-001,"OPC tier, CON tier (HFPX-SYS-CON-001), OLI tier (Vol 26.2, allocation TBD)",Ops,HFPX-OPS-FUM-001 §6,Inspection,TBD,CONCEPT
REQ-HFPX-OFM-002,Fuel management shall define the reserve-policy structure (policy TBD).,HFPX-OPS-FUM-001,"OPC tier, OLI tier, Vol 13 hook (allocation TBD)",Ops,HFPX-OPS-FUM-001 §6,Inspection,TBD,CONCEPT
REQ-HFPX-OFM-003,Fuel management shall define the in-flight monitoring structure consistent with the Vol 05.10 hook (design TBD).,HFPX-OPS-FUM-001,"CON tier, Vol 05 hook including Vol 05.10 (allocation TBD)",Ops,HFPX-OPS-FUM-001 §6,Test,TBD,CONCEPT
REQ-HFPX-OFM-004,"Fuel management shall define the verification structure for planning, reserves and monitoring (methods TBD).",HFPX-OPS-FUM-001,"OPC tier, Vol 23 hook (allocation TBD)",Ops,HFPX-OPS-FUM-001 §6,Inspection,TBD,CONCEPT
REQ-HFPX-OHP-001,Hover procedures shall define hover-procedure structure (structure TBD; methodology only).,HFPX-OPS-HOV-001,HFPX-SYS-CON-001,Ops,HFPX-OPS-HOV-001 §6,Inspection,TBD,CONCEPT
REQ-HFPX-OHP-002,Hover procedures shall define abort structure (criteria TBD).,HFPX-OPS-HOV-001,Vol 07 (ID TBD),Ops,HFPX-OPS-HOV-001 §6,Analysis,TBD,CONCEPT
REQ-HFPX-OHP-003,Hover procedures shall enforce an unmanned-first rule (rule TBD; no human exposure before unmanned evidence).,HFPX-OPS-HOV-001,HFPX-SYS-STK-001 (STK-004),Ops,HFPX-OPS-HOV-001 §6,Inspection,TBD,CONCEPT
REQ-HFPX-OHP-004,Hover procedures shall be verified (method TBD; methodology only).,HFPX-OPS-HOV-001,Vol 23 (ID TBD),Ops,HFPX-OPS-HOV-001 §6,Inspection,TBD,CONCEPT
REQ-HFPX-OIR-001,The operations volume shall define the reportable-event criteria structure (criteria TBD).,HFPX-OPS-INR-001,"OPC tier, CON tier (HFPX-SYS-CON-001), OLI tier (Vol 26.2, allocation TBD)",Ops,HFPX-OPS-INR-001 §6,Inspection,TBD,CONCEPT
REQ-HFPX-OIR-002,Incident reporting shall define the reporting-timeline structure (timeline TBD).,HFPX-OPS-INR-001,"OPC tier, Vol 13 hook (allocation TBD)",Ops,HFPX-OPS-INR-001 §6,Inspection,TBD,CONCEPT
REQ-HFPX-OIR-003,Incident reporting shall define the investigation-flow structure (flow TBD).,HFPX-OPS-INR-001,"CON tier, Vol 13 and Vol 23 hooks (allocations TBD)",Ops,HFPX-OPS-INR-001 §6,Inspection,TBD,CONCEPT
REQ-HFPX-OIR-004,Incident reporting shall define the records structure for reports and investigations (retention TBD).,HFPX-OPS-INR-001,"OPC tier, Vol 27 and Vol 28 hooks (allocations TBD)",Ops,HFPX-OPS-INR-001 §6,Inspection,TBD,CONCEPT
REQ-HFPX-OLI-001,"Operating limitations shall be captured in a limitation inventory covering envelope, weather, mass, fuel and system-status categories (inventory TBD).",HFPX-OPS-LIM-001,HFPX-SYS-OPC-001,Ops,HFPX-OPS-LIM-001 §6,Inspection,TBD,CONCEPT
REQ-HFPX-OLI-002,Exceedance behaviour for operating limitations shall be defined (behaviour TBD).,HFPX-OPS-LIM-001,HFPX-SYS-CON-001,Ops,HFPX-OPS-LIM-001 §6,Analysis,TBD,CONCEPT
REQ-HFPX-OLI-003,Operating limitations shall be subject to a limitation-review rule (rule TBD).,HFPX-OPS-LIM-001,HFPX-SYS-STK-001 (STK-004),Ops,HFPX-OPS-LIM-001 §6,Inspection,TBD,CONCEPT
REQ-HFPX-OLI-004,Operating limitations shall be displayed per Vol 10 HMI provisions (display TBD).,HFPX-OPS-LIM-001,Vol 10 (ID TBD),Ops,HFPX-OPS-LIM-001 §6,Demonstration,TBD,CONCEPT
REQ-HFPX-OLI-005,Compliance with operating limitations shall be verified (method TBD).,HFPX-OPS-LIM-001,Vol 23 (ID TBD),Ops,HFPX-OPS-LIM-001 §6,Inspection,TBD,CONCEPT
REQ-HFPX-OLP-001,The operations volume shall define the landing-procedure structure for descent through touchdown and shutdown (structure TBD).,HFPX-OPS-LND-001,"OPC tier, CON tier (HFPX-SYS-CON-001), OLI tier (Vol 26.2, allocation TBD)",Ops,HFPX-OPS-LND-001 §6,Inspection,TBD,CONCEPT
REQ-HFPX-OLP-002,The landing procedures shall define the abort structure with criteria and handover (abort TBD).,HFPX-OPS-LND-001,"CON tier, OLI tier, Vol 13 hook (allocation TBD)",Ops,HFPX-OPS-LND-001 §6,Inspection,TBD,CONCEPT
REQ-HFPX-OLP-003,Landing procedures shall be gated on unmanned-first progression before any human exposure (gating TBD).,HFPX-OPS-LND-001,"CON tier, Vol 23 hook (allocation TBD)",Ops,HFPX-OPS-LND-001 §6,Test,TBD,CONCEPT
REQ-HFPX-OLP-004,The landing procedures shall define the verification structure for procedures and aborts (methods TBD).,HFPX-OPS-LND-001,"OPC tier, Vol 23 hook (allocation TBD)",Ops,HFPX-OPS-LND-001 §6,Inspection,TBD,CONCEPT
REQ-HFPX-OFP-001,The operations volume shall define the post-flight inspection-item structure (items TBD).,HFPX-OPS-POF-001,"OPC tier, CON tier (HFPX-SYS-CON-001), OLI tier (Vol 26.2, allocation TBD)",Ops,HFPX-OPS-POF-001 §6,Test,TBD,CONCEPT
REQ-HFPX-OFP-002,Post-flight procedures shall define the data-download structure (scope TBD).,HFPX-OPS-POF-001,"CON tier, Vol 11 hook (allocation TBD)",Ops,HFPX-OPS-POF-001 §6,Test,TBD,CONCEPT
REQ-HFPX-OFP-003,Post-flight procedures shall define the discrepancy-reporting structure consistent with Vol 27 and Vol 28.6 hooks (flow TBD).,HFPX-OPS-POF-001,"OPC tier, Vol 27 and Vol 28 hooks including Vol 28.6 (allocations TBD)",Ops,HFPX-OPS-POF-001 §6,Test,TBD,CONCEPT
REQ-HFPX-OFP-004,"Post-flight procedures shall define the verification structure for inspections, downloads and reporting (methods TBD).",HFPX-OPS-POF-001,"OPC tier, Vol 23 hook (allocation TBD)",Ops,HFPX-OPS-POF-001 §6,Test,TBD,CONCEPT
REQ-HFPX-OPF-001,Pre-flight procedures shall define inspection structure (items TBD).,HFPX-OPS-PRF-001,HFPX-SYS-CON-001,Ops,HFPX-OPS-PRF-001 §6,Demonstration,TBD,CONCEPT
REQ-HFPX-OPF-002,Pre-flight procedures shall define go/no-go criteria structure (criteria TBD).,HFPX-OPS-PRF-001,HFPX-SYS-OPC-001,Ops,HFPX-OPS-PRF-001 §6,Demonstration,TBD,CONCEPT
REQ-HFPX-OPF-003,Pre-flight procedures shall define records provisions (records TBD).,HFPX-OPS-PRF-001,Vol 11 (ID TBD),Ops,HFPX-OPS-PRF-001 §6,Inspection,TBD,CONCEPT
REQ-HFPX-OPF-004,Pre-flight procedures shall be verified by demonstration (scope TBD).,HFPX-OPS-PRF-001,Vol 23 (ID TBD),Ops,HFPX-OPS-PRF-001 §6,Demonstration,TBD,CONCEPT
REQ-HFPX-OPQ-001,Pilot qualification criteria shall be defined (criteria TBD).,HFPX-OPS-QLF-001,HFPX-SYS-STK-001 (STK-004),Ops,HFPX-OPS-QLF-001 §6,Inspection,TBD,CONCEPT
REQ-HFPX-OPQ-002,Pilot currency provisions shall be defined (provisions TBD).,HFPX-OPS-QLF-001,HFPX-SYS-OPC-001,Ops,HFPX-OPS-QLF-001 §6,Inspection,TBD,CONCEPT
REQ-HFPX-OPQ-003,Pilot qualification shall hook to Vol 30 training provisions (hooks TBD).,HFPX-OPS-QLF-001,Vol 30 (ID TBD),Ops,HFPX-OPS-QLF-001 §6,Inspection,TBD,CONCEPT
REQ-HFPX-OPQ-004,Pilot qualification and currency shall be verified (method TBD).,HFPX-OPS-QLF-001,Vol 23 (ID TBD),Ops,HFPX-OPS-QLF-001 §6,Inspection,TBD,CONCEPT
REQ-HFPX-OSP-001,Start procedures shall define start-sequence structure (sequence TBD; methodology only).,HFPX-OPS-STR-001,HFPX-SYS-CON-001,Ops,HFPX-OPS-STR-001 §6,Inspection,TBD,CONCEPT
REQ-HFPX-OSP-002,Start procedures shall define abort-criteria structure (criteria TBD).,HFPX-OPS-STR-001,Vol 07 (ID TBD),Ops,HFPX-OPS-STR-001 §6,Analysis,TBD,CONCEPT
REQ-HFPX-OSP-003,Start procedures shall define ground-crew coordination structure (provisions TBD).,HFPX-OPS-STR-001,HFPX-SYS-OPC-001,Ops,HFPX-OPS-STR-001 §6,Inspection,TBD,CONCEPT
REQ-HFPX-OSP-004,Start procedures shall be verified (method TBD; methodology only).,HFPX-OPS-STR-001,Vol 23 (ID TBD),Ops,HFPX-OPS-STR-001 §6,Inspection,TBD,CONCEPT
REQ-HFPX-OTP-001,Transition procedures shall define transition-procedure structure (structure TBD; methodology only).,HFPX-OPS-TRN-001,HFPX-SYS-CON-001,Ops,HFPX-OPS-TRN-001 §6,Inspection,TBD,CONCEPT
REQ-HFPX-OTP-002,"Transition procedures shall define entry, exit and abort structure (conditions TBD).",HFPX-OPS-TRN-001,Vol 07 (ID TBD),Ops,HFPX-OPS-TRN-001 §6,Analysis,TBD,CONCEPT
REQ-HFPX-OTP-003,Transition procedures shall preclude human exposure before unmanned evidence (evidence TBD).,HFPX-OPS-TRN-001,HFPX-SYS-STK-001 (STK-004),Ops,HFPX-OPS-TRN-001 §6,Inspection,TBD,CONCEPT
REQ-HFPX-OTP-004,Transition procedures shall be verified (method TBD; methodology only).,HFPX-OPS-TRN-001,Vol 23 (ID TBD),Ops,HFPX-OPS-TRN-001 §6,Inspection,TBD,CONCEPT
REQ-HFPX-OWL-001,The operations volume shall define the weather-minima structure (minima TBD).,HFPX-OPS-WX-001,"OPC tier, CON tier (HFPX-SYS-CON-001), OLI tier (Vol 26.2, allocation TBD)",Ops,HFPX-OPS-WX-001 §6,Inspection,TBD,CONCEPT
REQ-HFPX-OWL-002,Weather limitations shall define the measurement-source structure (sources TBD).,HFPX-OPS-WX-001,"OPC tier, OLI tier (allocation TBD)",Ops,HFPX-OPS-WX-001 §6,Inspection,TBD,CONCEPT
REQ-HFPX-OWL-003,Weather limitations shall define the go and no-go structure with decision hooks (criteria TBD).,HFPX-OPS-WX-001,"CON tier, OLI tier, Vol 23 hook (allocation TBD)",Ops,HFPX-OPS-WX-001 §6,Inspection,TBD,CONCEPT
REQ-HFPX-OWL-004,"Weather limitations shall define the verification structure for minima, sources and decisions (methods TBD).",HFPX-OPS-WX-001,"OPC tier, Vol 23 hook (allocation TBD)",Ops,HFPX-OPS-WX-001 §6,Inspection,TBD,CONCEPT
REQ-HFPX-LAM-001,Avionics maintenance tasks shall be defined (task inventory TBD).,HFPX-MNT-AVM-001,REQ-HFPX-STK-005,Maint,HFPX-MNT-AVM-001 §6,Inspection,TBD,CONCEPT
REQ-HFPX-LAM-002,Use of built-in test outcomes to support avionics maintenance decisions shall be defined (BIT hooks TBD).,HFPX-MNT-AVM-001,REQ-HFPX-STK-005,Maint,HFPX-MNT-AVM-001 §6,Inspection,TBD,CONCEPT
REQ-HFPX-LAM-003,Avionics maintenance intervals shall be defined (intervals TBD).,HFPX-MNT-AVM-001,REQ-HFPX-STK-005,Maint,HFPX-MNT-AVM-001 §6,Inspection,TBD,CONCEPT
REQ-HFPX-LAM-004,Avionics maintenance actions and findings shall be recorded in accordance with the maintenance records process (records TBD).,HFPX-MNT-AVM-001,REQ-HFPX-STK-005,Maint,HFPX-MNT-AVM-001 §6,Inspection,TBD,CONCEPT
REQ-HFPX-LCM-001,Life-managed components subject to life management shall be identified (tracking TBD).,HFPX-MNT-CLM-001,REQ-HFPX-STK-005,Maint,HFPX-MNT-CLM-001 §6,Inspection,TBD,CONCEPT
REQ-HFPX-LCM-002,The life-consumption tracking method for life-managed components shall be defined (method TBD).,HFPX-MNT-CLM-001,REQ-HFPX-STK-005,Maint,HFPX-MNT-CLM-001 §6,Inspection,TBD,CONCEPT
REQ-HFPX-LCM-003,Replacement and retirement criteria for life-managed components shall be defined (criteria TBD).,HFPX-MNT-CLM-001,REQ-HFPX-STK-005,Maint,HFPX-MNT-CLM-001 §6,Inspection,TBD,CONCEPT
REQ-HFPX-LCM-004,Life-management status and replacements shall be recorded in accordance with the maintenance records process (records TBD).,HFPX-MNT-CLM-001,REQ-HFPX-STK-005,Maint,HFPX-MNT-CLM-001 §6,Inspection,TBD,CONCEPT
REQ-HFPX-LEL-001,Electrical maintenance tasks shall be defined (task inventory TBD).,HFPX-MNT-ELM-001,REQ-HFPX-STK-005,Maint,HFPX-MNT-ELM-001 §6,Inspection,TBD,CONCEPT
REQ-HFPX-LEL-002,Isolation and safety precautions applicable to electrical maintenance shall be defined (precautions TBD).,HFPX-MNT-ELM-001,REQ-HFPX-STK-005,Maint,HFPX-MNT-ELM-001 §6,Inspection,TBD,CONCEPT
REQ-HFPX-LEL-003,Electrical maintenance intervals shall be defined (intervals TBD).,HFPX-MNT-ELM-001,REQ-HFPX-STK-005,Maint,HFPX-MNT-ELM-001 §6,Inspection,TBD,CONCEPT
REQ-HFPX-LEL-004,Electrical maintenance actions and findings shall be recorded in accordance with the maintenance records process (records TBD).,HFPX-MNT-ELM-001,REQ-HFPX-STK-005,Maint,HFPX-MNT-ELM-001 §6,Inspection,TBD,CONCEPT
REQ-HFPX-LEM-001,The engine maintenance methodology shall be defined (methodology TBD).,HFPX-MNT-ENG-001,REQ-HFPX-STK-005,Maint,HFPX-MNT-ENG-001 §6,Inspection,TBD,CONCEPT
REQ-HFPX-LEM-002,Engine analysis tasks supporting maintenance decisions shall be defined (task inventory TBD).,HFPX-MNT-ENG-001,REQ-HFPX-STK-005,Maint,HFPX-MNT-ENG-001 §6,Inspection,TBD,CONCEPT
REQ-HFPX-LEM-003,Data required to support engine maintenance decisions shall be defined (data TBD).,HFPX-MNT-ENG-001,REQ-HFPX-STK-005,Maint,HFPX-MNT-ENG-001 §6,Inspection,TBD,CONCEPT
REQ-HFPX-LEM-004,Engine maintenance actions and findings shall be recorded in accordance with the maintenance records process (records TBD).,HFPX-MNT-ENG-001,REQ-HFPX-STK-005,Maint,HFPX-MNT-ENG-001 §6,Inspection,TBD,CONCEPT
REQ-HFPX-LFM-001,Fuel-system maintenance tasks shall be defined (task inventory TBD).,HFPX-MNT-FSM-001,REQ-HFPX-STK-005,Maint,HFPX-MNT-FSM-001 §6,Inspection,TBD,CONCEPT
REQ-HFPX-LFM-002,Safety precautions applicable to fuel-system maintenance shall be defined (precautions TBD).,HFPX-MNT-FSM-001,REQ-HFPX-STK-005,Maint,HFPX-MNT-FSM-001 §6,Inspection,TBD,CONCEPT
REQ-HFPX-LFM-003,Fuel-system maintenance shall maintain interface consistency with applicable Vol 05 artefacts (interface TBD).,HFPX-MNT-FSM-001,REQ-HFPX-STK-005,Maint,HFPX-MNT-FSM-001 §6,Inspection,TBD,CONCEPT
REQ-HFPX-LFM-004,Fuel-system maintenance actions and findings shall be recorded in accordance with the maintenance records process (records TBD).,HFPX-MNT-FSM-001,REQ-HFPX-STK-005,Maint,HFPX-MNT-FSM-001 §6,Inspection,TBD,CONCEPT
REQ-HFPX-LGE-001,Ground support equipment required to support maintenance shall be identified (GSE inventory TBD).,HFPX-MNT-GSE-001,REQ-HFPX-STK-005,Maint,HFPX-MNT-GSE-001 §6,Inspection,TBD,CONCEPT
REQ-HFPX-LGE-002,Calibration needs for applicable ground support equipment shall be defined (calibration TBD).,HFPX-MNT-GSE-001,REQ-HFPX-STK-005,Maint,HFPX-MNT-GSE-001 §6,Inspection,TBD,CONCEPT
REQ-HFPX-LGE-003,Availability and serviceability needs for ground support equipment shall be defined (details TBD).,HFPX-MNT-GSE-001,REQ-HFPX-STK-005,Maint,HFPX-MNT-GSE-001 §6,Inspection,TBD,CONCEPT
REQ-HFPX-LGE-004,Ground support equipment usage associated with maintenance actions shall be recorded in accordance with the maintenance records process (records TBD).,HFPX-MNT-GSE-001,REQ-HFPX-STK-005,Maint,HFPX-MNT-GSE-001 §6,Inspection,TBD,CONCEPT
REQ-HFPX-LIP-001,The inspection task inventory shall be defined (task inventory TBD).,HFPX-MNT-INP-001,REQ-HFPX-STK-005,Maint,HFPX-MNT-INP-001 §6,Inspection,TBD,CONCEPT
REQ-HFPX-LIP-002,Inspection methods and acceptance criteria shall be defined (criteria TBD).,HFPX-MNT-INP-001,REQ-HFPX-STK-005,Maint,HFPX-MNT-INP-001 §6,Inspection,TBD,CONCEPT
REQ-HFPX-LIP-003,Inspection intervals shall be defined (intervals TBD).,HFPX-MNT-INP-001,REQ-HFPX-STK-005,Maint,HFPX-MNT-INP-001 §6,Inspection,TBD,CONCEPT
REQ-HFPX-LIP-004,Inspection results shall be recorded in accordance with the maintenance records process (records TBD).,HFPX-MNT-INP-001,REQ-HFPX-STK-005,Maint,HFPX-MNT-INP-001 §6,Inspection,TBD,CONCEPT
REQ-HFPX-LMP-001,The maintenance programme shall define the set of maintenance tasks applicable to HFP-X.,HFPX-MNT-PRG-001,REQ-HFPX-STK-005,Maint,HFPX-MNT-PRG-001 §6,Inspection,TBD,CONCEPT
REQ-HFPX-LMP-002,The maintenance programme shall specify the interval basis for scheduled tasks (intervals TBD).,HFPX-MNT-PRG-001,REQ-HFPX-STK-005,Maint,HFPX-MNT-PRG-001 §6,Inspection,TBD,CONCEPT
REQ-HFPX-LMP-003,The maintenance programme shall specify responsibility and competence needs for maintenance tasks (details TBD).,HFPX-MNT-PRG-001,REQ-HFPX-STK-005,Maint,HFPX-MNT-PRG-001 §6,Inspection,TBD,CONCEPT
REQ-HFPX-LMP-004,The maintenance programme shall specify the records required for maintenance tasks (records TBD).,HFPX-MNT-PRG-001,REQ-HFPX-STK-005,Maint,HFPX-MNT-PRG-001 §6,Inspection,TBD,CONCEPT
REQ-HFPX-LMP-005,The maintenance programme shall maintain traceability to stakeholder maintainability needs and to supporting Vol 24 and Vol 28 artefacts (details TBD).,HFPX-MNT-PRG-001,REQ-HFPX-STK-005,Maint,HFPX-MNT-PRG-001 §6,Inspection,TBD,CONCEPT
REQ-HFPX-LMR-001,Contents required in maintenance records shall be defined (record contents TBD).,HFPX-MNT-REC-001,REQ-HFPX-STK-005,Maint,HFPX-MNT-REC-001 §6,Inspection,TBD,CONCEPT
REQ-HFPX-LMR-002,Retention needs for maintenance records shall be defined (retention TBD).,HFPX-MNT-REC-001,REQ-HFPX-STK-005,Maint,HFPX-MNT-REC-001 §6,Inspection,TBD,CONCEPT
REQ-HFPX-LMR-003,"Traceability between maintenance records, tasks, and components shall be defined (traceability TBD).",HFPX-MNT-REC-001,REQ-HFPX-STK-005,Maint,HFPX-MNT-REC-001 §6,Inspection,TBD,CONCEPT
REQ-HFPX-LMR-004,Maintenance records shall be protected against loss and unauthorised alteration (method TBD).,HFPX-MNT-REC-001,REQ-HFPX-STK-005,Maint,HFPX-MNT-REC-001 §6,Inspection,TBD,CONCEPT
REQ-HFPX-LRM-001,Recovery-system maintenance tasks shall be defined (task inventory TBD).,HFPX-MNT-RSM-001,REQ-HFPX-STK-005,Maint,HFPX-MNT-RSM-001 §6,Inspection,TBD,CONCEPT
REQ-HFPX-LRM-002,Handling precautions applicable to recovery-system maintenance shall be defined (precautions TBD).,HFPX-MNT-RSM-001,REQ-HFPX-STK-005,Maint,HFPX-MNT-RSM-001 §6,Inspection,TBD,CONCEPT
REQ-HFPX-LRM-003,Recovery-system maintenance shall maintain interface consistency with applicable Vol 13 artefacts (interface TBD).,HFPX-MNT-RSM-001,REQ-HFPX-STK-005,Maint,HFPX-MNT-RSM-001 §6,Inspection,TBD,CONCEPT
REQ-HFPX-LRM-004,Recovery-system maintenance actions and findings shall be recorded in accordance with the maintenance records process (records TBD).,HFPX-MNT-RSM-001,REQ-HFPX-STK-005,Maint,HFPX-MNT-RSM-001 §6,Inspection,TBD,CONCEPT
REQ-HFPX-LSM-001,The scheduled maintenance task inventory shall be defined (task inventory TBD).,HFPX-MNT-SCH-001,REQ-HFPX-STK-005,Maint,HFPX-MNT-SCH-001 §6,Inspection,TBD,CONCEPT
REQ-HFPX-LSM-002,Intervals associated with scheduled maintenance tasks shall be defined (intervals TBD).,HFPX-MNT-SCH-001,REQ-HFPX-STK-005,Maint,HFPX-MNT-SCH-001 §6,Inspection,TBD,CONCEPT
REQ-HFPX-LSM-003,"Scheduled maintenance tasks shall specify required access, tools, and consumables (details TBD).",HFPX-MNT-SCH-001,REQ-HFPX-STK-005,Maint,HFPX-MNT-SCH-001 §6,Inspection,TBD,CONCEPT
REQ-HFPX-LSM-004,Completion of scheduled maintenance tasks shall be recorded in accordance with the maintenance records process (records TBD).,HFPX-MNT-SCH-001,REQ-HFPX-STK-005,Maint,HFPX-MNT-SCH-001 §6,Inspection,TBD,CONCEPT
REQ-HFPX-LSP-001,Spare-parts provisioning needs supporting the maintenance programme shall be defined (provisioning TBD).,HFPX-MNT-SPR-001,REQ-HFPX-STK-005,Maint,HFPX-MNT-SPR-001 §6,Inspection,TBD,CONCEPT
REQ-HFPX-LSP-002,Spare-parts identification and traceability needs shall be defined (details TBD).,HFPX-MNT-SPR-001,REQ-HFPX-STK-005,Maint,HFPX-MNT-SPR-001 §6,Inspection,TBD,CONCEPT
REQ-HFPX-LSP-003,Spare-parts storage and handling needs shall be defined (details TBD).,HFPX-MNT-SPR-001,REQ-HFPX-STK-005,Maint,HFPX-MNT-SPR-001 §6,Inspection,TBD,CONCEPT
REQ-HFPX-LSP-004,Spare-parts usage shall be recorded in accordance with the maintenance records process (records TBD).,HFPX-MNT-SPR-001,REQ-HFPX-STK-005,Maint,HFPX-MNT-SPR-001 §6,Inspection,TBD,CONCEPT
REQ-HFPX-LSI-001,Structural inspection tasks shall be defined (task inventory TBD).,HFPX-MNT-STI-001,REQ-HFPX-STK-005,Maint,HFPX-MNT-STI-001 §6,Inspection,TBD,CONCEPT
REQ-HFPX-LSI-002,Structural inspection methods and acceptance criteria shall be defined (criteria TBD).,HFPX-MNT-STI-001,REQ-HFPX-STK-005,Maint,HFPX-MNT-STI-001 §6,Inspection,TBD,CONCEPT
REQ-HFPX-LSI-003,Structural inspection shall maintain interface consistency with applicable Vol 03 artefacts (interface TBD).,HFPX-MNT-STI-001,REQ-HFPX-STK-005,Maint,HFPX-MNT-STI-001 §6,Inspection,TBD,CONCEPT
REQ-HFPX-LSI-004,Structural inspection results shall be recorded in accordance with the maintenance records process (records TBD).,HFPX-MNT-STI-001,REQ-HFPX-STK-005,Maint,HFPX-MNT-STI-001 §6,Inspection,TBD,CONCEPT
REQ-HFPX-LUM-001,Conditions that trigger unscheduled maintenance shall be defined (criteria TBD).,HFPX-MNT-UNS-001,REQ-HFPX-STK-005,Maint,HFPX-MNT-UNS-001 §6,Inspection,TBD,CONCEPT
REQ-HFPX-LUM-002,The response process for unscheduled maintenance shall be defined (process TBD).,HFPX-MNT-UNS-001,REQ-HFPX-STK-005,Maint,HFPX-MNT-UNS-001 §6,Inspection,TBD,CONCEPT
REQ-HFPX-LUM-003,Unscheduled maintenance actions shall be scoped from inspection findings and fault isolation outcomes (scope TBD).,HFPX-MNT-UNS-001,REQ-HFPX-STK-005,Maint,HFPX-MNT-UNS-001 §6,Demonstration,TBD,CONCEPT
REQ-HFPX-LUM-004,Unscheduled maintenance actions shall be recorded in accordance with the maintenance records process (records TBD).,HFPX-MNT-UNS-001,REQ-HFPX-STK-005,Maint,HFPX-MNT-UNS-001 §6,Inspection,TBD,CONCEPT
REQ-HFPX-ZCC-001,"The programme shall define production configuration identification, linking articles and batches to applicable definition and changes. Identification details remain TBD.",HFPX-QA-CCB-001,Vol 00.7 configuration interfaces / manufacturing classification,Quality,HFPX-QA-CCB-001 §6,Inspection,TBD,CONCEPT
REQ-HFPX-ZCC-002,"Production configuration changes shall be controlled through defined authority, with review of impact on manufacture, inspection, and acceptance. Authority and workflow remain TBD.",HFPX-QA-CCB-001,Vol 00.7 / Vol 32.2 configuration control,Quality,HFPX-QA-CCB-001 §6,Inspection,TBD,CONCEPT
REQ-HFPX-ZCC-003,The programme shall maintain hooks between production configuration control and Vol 00.7 and Vol 32.2 so that programme and lifecycle configuration remain aligned. Hook details remain TBD.,HFPX-QA-CCB-001,Vol 00.7 / Vol 32.2,Quality,HFPX-QA-CCB-001 §6,Inspection,TBD,CONCEPT
REQ-HFPX-ZCC-004,"Production configuration control shall maintain status accounting supporting inspection, traceability, and acceptance. Status content and records linkage remain TBD.",HFPX-QA-CCB-001,Quality records classification / Vol 28.11 Traceability,Quality,HFPX-QA-CCB-001 §6,Inspection,TBD,CONCEPT
REQ-HFPX-ZCA-001,The programme shall define root-cause investigation provisions for issues transferred to corrective action. Methods and responsibilities remain TBD.,HFPX-QA-CRA-001,Quality improvement classification / HFPX-QA-NCM-001,Quality,HFPX-QA-CRA-001 §6,Inspection,TBD,CONCEPT
REQ-HFPX-ZCA-002,"The programme shall define corrective action planning and tracking, including action ownership, traceability to findings, and status control. Tracking details remain TBD.",HFPX-QA-CRA-001,Quality classification / Vol 20 implementation,Quality,HFPX-QA-CRA-001 §6,Inspection,TBD,CONCEPT
REQ-HFPX-ZCA-003,The programme shall evaluate effectiveness of corrective actions against defined effectiveness intent before closure. Evaluation methods remain TBD.,HFPX-QA-CRA-001,Quality assurance classification / Vol 25.8 liaison,Quality,HFPX-QA-CRA-001 §6,Inspection,TBD,CONCEPT
REQ-HFPX-ZCA-004,The programme shall govern closure of corrective actions through defined authority and records. Closure criteria and authority remain TBD.,HFPX-QA-CRA-001,Quality records classification,Quality,HFPX-QA-CRA-001 §6,Inspection,TBD,CONCEPT
REQ-HFPX-ZFI-001,"The programme shall define final inspection scope, responsibilities, and prerequisites, including confirmation of prior-stage completion. Details remain TBD.",HFPX-QA-FIN-001,Manufacturing quality classification / Vol 20 flow,Quality,HFPX-QA-FIN-001 §6,Inspection,TBD,CONCEPT
REQ-HFPX-ZFI-002,Final inspection shall verify completed articles against defined design and inspection-plan content. Verification content and methods remain TBD.,HFPX-QA-FIN-001,HFPX-QA-INP-001 / Vol 20 design definition,Quality,HFPX-QA-FIN-001 §6,Inspection,TBD,CONCEPT
REQ-HFPX-ZFI-003,Final inspection shall confirm configuration status and record completeness prior to presentation for acceptance. Confirmation content remains TBD.,HFPX-QA-FIN-001,Vol 28.9 Configuration Control / Vol 28.11 Traceability,Quality,HFPX-QA-FIN-001 §6,Inspection,TBD,CONCEPT
REQ-HFPX-ZFI-004,"Final inspection shall generate records supporting acceptance and retention, including handling of failures found at final stage. Record handling remains TBD.",HFPX-QA-FIN-001,Quality records classification / HFPX-QA-PAC-001,Quality,HFPX-QA-FIN-001 §6,Inspection,TBD,CONCEPT
REQ-HFPX-ZII-001,"The programme shall define incoming inspection scope and responsibilities, including receipt control, verification activities, and release authority. Details remain TBD.",HFPX-QA-INC-001,Manufacturing quality classification / Vol 20 flow,Quality,HFPX-QA-INC-001 §6,Inspection,TBD,CONCEPT
REQ-HFPX-ZII-002,"Incoming inspection shall verify supplied articles against defined purchase and design definition, using inspection plans where applicable. Verification content and methods remain TBD.",HFPX-QA-INC-001,Vol 20.11 procurement interfaces / HFPX-QA-INP-001,Quality,HFPX-QA-INC-001 §6,Inspection,TBD,CONCEPT
REQ-HFPX-ZII-003,"The programme shall maintain linkage between supplier quality provisions (Vol 00.13, Vol 20.11, HFPX-QA-SUQ-001) and incoming inspection, so that supplier evidence and receipt verification are coordinated. Linkage details remain TBD.",HFPX-QA-INC-001,Vol 00.13 supplier interfaces / HFPX-QA-SUQ-001,Quality,HFPX-QA-INC-001 §6,Inspection,TBD,CONCEPT
REQ-HFPX-ZII-004,"Incoming inspection shall generate records supporting traceability and disposition, including release and rejection records. Record types and retention linkage remain TBD.",HFPX-QA-INC-001,Quality records classification / Vol 28.11 Traceability,Quality,HFPX-QA-INC-001 §6,Inspection,TBD,CONCEPT
REQ-HFPX-ZIP-001,"The programme shall define inspection plans that identify inspection points, characteristics to be inspected, methods, responsibilities, and required records. Plan contents remain TBD.",HFPX-QA-INP-001,Vol 20 Manufacturing definition / manufacturing quality classification,Quality,HFPX-QA-INP-001 §6,Inspection,TBD,CONCEPT
REQ-HFPX-ZIP-002,"Inspection plans shall maintain traceability from design and manufacturing definition to inspection points, so that coverage can be assessed. Traceability mechanism remains TBD.",HFPX-QA-INP-001,Vol 20 design-to-production linkage,Quality,HFPX-QA-INP-001 §6,Inspection,TBD,CONCEPT
REQ-HFPX-ZIP-003,"Inspection plans shall define sequencing relative to the production flow, including coordination of incoming, in-process, and final inspection. Sequencing details remain TBD.",HFPX-QA-INP-001,Vol 20 production flow,Quality,HFPX-QA-INP-001 §6,Inspection,TBD,CONCEPT
REQ-HFPX-ZIP-004,Inspection plans shall define inspection records to be retained and their linkage to traceability and acceptance. Record types and retention linkage remain TBD.,HFPX-QA-INP-001,Vol 28.11 Traceability / quality records classification,Quality,HFPX-QA-INP-001 §6,Inspection,TBD,CONCEPT
REQ-HFPX-ZPI-001,"The programme shall define in-process inspection scope, responsibilities, and placement relative to the Vol 20 production flow. Details remain TBD.",HFPX-QA-IPP-001,Vol 20 production flow / manufacturing quality classification,Quality,HFPX-QA-IPP-001 §6,Inspection,TBD,CONCEPT
REQ-HFPX-ZPI-002,"In-process inspection shall be performed per inspection plans and applicable work instructions, with defined handling of holds and progression. Details remain TBD.",HFPX-QA-IPP-001,HFPX-QA-INP-001 / Vol 20 work instructions,Quality,HFPX-QA-IPP-001 §6,Inspection,TBD,CONCEPT
REQ-HFPX-ZPI-003,"In-process inspection shall control progression of non-conforming work, routing affected articles to non-conformance management without uncontrolled continuation. Routing details remain TBD.",HFPX-QA-IPP-001,Quality classification / HFPX-QA-NCM-001,Quality,HFPX-QA-IPP-001 §6,Demonstration,TBD,CONCEPT
REQ-HFPX-ZPI-004,"In-process inspection shall generate records supporting traceability, configuration status, and acceptance evidence. Record types and retention linkage remain TBD.",HFPX-QA-IPP-001,Quality records classification / Vol 28.11 Traceability,Quality,HFPX-QA-IPP-001 §6,Inspection,TBD,CONCEPT
REQ-HFPX-ZNC-001,"The programme shall define identification and segregation provisions for suspected and confirmed non-conformances, preventing uncontrolled use or progression. Methods remain TBD.",HFPX-QA-NCM-001,Manufacturing quality classification / Vol 20 control,Quality,HFPX-QA-NCM-001 §6,Demonstration,TBD,CONCEPT
REQ-HFPX-ZNC-002,"The programme shall define disposition governance, including Material Review Board intent, disposition categories, and authorisation. Charter and authorities remain TBD.",HFPX-QA-NCM-001,Quality classification / Vol 25.8 liaison,Quality,HFPX-QA-NCM-001 §6,Inspection,TBD,CONCEPT
REQ-HFPX-ZNC-003,Non-conformance management shall maintain linkage to corrective actions so that systemic issues transfer to root-cause and action handling. Linkage criteria remain TBD.,HFPX-QA-NCM-001,HFPX-QA-CRA-001 / quality improvement classification,Quality,HFPX-QA-NCM-001 §6,Inspection,TBD,CONCEPT
REQ-HFPX-ZNC-004,"Non-conformance management shall generate and retain non-conformance records supporting traceability, disposition evidence, and acceptance linkage. Record content and retention linkage remain TBD.",HFPX-QA-NCM-001,Quality records classification / Vol 28.11 Traceability,Quality,HFPX-QA-NCM-001 §6,Inspection,TBD,CONCEPT
REQ-HFPX-ZPA-001,"The programme shall define acceptance criteria per item, referencing design definition, inspection evidence, and configuration status. Criteria remain TBD per item.",HFPX-QA-PAC-001,Vol 20.14 manufacturing acceptance / design definition,Quality,HFPX-QA-PAC-001 §6,Inspection,TBD,CONCEPT
REQ-HFPX-ZPA-002,Production acceptance shall maintain hooks to Vol 20.14 so that quality acceptance and manufacturing acceptance provisions remain aligned. Hook details remain TBD.,HFPX-QA-PAC-001,Vol 20.14,Quality,HFPX-QA-PAC-001 §6,Inspection,TBD,CONCEPT
REQ-HFPX-ZPA-003,"Production acceptance shall confirm completeness of inspection, configuration, traceability, and non-conformance resolution prior to acceptance. Confirmation content remains TBD.",HFPX-QA-PAC-001,HFPX-QA-FIN-001 / HFPX-QA-CCB-001 / HFPX-QA-TRC-001 / HFPX-QA-NCM-001,Quality,HFPX-QA-PAC-001 §6,Inspection,TBD,CONCEPT
REQ-HFPX-ZPA-004,Production acceptance shall generate and retain acceptance records supporting delivery and audit. Record content and retention linkage remain TBD.,HFPX-QA-PAC-001,Quality records classification,Quality,HFPX-QA-PAC-001 §6,Inspection,TBD,CONCEPT
REQ-HFPX-ZQS-001,"The QMS shall define its scope, including covered activities, organisations, lifecycle phases, and interfaces to Vol 20, Vol 21, and Vol 25.8. Scope details remain TBD.",HFPX-QA-QMS-001,Vol 20 Manufacturing system / Vol 25.8 quality liaison,Quality,HFPX-QA-QMS-001 §6,Inspection,TBD,CONCEPT
REQ-HFPX-ZQS-002,"The programme shall define a quality policy that states quality intent, commitment to compliance, and commitment to continual improvement. Policy text remains TBD.",HFPX-QA-QMS-001,Programme quality classification / Vol 25.8,Quality,HFPX-QA-QMS-001 §6,Inspection,TBD,CONCEPT
REQ-HFPX-ZQS-003,"The programme shall conduct management review of the QMS, addressing suitability, adequacy, and improvement needs. Review inputs, cadence, participants, and outputs remain TBD.",HFPX-QA-QMS-001,Programme governance / Vol 00 management review interfaces,Quality,HFPX-QA-QMS-001 §6,Inspection,TBD,CONCEPT
REQ-HFPX-ZQS-004,"The QMS shall control documents and records through hooks to Vol 00.8 document and data control, including identification, review, approval, distribution, revision, and retention linkage. Control details remain TBD.",HFPX-QA-QMS-001,Vol 00.8 Document control,Quality,HFPX-QA-QMS-001 §6,Inspection,TBD,CONCEPT
REQ-HFPX-ZQS-005,"The QMS shall be verified by audit against defined QMS criteria. Audit scope, criteria, auditor independence, and cadence remain TBD.",HFPX-QA-QMS-001,Vol 25.8 assurance / Vol 22 V&V interfaces,Quality,HFPX-QA-QMS-001 §6,Inspection,TBD,CONCEPT
REQ-HFPX-ZSR-001,"The programme shall define a serial-number scheme, including uniqueness scope, structure intent, and allocation authority. Scheme details remain TBD.",HFPX-QA-SER-001,Manufacturing identification classification / Vol 29.13 interfaces,Quality,HFPX-QA-SER-001 §6,Inspection,TBD,CONCEPT
REQ-HFPX-ZSR-002,"The programme shall define article applicability for serialisation, linking serialised items to configuration, inspection, and acceptance needs. Applicability remains TBD.",HFPX-QA-SER-001,Vol 20 Manufacturing / quality classification,Quality,HFPX-QA-SER-001 §6,Inspection,TBD,CONCEPT
REQ-HFPX-ZSR-003,Serialisation shall maintain hooks to Vol 29.13 so that production identity remains aligned with programme identity provisions. Hook details remain TBD.,HFPX-QA-SER-001,Vol 29.13 identity interfaces,Quality,HFPX-QA-SER-001 §6,Inspection,TBD,CONCEPT
REQ-HFPX-ZSR-004,"Serialisation shall support linkage of inspection records, configuration status, traceability, and acceptance to individual articles. Linkage details remain TBD.",HFPX-QA-SER-001,Vol 28.11 Traceability / HFPX-QA-PAC-001,Quality,HFPX-QA-SER-001 §6,Inspection,TBD,CONCEPT
REQ-HFPX-ZSQ-001,"The programme shall define supplier quality expectations and their flow-down to suppliers, including linkage to purchase definition. Flow-down content and mechanism remain TBD.",HFPX-QA-SUQ-001,Vol 00.13 supplier interfaces / Vol 20.11 procurement,Quality,HFPX-QA-SUQ-001 §6,Inspection,TBD,CONCEPT
REQ-HFPX-ZSQ-002,The programme shall define supplier evaluation and monitoring provisions supporting selection and continued oversight. Criteria and methods remain TBD.,HFPX-QA-SUQ-001,Procurement quality classification,Quality,HFPX-QA-SUQ-001 §6,Inspection,TBD,CONCEPT
REQ-HFPX-ZSQ-003,Supplier quality provisions shall coordinate with incoming inspection so that supplier evidence and receipt verification are aligned. Coordination details remain TBD.,HFPX-QA-SUQ-001,HFPX-QA-INC-001 / Vol 20.11,Quality,HFPX-QA-SUQ-001 §6,Inspection,TBD,CONCEPT
REQ-HFPX-ZSQ-004,"Supplier-related non-conformances and issues shall route to non-conformance management and, where systemic, to corrective action. Routing criteria remain TBD.",HFPX-QA-SUQ-001,HFPX-QA-NCM-001 / HFPX-QA-CRA-001,Quality,HFPX-QA-SUQ-001 §6,Inspection,TBD,CONCEPT
REQ-HFPX-ZTR-001,"The programme shall define as-built trace content, linking articles to applicable configuration, embodied provenance, and production history. Trace depth and content remain TBD.",HFPX-QA-TRC-001,Vol 20 Manufacturing / Vol 28.9 Configuration Control,Quality,HFPX-QA-TRC-001 §6,Inspection,TBD,CONCEPT
REQ-HFPX-ZTR-002,"Traceability shall link inspection and verification evidence to articles, batches, and processes as applicable. Linkage structure remains TBD.",HFPX-QA-TRC-001,HFPX-QA-INP-001 / manufacturing quality classification,Quality,HFPX-QA-TRC-001 §6,Inspection,TBD,CONCEPT
REQ-HFPX-ZTR-003,"The programme shall define traceability records, including record types, linkage keys, and retention linkage. Record and retention details remain TBD.",HFPX-QA-TRC-001,Quality records classification,Quality,HFPX-QA-TRC-001 §6,Inspection,TBD,CONCEPT
REQ-HFPX-ZTR-004,"Traceability shall support retrieval for investigation, non-conformance disposition, corrective action, and acceptance. Retrieval provisions remain TBD.",HFPX-QA-TRC-001,HFPX-QA-NCM-001 / HFPX-QA-CRA-001 / HFPX-QA-PAC-001,Quality,HFPX-QA-TRC-001 §6,Demonstration,TBD,CONCEPT
REQ-HFPX-JAD-001,"The programme shall define the Assembly Drawings structure, content rules and source-data linkage, recorded as TBD at this revision.",HFPX-TDATA-ASD-001,HFPX-PGM-TDM-001; Vol 21/27/28 consumers (TBD),TData,HFPX-TDATA-ASD-001 §6,Inspection,TBD,CONCEPT
REQ-HFPX-JAD-002,"The programme shall control the Assembly Drawings format and exchange standard, recorded as TBD at this revision.",HFPX-TDATA-ASD-001,HFPX-PGM-DOC-001; Vol 21/27/28 consumers (TBD),TData,HFPX-TDATA-ASD-001 §6,Inspection,TBD,CONCEPT
REQ-HFPX-JAD-003,"The programme shall control Assembly Drawings approval, release and access provisions, recorded as TBD at this revision.",HFPX-TDATA-ASD-001,HFPX-PGM-DOC-001; Vol 21/27/28 consumers (TBD),TData,HFPX-TDATA-ASD-001 §6,Inspection,TBD,CONCEPT
REQ-HFPX-JAD-004,"The programme shall control Assembly Drawings revision practice and change traceability, recorded as TBD at this revision.",HFPX-TDATA-ASD-001,HFPX-PGM-CFG-001; Vol 21/27/28 consumers (TBD),TData,HFPX-TDATA-ASD-001 §6,Inspection,TBD,CONCEPT
REQ-HFPX-JBM-001,"The programme shall define the Bill of Materials structure, content rules and source-data linkage, recorded as TBD at this revision.",HFPX-TDATA-BOM-001,HFPX-PGM-TDM-001; Vol 21/27/28 consumers (TBD),TData,HFPX-TDATA-BOM-001 §6,Inspection,TBD,CONCEPT
REQ-HFPX-JBM-002,"The programme shall control the Bill of Materials format and exchange standard, recorded as TBD at this revision.",HFPX-TDATA-BOM-001,HFPX-PGM-DOC-001; Vol 21/27/28 consumers (TBD),TData,HFPX-TDATA-BOM-001 §6,Inspection,TBD,CONCEPT
REQ-HFPX-JBM-003,"The programme shall control Bill of Materials approval, release and access provisions, recorded as TBD at this revision.",HFPX-TDATA-BOM-001,HFPX-PGM-DOC-001; Vol 21/27/28 consumers (TBD),TData,HFPX-TDATA-BOM-001 §6,Inspection,TBD,CONCEPT
REQ-HFPX-JBM-004,"The programme shall control Bill of Materials revision practice and change traceability, recorded as TBD at this revision.",HFPX-TDATA-BOM-001,HFPX-PGM-CFG-001; Vol 21/27/28 consumers (TBD),TData,HFPX-TDATA-BOM-001 §6,Inspection,TBD,CONCEPT
REQ-HFPX-JCD-001,"The programme shall define the CAD Data structure, content rules and source-data linkage, recorded as TBD at this revision.",HFPX-TDATA-CAD-001,HFPX-PGM-TDM-001; Vol 21/27/28 consumers (TBD),TData,HFPX-TDATA-CAD-001 §6,Inspection,TBD,CONCEPT
REQ-HFPX-JCD-002,"The programme shall control the CAD Data format and exchange standard, recorded as TBD at this revision.",HFPX-TDATA-CAD-001,HFPX-PGM-DOC-001; Vol 21/27/28 consumers (TBD),TData,HFPX-TDATA-CAD-001 §6,Inspection,TBD,CONCEPT
REQ-HFPX-JCD-003,"The programme shall control CAD Data approval, release and access provisions, recorded as TBD at this revision.",HFPX-TDATA-CAD-001,HFPX-PGM-DOC-001; Vol 21/27/28 consumers (TBD),TData,HFPX-TDATA-CAD-001 §6,Inspection,TBD,CONCEPT
REQ-HFPX-JCD-004,"The programme shall control CAD Data revision practice and change traceability, recorded as TBD at this revision.",HFPX-TDATA-CAD-001,HFPX-PGM-CFG-001; Vol 21/27/28 consumers (TBD),TData,HFPX-TDATA-CAD-001 §6,Inspection,TBD,CONCEPT
REQ-HFPX-JCI-001,"The programme shall define the Component Identification structure, content rules and source-data linkage, recorded as TBD at this revision.",HFPX-TDATA-CID-001,HFPX-PGM-TDM-001; Vol 21/27/28 consumers (TBD),TData,HFPX-TDATA-CID-001 §6,Inspection,TBD,CONCEPT
REQ-HFPX-JCI-002,"The programme shall control the Component Identification format and exchange standard, recorded as TBD at this revision.",HFPX-TDATA-CID-001,HFPX-PGM-DOC-001; Vol 21/27/28 consumers (TBD),TData,HFPX-TDATA-CID-001 §6,Inspection,TBD,CONCEPT
REQ-HFPX-JCI-003,"The programme shall control Component Identification approval, release and access provisions, recorded as TBD at this revision.",HFPX-TDATA-CID-001,HFPX-PGM-DOC-001; Vol 21/27/28 consumers (TBD),TData,HFPX-TDATA-CID-001 §6,Inspection,TBD,CONCEPT
REQ-HFPX-JCI-004,"The programme shall control Component Identification revision practice and change traceability, recorded as TBD at this revision.",HFPX-TDATA-CID-001,HFPX-PGM-CFG-001; Vol 21/27/28 consumers (TBD),TData,HFPX-TDATA-CID-001 §6,Inspection,TBD,CONCEPT
REQ-HFPX-JED-001,"The programme shall define the Engineering Drawings structure, content rules and source-data linkage, recorded as TBD at this revision.",HFPX-TDATA-DRW-001,HFPX-PGM-TDM-001; Vol 21/27/28 consumers (TBD),TData,HFPX-TDATA-DRW-001 §6,Inspection,TBD,CONCEPT
REQ-HFPX-JED-002,"The programme shall control the Engineering Drawings format and exchange standard, recorded as TBD at this revision.",HFPX-TDATA-DRW-001,HFPX-PGM-DOC-001; Vol 21/27/28 consumers (TBD),TData,HFPX-TDATA-DRW-001 §6,Inspection,TBD,CONCEPT
REQ-HFPX-JED-003,"The programme shall control Engineering Drawings approval, release and access provisions, recorded as TBD at this revision.",HFPX-TDATA-DRW-001,HFPX-PGM-DOC-001; Vol 21/27/28 consumers (TBD),TData,HFPX-TDATA-DRW-001 §6,Inspection,TBD,CONCEPT
REQ-HFPX-JED-004,"The programme shall control Engineering Drawings revision practice and change traceability, recorded as TBD at this revision.",HFPX-TDATA-DRW-001,HFPX-PGM-CFG-001; Vol 21/27/28 consumers (TBD),TData,HFPX-TDATA-DRW-001 §6,Inspection,TBD,CONCEPT
REQ-HFPX-JES-001,"The programme shall define the Electrical Schematics structure, content rules and source-data linkage, recorded as TBD at this revision.",HFPX-TDATA-ELD-001,HFPX-PGM-TDM-001; Vol 21/27/28 consumers (TBD),TData,HFPX-TDATA-ELD-001 §6,Inspection,TBD,CONCEPT
REQ-HFPX-JES-002,"The programme shall control the Electrical Schematics format and exchange standard, recorded as TBD at this revision.",HFPX-TDATA-ELD-001,HFPX-PGM-DOC-001; Vol 21/27/28 consumers (TBD),TData,HFPX-TDATA-ELD-001 §6,Inspection,TBD,CONCEPT
REQ-HFPX-JES-003,"The programme shall control Electrical Schematics approval, release and access provisions, recorded as TBD at this revision.",HFPX-TDATA-ELD-001,HFPX-PGM-DOC-001; Vol 21/27/28 consumers (TBD),TData,HFPX-TDATA-ELD-001 §6,Inspection,TBD,CONCEPT
REQ-HFPX-JES-004,"The programme shall control Electrical Schematics revision practice and change traceability, recorded as TBD at this revision.",HFPX-TDATA-ELD-001,HFPX-PGM-CFG-001; Vol 21/27/28 consumers (TBD),TData,HFPX-TDATA-ELD-001 §6,Inspection,TBD,CONCEPT
REQ-HFPX-JEV-001,"The programme shall define the Exploded Views structure, content rules and source-data linkage, recorded as TBD at this revision.",HFPX-TDATA-EXV-001,HFPX-PGM-TDM-001; Vol 21/27/28 consumers (TBD),TData,HFPX-TDATA-EXV-001 §6,Inspection,TBD,CONCEPT
REQ-HFPX-JEV-002,"The programme shall control the Exploded Views format and exchange standard, recorded as TBD at this revision.",HFPX-TDATA-EXV-001,HFPX-PGM-DOC-001; Vol 21/27/28 consumers (TBD),TData,HFPX-TDATA-EXV-001 §6,Inspection,TBD,CONCEPT
REQ-HFPX-JEV-003,"The programme shall control Exploded Views approval, release and access provisions, recorded as TBD at this revision.",HFPX-TDATA-EXV-001,HFPX-PGM-DOC-001; Vol 21/27/28 consumers (TBD),TData,HFPX-TDATA-EXV-001 §6,Inspection,TBD,CONCEPT
REQ-HFPX-JEV-004,"The programme shall control Exploded Views revision practice and change traceability, recorded as TBD at this revision.",HFPX-TDATA-EXV-001,HFPX-PGM-CFG-001; Vol 21/27/28 consumers (TBD),TData,HFPX-TDATA-EXV-001 §6,Inspection,TBD,CONCEPT
REQ-HFPX-JHP-001,"The programme shall define the Hydraulic/Pneumatic Schematics structure, content rules and source-data linkage, recorded as TBD at this revision.",HFPX-TDATA-HYD-001,HFPX-PGM-TDM-001; Vol 21/27/28 consumers (TBD),TData,HFPX-TDATA-HYD-001 §6,Inspection,TBD,CONCEPT
REQ-HFPX-JHP-002,"The programme shall control the Hydraulic/Pneumatic Schematics format and exchange standard, recorded as TBD at this revision.",HFPX-TDATA-HYD-001,HFPX-PGM-DOC-001; Vol 21/27/28 consumers (TBD),TData,HFPX-TDATA-HYD-001 §6,Inspection,TBD,CONCEPT
REQ-HFPX-JHP-003,"The programme shall control Hydraulic/Pneumatic Schematics approval, release and access provisions, recorded as TBD at this revision.",HFPX-TDATA-HYD-001,HFPX-PGM-DOC-001; Vol 21/27/28 consumers (TBD),TData,HFPX-TDATA-HYD-001 §6,Inspection,TBD,CONCEPT
REQ-HFPX-JHP-004,"The programme shall control Hydraulic/Pneumatic Schematics revision practice and change traceability, recorded as TBD at this revision.",HFPX-TDATA-HYD-001,HFPX-PGM-CFG-001; Vol 21/27/28 consumers (TBD),TData,HFPX-TDATA-HYD-001 §6,Inspection,TBD,CONCEPT
REQ-HFPX-JID-001,"The programme shall define the Interface Drawings structure, content rules and source-data linkage, recorded as TBD at this revision.",HFPX-TDATA-IFD-001,HFPX-PGM-TDM-001; Vol 21/27/28 consumers (TBD),TData,HFPX-TDATA-IFD-001 §6,Inspection,TBD,CONCEPT
REQ-HFPX-JID-002,"The programme shall control the Interface Drawings format and exchange standard, recorded as TBD at this revision.",HFPX-TDATA-IFD-001,HFPX-PGM-DOC-001; Vol 21/27/28 consumers (TBD),TData,HFPX-TDATA-IFD-001 §6,Inspection,TBD,CONCEPT
REQ-HFPX-JID-003,"The programme shall control Interface Drawings approval, release and access provisions, recorded as TBD at this revision.",HFPX-TDATA-IFD-001,HFPX-PGM-DOC-001; Vol 21/27/28 consumers (TBD),TData,HFPX-TDATA-IFD-001 §6,Inspection,TBD,CONCEPT
REQ-HFPX-JID-004,"The programme shall control Interface Drawings revision practice and change traceability, recorded as TBD at this revision.",HFPX-TDATA-IFD-001,HFPX-PGM-CFG-001; Vol 21/27/28 consumers (TBD),TData,HFPX-TDATA-IFD-001 §6,Inspection,TBD,CONCEPT
REQ-HFPX-JPC-001,"The programme shall define the Illustrated Parts Catalogue structure, content rules and source-data linkage, recorded as TBD at this revision.",HFPX-TDATA-IPC-001,HFPX-PGM-TDM-001; Vol 21/27/28 consumers (TBD),TData,HFPX-TDATA-IPC-001 §6,Inspection,TBD,CONCEPT
REQ-HFPX-JPC-002,"The programme shall control the Illustrated Parts Catalogue format and exchange standard, recorded as TBD at this revision.",HFPX-TDATA-IPC-001,HFPX-PGM-DOC-001; Vol 21/27/28 consumers (TBD),TData,HFPX-TDATA-IPC-001 §6,Inspection,TBD,CONCEPT
REQ-HFPX-JPC-003,"The programme shall control Illustrated Parts Catalogue approval, release and access provisions, recorded as TBD at this revision.",HFPX-TDATA-IPC-001,HFPX-PGM-DOC-001; Vol 21/27/28 consumers (TBD),TData,HFPX-TDATA-IPC-001 §6,Inspection,TBD,CONCEPT
REQ-HFPX-JPC-004,"The programme shall control Illustrated Parts Catalogue revision practice and change traceability, recorded as TBD at this revision.",HFPX-TDATA-IPC-001,HFPX-PGM-CFG-001; Vol 21/27/28 consumers (TBD),TData,HFPX-TDATA-IPC-001 §6,Inspection,TBD,CONCEPT
REQ-HFPX-JML-001,"The programme shall define the Master Parts List structure, content rules and source-data linkage, recorded as TBD at this revision.",HFPX-TDATA-MPL-001,HFPX-PGM-TDM-001; Vol 21/27/28 consumers (TBD),TData,HFPX-TDATA-MPL-001 §6,Inspection,TBD,CONCEPT
REQ-HFPX-JML-002,"The programme shall control the Master Parts List format and exchange standard, recorded as TBD at this revision.",HFPX-TDATA-MPL-001,HFPX-PGM-DOC-001; Vol 21/27/28 consumers (TBD),TData,HFPX-TDATA-MPL-001 §6,Inspection,TBD,CONCEPT
REQ-HFPX-JML-003,"The programme shall control Master Parts List approval, release and access provisions, recorded as TBD at this revision.",HFPX-TDATA-MPL-001,HFPX-PGM-DOC-001; Vol 21/27/28 consumers (TBD),TData,HFPX-TDATA-MPL-001 §6,Inspection,TBD,CONCEPT
REQ-HFPX-JML-004,"The programme shall control Master Parts List revision practice and change traceability, recorded as TBD at this revision.",HFPX-TDATA-MPL-001,HFPX-PGM-CFG-001; Vol 21/27/28 consumers (TBD),TData,HFPX-TDATA-MPL-001 §6,Inspection,TBD,CONCEPT
REQ-HFPX-JPD-001,"The programme shall define the Piping Diagrams structure, content rules and source-data linkage, recorded as TBD at this revision.",HFPX-TDATA-PPD-001,HFPX-PGM-TDM-001; Vol 21/27/28 consumers (TBD),TData,HFPX-TDATA-PPD-001 §6,Inspection,TBD,CONCEPT
REQ-HFPX-JPD-002,"The programme shall control the Piping Diagrams format and exchange standard, recorded as TBD at this revision.",HFPX-TDATA-PPD-001,HFPX-PGM-DOC-001; Vol 21/27/28 consumers (TBD),TData,HFPX-TDATA-PPD-001 §6,Inspection,TBD,CONCEPT
REQ-HFPX-JPD-003,"The programme shall control Piping Diagrams approval, release and access provisions, recorded as TBD at this revision.",HFPX-TDATA-PPD-001,HFPX-PGM-DOC-001; Vol 21/27/28 consumers (TBD),TData,HFPX-TDATA-PPD-001 §6,Inspection,TBD,CONCEPT
REQ-HFPX-JPD-004,"The programme shall control Piping Diagrams revision practice and change traceability, recorded as TBD at this revision.",HFPX-TDATA-PPD-001,HFPX-PGM-CFG-001; Vol 21/27/28 consumers (TBD),TData,HFPX-TDATA-PPD-001 §6,Inspection,TBD,CONCEPT
REQ-HFPX-JRC-001,"The programme shall define the Revision Control structure, content rules and source-data linkage, recorded as TBD at this revision.",HFPX-TDATA-RVC-001,HFPX-PGM-TDM-001; Vol 21/27/28 consumers (TBD),TData,HFPX-TDATA-RVC-001 §6,Inspection,TBD,CONCEPT
REQ-HFPX-JRC-002,"The programme shall control the Revision Control format and exchange standard, recorded as TBD at this revision.",HFPX-TDATA-RVC-001,HFPX-PGM-DOC-001; Vol 21/27/28 consumers (TBD),TData,HFPX-TDATA-RVC-001 §6,Inspection,TBD,CONCEPT
REQ-HFPX-JRC-003,"The programme shall control Revision Control approval, release and access provisions, recorded as TBD at this revision.",HFPX-TDATA-RVC-001,HFPX-PGM-DOC-001; Vol 21/27/28 consumers (TBD),TData,HFPX-TDATA-RVC-001 §6,Inspection,TBD,CONCEPT
REQ-HFPX-JRC-004,"The programme shall control Revision Control revision practice and change traceability, recorded as TBD at this revision.",HFPX-TDATA-RVC-001,HFPX-PGM-CFG-001; Vol 21/27/28 consumers (TBD),TData,HFPX-TDATA-RVC-001 §6,Inspection,TBD,CONCEPT
REQ-HFPX-JWD-001,"The programme shall define the Wiring Diagrams structure, content rules and source-data linkage, recorded as TBD at this revision.",HFPX-TDATA-WRD-001,HFPX-PGM-TDM-001; Vol 21/27/28 consumers (TBD),TData,HFPX-TDATA-WRD-001 §6,Inspection,TBD,CONCEPT
REQ-HFPX-JWD-002,"The programme shall control the Wiring Diagrams format and exchange standard, recorded as TBD at this revision.",HFPX-TDATA-WRD-001,HFPX-PGM-DOC-001; Vol 21/27/28 consumers (TBD),TData,HFPX-TDATA-WRD-001 §6,Inspection,TBD,CONCEPT
REQ-HFPX-JWD-003,"The programme shall control Wiring Diagrams approval, release and access provisions, recorded as TBD at this revision.",HFPX-TDATA-WRD-001,HFPX-PGM-DOC-001; Vol 21/27/28 consumers (TBD),TData,HFPX-TDATA-WRD-001 §6,Inspection,TBD,CONCEPT
REQ-HFPX-JWD-004,"The programme shall control Wiring Diagrams revision practice and change traceability, recorded as TBD at this revision.",HFPX-TDATA-WRD-001,HFPX-PGM-CFG-001; Vol 21/27/28 consumers (TBD),TData,HFPX-TDATA-WRD-001 §6,Inspection,TBD,CONCEPT
REQ-HFPX-TCA-001,The programme shall define the competency-assessment criteria headings supporting the training syllabus (criteria TBD; no executable instruction).,HFPX-TRN-CPA-001,"STK-002, HUM-005",Training,HFPX-TRN-CPA-001 §6,Inspection,TBD,CONCEPT
REQ-HFPX-TCA-002,"The programme shall define the re-assessment headings, including triggers and framework headings (detail TBD).",HFPX-TRN-CPA-001,HUM-005,Training,HFPX-TRN-CPA-001 §6,Inspection,TBD,CONCEPT
REQ-HFPX-TCA-003,"The programme shall define the competency-records headings, including retention and traceability headings (detail TBD).",HFPX-TRN-CPA-001,HUM-005,Training,HFPX-TRN-CPA-001 §6,Inspection,TBD,CONCEPT
REQ-HFPX-TCA-004,The programme shall define hooks to Vol 26 qualification for authorisation interfaces informed by assessment outcomes (detail TBD in Vol 26).,HFPX-TRN-CPA-001,HUM-005,Training,HFPX-TRN-CPA-001 §6,Inspection + Demonstration,TBD,CONCEPT
REQ-HFPX-TCM-001,"The programme shall define the crew resource management syllabus structure with objectives, methods, and assessment headings (all content TBD; no executable instruction).",HFPX-TRN-CRM-001,"STK-002, HUM-005",Training,HFPX-TRN-CRM-001 §6,Inspection,TBD,CONCEPT
REQ-HFPX-TCM-002,The programme shall define the pilot and ground-crew coordination headings within the syllabus structure (coordination scope TBD).,HFPX-TRN-CRM-001,HUM-005,Training,HFPX-TRN-CRM-001 §6,Inspection,TBD,CONCEPT
REQ-HFPX-TCM-003,The programme shall define hooks to Vol 26.13 for communications provisions informing syllabus coverage (detail TBD in Vol 26.13).,HFPX-TRN-CRM-001,HUM-005,Training,HFPX-TRN-CRM-001 §6,Inspection,TBD,CONCEPT
REQ-HFPX-TCM-004,The programme shall define the assessment framework headings for crew resource management training (assessment criteria TBD).,HFPX-TRN-CRM-001,HUM-005,Training,HFPX-TRN-CRM-001 §6,Inspection + Demonstration,TBD,CONCEPT
REQ-HFPX-TET-001,"The programme shall define the emergency training syllabus structure with objectives, coverage headings, and assessment headings (all content TBD; no executable instruction).",HFPX-TRN-EMT-001,"STK-002, HUM-005",Training,HFPX-TRN-EMT-001 §6,Inspection,TBD,CONCEPT
REQ-HFPX-TET-002,The programme shall define hooks to Vol 13.8 for emergency provisions informing syllabus coverage (detail TBD in Vol 13.8).,HFPX-TRN-EMT-001,HUM-005,Training,HFPX-TRN-EMT-001 §6,Inspection,TBD,CONCEPT
REQ-HFPX-TET-003,The programme shall define hooks to Vol 26.10 for contingency-operations interfaces informing syllabus coverage (detail TBD in Vol 26.10).,HFPX-TRN-EMT-001,HUM-005,Training,HFPX-TRN-EMT-001 §6,Inspection,TBD,CONCEPT
REQ-HFPX-TET-004,"The programme shall define the rehearsal framework headings for emergency training, including methods and assessment headings (rehearsal content TBD).",HFPX-TRN-EMT-001,HUM-005,Training,HFPX-TRN-EMT-001 §6,Inspection + Demonstration,TBD,CONCEPT
REQ-HFPX-TGC-001,"The programme shall define the ground crew training syllabus structure with objectives, methods, and assessment headings (all content TBD; no executable instruction).",HFPX-TRN-GCT-001,"STK-002, HUM-005",Training,HFPX-TRN-GCT-001 §6,Inspection,TBD,CONCEPT
REQ-HFPX-TGC-002,The programme shall define the ground crew role and task coverage headings within the syllabus structure (role set and task set TBD).,HFPX-TRN-GCT-001,HUM-005,Training,HFPX-TRN-GCT-001 §6,Inspection,TBD,CONCEPT
REQ-HFPX-TGC-003,The programme shall define the methods framework headings for ground crew training (methods detail TBD).,HFPX-TRN-GCT-001,HUM-005,Training,HFPX-TRN-GCT-001 §6,Inspection,TBD,CONCEPT
REQ-HFPX-TGC-004,"The programme shall define the assessment framework headings for ground crew training, including interfaces to Vol 26 authorisation (criteria TBD).",HFPX-TRN-GCT-001,HUM-005,Training,HFPX-TRN-GCT-001 §6,Inspection + Demonstration,TBD,CONCEPT
REQ-HFPX-THE-001,"The programme shall define the human-error-analysis method headings supporting training, including error-coverage headings (methods and coverage TBD).",HFPX-TRN-HEA-001,"STK-002, HUM-005",Training,HFPX-TRN-HEA-001 §6,Inspection,TBD,CONCEPT
REQ-HFPX-THE-002,The programme shall define the mitigation headings by which identified error types inform syllabus structure (mitigations TBD).,HFPX-TRN-HEA-001,HUM-005,Training,HFPX-TRN-HEA-001 §6,Inspection + Analysis,TBD,CONCEPT
REQ-HFPX-THE-003,The programme shall define the design-feedback headings by which error findings inform HMI and procedure structure (feedback mechanism TBD).,HFPX-TRN-HEA-001,"HUM-002, HUM-005",Training,HFPX-TRN-HEA-001 §6,Inspection,TBD,CONCEPT
REQ-HFPX-THE-004,The programme shall define the assessment headings by which error-awareness considerations enter training assessment (assessment detail TBD).,HFPX-TRN-HEA-001,HUM-005,Training,HFPX-TRN-HEA-001 §6,Inspection + Demonstration,TBD,CONCEPT
REQ-HFPX-THF-001,"The programme shall define the human-factors training programme structure with objectives, methods, and assessment headings (programme content TBD; no executable instruction).",HFPX-TRN-HUF-001,"STK-002, HUM-005",Training,HFPX-TRN-HUF-001 §6,Inspection,TBD,CONCEPT
REQ-HFPX-THF-002,The programme shall define hooks to REQ-HFPX-HUM-001 workload provisions informing training coverage (detail TBD; Vol 10/30 detail to follow).,HFPX-TRN-HUF-001,HUM-001,Training,HFPX-TRN-HUF-001 §6,Inspection,TBD,CONCEPT
REQ-HFPX-THF-003,"The programme shall define hooks to REQ-HFPX-HUM-002, HUM-003, and HUM-004 HMI, ergonomics, and monitoring provisions informing training coverage (detail TBD; Vol 10/12 detail to follow).",HFPX-TRN-HUF-001,"HUM-002, HUM-003, HUM-004",Training,HFPX-TRN-HUF-001 §6,Inspection,TBD,CONCEPT
REQ-HFPX-THF-004,The programme shall define the assessment framework headings for human-factors training (assessment criteria TBD).,HFPX-TRN-HUF-001,HUM-005,Training,HFPX-TRN-HUF-001 §6,Inspection + Demonstration,TBD,CONCEPT
REQ-HFPX-TMT-001,"The programme shall define the maintenance training syllabus structure with objectives, methods, and assessment headings (all content TBD; no executable instruction).",HFPX-TRN-MNT-001,"STK-002, HUM-005",Training,HFPX-TRN-MNT-001 §6,Inspection,TBD,CONCEPT
REQ-HFPX-TMT-002,The programme shall define the maintenance task coverage headings within the syllabus structure (task set TBD; detail Vol 27).,HFPX-TRN-MNT-001,HUM-005,Training,HFPX-TRN-MNT-001 §6,Inspection,TBD,CONCEPT
REQ-HFPX-TMT-003,"The programme shall define hooks to Vol 27 for maintenance processes, release criteria, and continued-airworthiness interfaces (detail TBD in Vol 27).",HFPX-TRN-MNT-001,HUM-005,Training,HFPX-TRN-MNT-001 §6,Inspection,TBD,CONCEPT
REQ-HFPX-TMT-004,"The programme shall define the assessment framework headings for maintenance training, including interfaces to Vol 27 authorisation (criteria TBD).",HFPX-TRN-MNT-001,HUM-005,Training,HFPX-TRN-MNT-001 §6,Inspection + Demonstration,TBD,CONCEPT
REQ-HFPX-TTP-001,"The programme shall define the pilot training syllabus structure with objectives, phases, methods, and assessment headings (all content TBD; no executable instruction).",HFPX-TRN-PTP-001,"STK-002, HUM-005",Training,HFPX-TRN-PTP-001 §6,Inspection,TBD,CONCEPT
REQ-HFPX-TTP-002,"The programme shall define the training phase structure, including simulator-based phases (phase set and sequencing TBD; simulator detail Vol 30.4).",HFPX-TRN-PTP-001,HUM-005,Training,HFPX-TRN-PTP-001 §6,Inspection,TBD,CONCEPT
REQ-HFPX-TTP-003,"The programme shall define qualification hooks to Vol 26.3, identifying prerequisite and authorisation interfaces (criteria TBD in Vol 26.3).",HFPX-TRN-PTP-001,HUM-005,Training,HFPX-TRN-PTP-001 §6,Inspection,TBD,CONCEPT
REQ-HFPX-TTP-004,"The programme shall align the syllabus structure with the unmanned-first principle, identifying where unmanned demonstration precedes crewed evaluation (alignment TBD).",HFPX-TRN-PTP-001,"STK-002, HUM-005",Training,HFPX-TRN-PTP-001 §6,Inspection,TBD,CONCEPT
REQ-HFPX-TTP-005,"The programme shall define the methods and assessment framework headings for pilot training (objectives, methods, and assessment detail TBD).",HFPX-TRN-PTP-001,HUM-005,Training,HFPX-TRN-PTP-001 §6,Inspection + Demonstration,TBD,CONCEPT
REQ-HFPX-TSA-001,The programme shall define the situational-awareness training requirement headings within the syllabus structure (requirements TBD; no executable instruction).,HFPX-TRN-SAA-001,"STK-002, HUM-005",Training,HFPX-TRN-SAA-001 §6,Inspection,TBD,CONCEPT
REQ-HFPX-TSA-002,The programme shall define hooks to Vol 10 HMI provisions informing situational-awareness coverage (HMI detail TBD in Vol 10).,HFPX-TRN-SAA-001,HUM-002,Training,HFPX-TRN-SAA-001 §6,Inspection,TBD,CONCEPT
REQ-HFPX-TSA-003,The programme shall define the methods framework headings for situational-awareness training (methods detail TBD).,HFPX-TRN-SAA-001,HUM-005,Training,HFPX-TRN-SAA-001 §6,Inspection,TBD,CONCEPT
REQ-HFPX-TSA-004,The programme shall define the assessment framework headings for situational-awareness training (assessment criteria TBD).,HFPX-TRN-SAA-001,HUM-005,Training,HFPX-TRN-SAA-001 §6,Inspection + Demonstration,TBD,CONCEPT
REQ-HFPX-TSM-001,"The programme shall define the simulator training syllabus structure with objectives, simulator-use headings, and assessment headings (all content TBD; no executable instruction).",HFPX-TRN-SIM-001,"STK-002, HUM-005",Training,HFPX-TRN-SIM-001 §6,Inspection,TBD,CONCEPT
REQ-HFPX-TSM-002,"The programme shall define the simulator requirements headings supporting the syllabus, including device roles and capability headings (requirements TBD; detail Vol 19).",HFPX-TRN-SIM-001,HUM-005,Training,HFPX-TRN-SIM-001 §6,Inspection,TBD,CONCEPT
REQ-HFPX-TSM-003,"The programme shall define fidelity headings for simulator provision, identifying fidelity dimensions to be specified (criteria TBD; detail Vol 19).",HFPX-TRN-SIM-001,HUM-005,Training,HFPX-TRN-SIM-001 §6,Inspection + Analysis,TBD,CONCEPT
REQ-HFPX-TSM-004,"The programme shall define hooks to Vol 19 for simulator provision, availability, and configuration interfaces (detail TBD in Vol 19).",HFPX-TRN-SIM-001,HUM-005,Training,HFPX-TRN-SIM-001 §6,Inspection,TBD,CONCEPT
REQ-HFPX-TWA-001,"The programme shall define the workload-analysis method headings supporting training, including task coverage headings (methods and task set TBD).",HFPX-TRN-WLA-001,"STK-002, HUM-001",Training,HFPX-TRN-WLA-001 §6,Inspection,TBD,CONCEPT
REQ-HFPX-TWA-002,The programme shall define the workload limit headings to be populated by analysis (limits TBD; no values stated).,HFPX-TRN-WLA-001,HUM-001,Training,HFPX-TRN-WLA-001 §6,Inspection + Analysis,TBD,CONCEPT
REQ-HFPX-TWA-003,The programme shall define the design-feedback headings by which workload findings inform HMI and syllabus structure (feedback mechanism TBD).,HFPX-TRN-WLA-001,"HUM-001, HUM-002",Training,HFPX-TRN-WLA-001 §6,Inspection,TBD,CONCEPT
REQ-HFPX-TWA-004,The programme shall define the assessment headings by which workload considerations enter training assessment (assessment detail TBD).,HFPX-TRN-WLA-001,HUM-005,Training,HFPX-TRN-WLA-001 §6,Inspection + Demonstration,TBD,CONCEPT
REQ-HFPX-XCC-001,The common-core definition shall remain TBD.,HFPX-VAR-CCA-001,HFPX-SYS-MIS-001,Variants,HFPX-VAR-CCA-001 §6,Inspection,TBD,CONCEPT
REQ-HFPX-XCC-002,The variant-delta rule for deriving variants from the common core shall remain TBD.,HFPX-VAR-CCA-001,HFPX-SYS-ARC-001,Variants,HFPX-VAR-CCA-001 §6,Inspection,TBD,CONCEPT
REQ-HFPX-XCC-003,Required adaptations relative to the common core shall remain TBD.,HFPX-VAR-CCA-001,HFPX-SYS-ARC-001,Variants,HFPX-VAR-CCA-001 §6,Inspection,TBD,CONCEPT
REQ-HFPX-XCC-004,Verification approach for the common core shall remain TBD.,HFPX-VAR-CCA-001,HFPX-SYS-MIS-001,Variants,HFPX-VAR-CCA-001 §6,Inspection,TBD,CONCEPT
REQ-HFPX-XDF-001,The HFP-X Defence variant definition shall contain no capability development requirements.,HFPX-VAR-DEF-001,HFPX-SYS-MIS-001,Variants,HFPX-VAR-DEF-001 §6,Inspection,TBD,CONCEPT
REQ-HFPX-XDF-002,"Any defence-variant work shall require prior legal, export-control, and regulatory review (ISS-005).",HFPX-VAR-DEF-001,HFPX-SYS-MIS-001,Variants,HFPX-VAR-DEF-001 §6,Inspection,TBD,CONCEPT
REQ-HFPX-XDF-003,Prohibitions applicable to the HFP-X Defence variant shall remain TBD pending required advice.,HFPX-VAR-DEF-001,HFPX-SYS-ARC-001,Variants,HFPX-VAR-DEF-001 §6,Inspection,TBD,CONCEPT
REQ-HFPX-XDF-004,Required advice actions for the HFP-X Defence variant shall remain TBD.,HFPX-VAR-DEF-001,HFPX-VAR-CCA-001,Variants,HFPX-VAR-DEF-001 §6,Inspection,TBD,CONCEPT
REQ-HFPX-XER-001,The HFP-X Emergency Response variant mission delta shall remain TBD.,HFPX-VAR-EMR-001,HFPX-SYS-MIS-001,Variants,HFPX-VAR-EMR-001 §6,Inspection,TBD,CONCEPT
REQ-HFPX-XER-002,"Differences between the HFP-X Emergency Response variant and the common core, including required adaptations, shall remain TBD.",HFPX-VAR-EMR-001,HFPX-SYS-ARC-001,Variants,HFPX-VAR-EMR-001 §6,Inspection,TBD,CONCEPT
REQ-HFPX-XER-003,Common-core reuse for the HFP-X Emergency Response variant shall remain TBD.,HFPX-VAR-EMR-001,HFPX-VAR-CCA-001,Variants,HFPX-VAR-EMR-001 §6,Inspection,TBD,CONCEPT
REQ-HFPX-XER-004,Regulatory hooks applicable to the HFP-X Emergency Response variant shall remain TBD.,HFPX-VAR-EMR-001,HFPX-SYS-MIS-001,Variants,HFPX-VAR-EMR-001 §6,Inspection,TBD,CONCEPT
REQ-HFPX-XMA-001,"Modular equipment architecture principles, including module boundaries, shall remain TBD.",HFPX-VAR-MEA-001,HFPX-SYS-ARC-001,Variants,HFPX-VAR-MEA-001 §6,Inspection,TBD,CONCEPT
REQ-HFPX-XMA-002,Required adaptations for modular equipment shall remain TBD.,HFPX-VAR-MEA-001,HFPX-SYS-ARC-001,Variants,HFPX-VAR-MEA-001 §6,Inspection,TBD,CONCEPT
REQ-HFPX-XMA-003,Common-core reuse for modular equipment shall remain TBD.,HFPX-VAR-MEA-001,HFPX-VAR-CCA-001,Variants,HFPX-VAR-MEA-001 §6,Inspection,TBD,CONCEPT
REQ-HFPX-XMA-004,Verification approach for the modular equipment architecture shall remain TBD.,HFPX-VAR-MEA-001,HFPX-SYS-MIS-001,Variants,HFPX-VAR-MEA-001 §6,Inspection,TBD,CONCEPT
REQ-HFPX-XME-001,Mission equipment classes shall remain TBD.,HFPX-VAR-MEQ-001,HFPX-SYS-MIS-001,Variants,HFPX-VAR-MEQ-001 §6,Inspection,TBD,CONCEPT
REQ-HFPX-XME-002,No mission equipment selections shall be made at this revision.,HFPX-VAR-MEQ-001,HFPX-SYS-ARC-001,Variants,HFPX-VAR-MEQ-001 §6,Inspection,TBD,CONCEPT
REQ-HFPX-XME-003,"Required adaptations for mission equipment, including common-core reuse, shall remain TBD.",HFPX-VAR-MEQ-001,HFPX-VAR-CCA-001,Variants,HFPX-VAR-MEQ-001 §6,Inspection,TBD,CONCEPT
REQ-HFPX-XME-004,Verification approach for mission equipment shall remain TBD.,HFPX-VAR-MEQ-001,HFPX-SYS-ARC-001,Variants,HFPX-VAR-MEQ-001 §6,Inspection,TBD,CONCEPT
REQ-HFPX-XPR-001,The HFP-X Personal variant mission delta shall remain TBD.,HFPX-VAR-PER-001,HFPX-SYS-MIS-001,Variants,HFPX-VAR-PER-001 §6,Inspection,TBD,CONCEPT
REQ-HFPX-XPR-002,"Differences between the HFP-X Personal variant and the common core, including required adaptations, shall remain TBD.",HFPX-VAR-PER-001,HFPX-SYS-ARC-001,Variants,HFPX-VAR-PER-001 §6,Inspection,TBD,CONCEPT
REQ-HFPX-XPR-003,Common-core reuse for the HFP-X Personal variant shall remain TBD.,HFPX-VAR-PER-001,HFPX-VAR-CCA-001,Variants,HFPX-VAR-PER-001 §6,Inspection,TBD,CONCEPT
REQ-HFPX-XPR-004,Regulatory hooks applicable to the HFP-X Personal variant shall remain TBD.,HFPX-VAR-PER-001,HFPX-SYS-MIS-001,Variants,HFPX-VAR-PER-001 §6,Inspection,TBD,CONCEPT
REQ-HFPX-XPI-001,Mechanical payload interface definitions shall remain TBD.,HFPX-VAR-PLI-001,HFPX-SYS-ARC-001,Variants,HFPX-VAR-PLI-001 §6,Inspection,TBD,CONCEPT
REQ-HFPX-XPI-002,Electrical and data payload interface definitions shall remain TBD.,HFPX-VAR-PLI-001,HFPX-SYS-ARC-001,Variants,HFPX-VAR-PLI-001 §6,Inspection,TBD,CONCEPT
REQ-HFPX-XPI-003,"Mass and CG hooks for payload interfaces, including required adaptations and common-core reuse, shall remain TBD.",HFPX-VAR-PLI-001,HFPX-VAR-CCA-001,Variants,HFPX-VAR-PLI-001 §6,Inspection,TBD,CONCEPT
REQ-HFPX-XPI-004,Verification approach for payload interfaces shall remain TBD.,HFPX-VAR-PLI-001,HFPX-SYS-MIS-001,Variants,HFPX-VAR-PLI-001 §6,Inspection,TBD,CONCEPT
REQ-HFPX-XPF-001,The HFP-X Professional variant mission delta shall remain TBD.,HFPX-VAR-PRO-001,HFPX-SYS-MIS-001,Variants,HFPX-VAR-PRO-001 §6,Inspection,TBD,CONCEPT
REQ-HFPX-XPF-002,"Differences between the HFP-X Professional variant and the common core, including required adaptations, shall remain TBD.",HFPX-VAR-PRO-001,HFPX-SYS-ARC-001,Variants,HFPX-VAR-PRO-001 §6,Inspection,TBD,CONCEPT
REQ-HFPX-XPF-003,Common-core reuse for the HFP-X Professional variant shall remain TBD.,HFPX-VAR-PRO-001,HFPX-VAR-CCA-001,Variants,HFPX-VAR-PRO-001 §6,Inspection,TBD,CONCEPT
REQ-HFPX-XPF-004,Regulatory hooks applicable to the HFP-X Professional variant shall remain TBD.,HFPX-VAR-PRO-001,HFPX-SYS-MIS-001,Variants,HFPX-VAR-PRO-001 §6,Inspection,TBD,CONCEPT
REQ-HFPX-XRS-001,The HFP-X Rescue variant mission delta shall remain TBD.,HFPX-VAR-RES-001,HFPX-SYS-MIS-001,Variants,HFPX-VAR-RES-001 §6,Inspection,TBD,CONCEPT
REQ-HFPX-XRS-002,"Differences between the HFP-X Rescue variant and the common core, including required adaptations, shall remain TBD.",HFPX-VAR-RES-001,HFPX-SYS-ARC-001,Variants,HFPX-VAR-RES-001 §6,Inspection,TBD,CONCEPT
REQ-HFPX-XRS-003,Common-core reuse for the HFP-X Rescue variant shall remain TBD.,HFPX-VAR-RES-001,HFPX-VAR-CCA-001,Variants,HFPX-VAR-RES-001 §6,Inspection,TBD,CONCEPT
REQ-HFPX-XRS-004,Regulatory hooks applicable to the HFP-X Rescue variant shall remain TBD.,HFPX-VAR-RES-001,HFPX-SYS-MIS-001,Variants,HFPX-VAR-RES-001 §6,Inspection,TBD,CONCEPT
REQ-HFPX-XVC-001,Configuration control per variant shall remain TBD.,HFPX-VAR-VCF-001,HFPX-SYS-ARC-001,Variants,HFPX-VAR-VCF-001 §6,Inspection,TBD,CONCEPT
REQ-HFPX-XVC-002,The change rule for variant configurations shall remain TBD.,HFPX-VAR-VCF-001,HFPX-SYS-ARC-001,Variants,HFPX-VAR-VCF-001 §6,Inspection,TBD,CONCEPT
REQ-HFPX-XVC-003,Required adaptations and common-core reuse for variant configurations shall remain TBD.,HFPX-VAR-VCF-001,HFPX-VAR-CCA-001,Variants,HFPX-VAR-VCF-001 §6,Inspection,TBD,CONCEPT
REQ-HFPX-XVC-004,Verification approach for variant configurations shall remain TBD.,HFPX-VAR-VCF-001,HFPX-SYS-MIS-001,Variants,HFPX-VAR-VCF-001 §6,Inspection,TBD,CONCEPT
REQ-HFPX-UCB-001,The sustainment configuration baselines shall be identified and placed under configuration control.,HFPX-SUS-CBL-001,Lifecycle phase definition (TBD),Sustain,HFPX-SUS-CBL-001 §6,Inspection,TBD,CONCEPT
REQ-HFPX-UCB-002,Baseline evolution across lifecycle phases shall follow a defined and controlled progression.,HFPX-SUS-CBL-001,"Programme configuration management, 00.7 hooks (TBD)",Sustain,HFPX-SUS-CBL-001 §6,Inspection,TBD,CONCEPT
REQ-HFPX-UCB-003,Changes affecting sustainment baselines shall be recorded with traceability to affected items and evidence.,HFPX-SUS-CBL-001,"Vol 28 configuration and records concepts, 28.9 hooks (TBD)",Sustain,HFPX-SUS-CBL-001 §6,Demonstration,TBD,CONCEPT
REQ-HFPX-UCB-004,Sustainment baseline changes with safety relevance shall retain alignment with safety assurance.,HFPX-SUS-CBL-001,Vol 24 hooks (TBD),Sustain,HFPX-SUS-CBL-001 §6,Inspection,TBD,CONCEPT
REQ-HFPX-UCI-001,"A continuous improvement process shall be defined covering proposal, evaluation, implementation and review.",HFPX-SUS-CIM-001,Lifecycle phase definition (TBD),Sustain,HFPX-SUS-CIM-001 §6,Inspection,TBD,CONCEPT
REQ-HFPX-UCI-002,Improvement proposals shall be evaluated with recorded rationale and disposition.,HFPX-SUS-CIM-001,Vol 27 / Vol 28 hooks (TBD),Sustain,HFPX-SUS-CIM-001 §6,Inspection,TBD,CONCEPT
REQ-HFPX-UCI-003,Approved improvements shall be implemented through programme change control.,HFPX-SUS-CIM-001,"Programme change control, 00.10 hooks (TBD)",Sustain,HFPX-SUS-CIM-001 §6,Demonstration,TBD,CONCEPT
REQ-HFPX-UCI-004,Implemented improvements with safety relevance shall retain alignment with safety assurance.,HFPX-SUS-CIM-001,Vol 24 hooks (TBD),Sustain,HFPX-SUS-CIM-001 §6,Inspection,TBD,CONCEPT
REQ-HFPX-UEL-001,End-of-life declaration shall follow defined criteria with recorded rationale and approval.,HFPX-SUS-EOL-001,Lifecycle phase definition (TBD),Sustain,HFPX-SUS-EOL-001 §6,Inspection,TBD,CONCEPT
REQ-HFPX-UEL-002,End-of-life execution shall follow a defined plan covering support withdrawal and stakeholder notification.,HFPX-SUS-EOL-001,Vol 27 hooks (TBD),Sustain,HFPX-SUS-EOL-001 §6,Inspection,TBD,CONCEPT
REQ-HFPX-UEL-003,Disposal of end-of-life items shall follow defined provisions with recorded traceability.,HFPX-SUS-EOL-001,Vol 27 / Vol 28 hooks (TBD),Sustain,HFPX-SUS-EOL-001 §6,Demonstration,TBD,CONCEPT
REQ-HFPX-UEL-004,End-of-life records shall be retained under configuration control with defined scope.,HFPX-SUS-EOL-001,Vol 28 hooks (TBD),Sustain,HFPX-SUS-EOL-001 §6,Inspection,TBD,CONCEPT
REQ-HFPX-UFM-001,The fleet management framework shall track the configuration and status of fielded product instances.,HFPX-SUS-FLM-001,Lifecycle phase definition (TBD),Sustain,HFPX-SUS-FLM-001 §6,Demonstration,TBD,CONCEPT
REQ-HFPX-UFM-002,Fleet allocation and rotation decisions shall follow defined governance with recorded rationale.,HFPX-SUS-FLM-001,Vol 27 hooks (TBD),Sustain,HFPX-SUS-FLM-001 §6,Inspection,TBD,CONCEPT
REQ-HFPX-UFM-003,Fleet status records shall be maintained under configuration control with traceability to baselines.,HFPX-SUS-FLM-001,Vol 28 hooks (TBD),Sustain,HFPX-SUS-FLM-001 §6,Demonstration,TBD,CONCEPT
REQ-HFPX-UFM-004,Fleet management actions with safety relevance shall retain alignment with safety assurance.,HFPX-SUS-FLM-001,Vol 24 hooks (TBD),Sustain,HFPX-SUS-FLM-001 §6,Inspection,TBD,CONCEPT
REQ-HFPX-UHU-001,Hardware upgrades shall be controlled through a defined upgrade control process.,HFPX-SUS-HWU-001,Lifecycle phase definition (TBD),Sustain,HFPX-SUS-HWU-001 §6,Inspection,TBD,CONCEPT
REQ-HFPX-UHU-002,Hardware upgrades shall undergo defined re-verification before fleet embodiment.,HFPX-SUS-HWU-001,Vol 24 hooks (TBD),Sustain,HFPX-SUS-HWU-001 §6,Test,TBD,CONCEPT
REQ-HFPX-UHU-003,Hardware upgrade embodiment shall be recorded with traceability to baselines and verification evidence.,HFPX-SUS-HWU-001,Vol 28 configuration hooks (TBD),Sustain,HFPX-SUS-HWU-001 §6,Demonstration,TBD,CONCEPT
REQ-HFPX-UHU-004,Hardware upgrades with interoperability or safety relevance shall be assessed for affected interfaces and hazards.,HFPX-SUS-HWU-001,Vol 27 / Vol 24 hooks (TBD),Sustain,HFPX-SUS-HWU-001 §6,Analysis,TBD,CONCEPT
REQ-HFPX-UOM-001,Components and technologies at obsolescence risk shall be monitored under a defined monitoring approach.,HFPX-SUS-OBM-001,Lifecycle phase definition (TBD),Sustain,HFPX-SUS-OBM-001 §6,Inspection,TBD,CONCEPT
REQ-HFPX-UOM-002,"Obsolescence mitigations, including lifetime-buy considerations where applicable, shall be planned with recorded rationale.",HFPX-SUS-OBM-001,Vol 27 / Vol 28 hooks (TBD),Sustain,HFPX-SUS-OBM-001 §6,Inspection,TBD,CONCEPT
REQ-HFPX-UOM-003,Obsolescence resolutions requiring redesign shall be governed through defined redesign triggers and change control.,HFPX-SUS-OBM-001,Vol 08.4 hooks (TBD),Sustain,HFPX-SUS-OBM-001 §6,Demonstration,TBD,CONCEPT
REQ-HFPX-UOM-004,Obsolescence resolutions with safety relevance shall retain alignment with safety assurance.,HFPX-SUS-OBM-001,Vol 24 hooks (TBD),Sustain,HFPX-SUS-OBM-001 §6,Inspection,TBD,CONCEPT
REQ-HFPX-UOD-001,Operational data relevant to sustainment shall be collected under a defined collection scope.,HFPX-SUS-OPD-001,Lifecycle phase definition (TBD),Sustain,HFPX-SUS-OPD-001 §6,Demonstration,TBD,CONCEPT
REQ-HFPX-UOD-002,"Operational data shall be managed with defined quality, integrity and traceability controls.",HFPX-SUS-OPD-001,Vol 23.17 hooks (TBD),Sustain,HFPX-SUS-OPD-001 §6,Inspection,TBD,CONCEPT
REQ-HFPX-UOD-003,"Operational data exploitation shall inform fleet, reliability and improvement decisions with recorded linkage.",HFPX-SUS-OPD-001,Vol 27 / Vol 28 hooks (TBD),Sustain,HFPX-SUS-OPD-001 §6,Analysis,TBD,CONCEPT
REQ-HFPX-UOD-004,Operational data with safety relevance shall be made available to safety assurance under defined controls.,HFPX-SUS-OPD-001,"Vol 24 hooks, 33.16 hooks (TBD)",Sustain,HFPX-SUS-OPD-001 §6,Demonstration,TBD,CONCEPT
REQ-HFPX-UPL-001,"The product lifecycle shall define lifecycle phases spanning development, production, operation, sustainment and retirement.",HFPX-SUS-PLC-001,"Programme lifecycle, HFPX-PGM-SEM-001",Sustain,HFPX-SUS-PLC-001 §6,Inspection,TBD,CONCEPT
REQ-HFPX-UPL-002,"Lifecycle phase transitions shall be governed by defined entry criteria, exit criteria and approval authority.",HFPX-SUS-PLC-001,Lifecycle phase definition (TBD),Sustain,HFPX-SUS-PLC-001 §6,Inspection,TBD,CONCEPT
REQ-HFPX-UPL-003,Sustainment activities within the lifecycle shall remain aligned with safety assurance and support concepts.,HFPX-SUS-PLC-001,Vol 24 / Vol 27 hooks (TBD),Sustain,HFPX-SUS-PLC-001 §6,Inspection,TBD,CONCEPT
REQ-HFPX-UPL-004,Lifecycle phase status and associated lifecycle records shall be maintained under configuration control.,HFPX-SUS-PLC-001,Vol 28 hooks (TBD),Sustain,HFPX-SUS-PLC-001 §6,Demonstration,TBD,CONCEPT
REQ-HFPX-URT-001,Product retirement shall follow a defined retirement process with recorded approval.,HFPX-SUS-RET-001,Lifecycle phase definition (TBD),Sustain,HFPX-SUS-RET-001 §6,Inspection,TBD,CONCEPT
REQ-HFPX-URT-002,Decommissioning of retired products shall follow defined provisions addressing safety and controlled handling.,HFPX-SUS-RET-001,Vol 24 hooks (TBD),Sustain,HFPX-SUS-RET-001 §6,Demonstration,TBD,CONCEPT
REQ-HFPX-URT-003,"Retirement execution shall maintain traceability between retired instances, baselines and retirement records.",HFPX-SUS-RET-001,Vol 28 hooks (TBD),Sustain,HFPX-SUS-RET-001 §6,Demonstration,TBD,CONCEPT
REQ-HFPX-URT-004,Retirement records shall be retained under configuration control with defined scope.,HFPX-SUS-RET-001,Vol 28 hooks (TBD),Sustain,HFPX-SUS-RET-001 §6,Inspection,TBD,CONCEPT
REQ-HFPX-URG-001,Field reliability behaviour shall be tracked under a defined growth tracking approach.,HFPX-SUS-RLG-001,Vol 24.1 hooks (TBD),Sustain,HFPX-SUS-RLG-001 §6,Inspection,TBD,CONCEPT
REQ-HFPX-URG-002,Reliability observations shall be analysed and linked to corrective actions with recorded traceability.,HFPX-SUS-RLG-001,Lifecycle phase definition (TBD),Sustain,HFPX-SUS-RLG-001 §6,Analysis,TBD,CONCEPT
REQ-HFPX-URG-003,Corrective actions for reliability growth shall be controlled through configuration and change governance.,HFPX-SUS-RLG-001,Vol 28 hooks (TBD),Sustain,HFPX-SUS-RLG-001 §6,Demonstration,TBD,CONCEPT
REQ-HFPX-URG-004,Reliability growth claims shall be substantiated by defined evidence before acceptance.,HFPX-SUS-RLG-001,Vol 24 hooks (TBD),Sustain,HFPX-SUS-RLG-001 §6,Analysis,TBD,CONCEPT
REQ-HFPX-USU-001,Software updates shall be planned and released through a defined and controlled release process.,HFPX-SUS-SWU-001,Lifecycle phase definition (TBD),Sustain,HFPX-SUS-SWU-001 §6,Inspection,TBD,CONCEPT
REQ-HFPX-USU-002,Software updates shall undergo defined regression assurance before release.,HFPX-SUS-SWU-001,Vol 16.16 hooks (TBD),Sustain,HFPX-SUS-SWU-001 §6,Test,TBD,CONCEPT
REQ-HFPX-USU-003,Software releases with airworthiness relevance shall retain alignment with airworthiness provisions.,HFPX-SUS-SWU-001,Vol 25.9 hooks (TBD),Sustain,HFPX-SUS-SWU-001 §6,Inspection,TBD,CONCEPT
REQ-HFPX-USU-004,Fielded software configuration shall be recorded with traceability to the authorised release and evidence.,HFPX-SUS-SWU-001,Vol 28 hooks (TBD),Sustain,HFPX-SUS-SWU-001 §6,Demonstration,TBD,CONCEPT
REQ-HFPX-MDI-001,The design-iteration plan shall define iteration triggers linked to scoped evidence and lessons sources (triggers TBD).,HFPX-MVP-DIT-001,MVP-003; MRQ/MAR tier; VVP thread,MVP,HFPX-MVP-DIT-001 §6,Inspection,TBD,CONCEPT
REQ-HFPX-MDI-002,The design-iteration plan shall define change-control methodology for prototype-only changes (methodology TBD).,HFPX-MVP-DIT-001,MVP-005; MRQ/MAR tier; VVP thread,MVP,HFPX-MVP-DIT-001 §6,Inspection,TBD,CONCEPT
REQ-HFPX-MDI-003,The design-iteration plan shall define re-verification methodology for affected evidence after each iteration (methodology TBD).,HFPX-MVP-DIT-001,MVP-003; MRQ/MAR tier; VVP thread,MVP,HFPX-MVP-DIT-001 §6,Inspection,TBD,CONCEPT
REQ-HFPX-MDI-004,"The design-iteration plan shall define records-control methodology for iteration decisions, changes, and re-verification outcomes (records TBD).",HFPX-MVP-DIT-001,MVP-002; MRQ/MAR tier; VVP thread,MVP,HFPX-MVP-DIT-001 §6,Inspection,TBD,CONCEPT
REQ-HFPX-MEX-001,"The exit plan shall define exit criteria per MVP objective, including retirement/bounding methodology for ISS-006, ISS-007, and ISS-008 (criteria TBD).",HFPX-MVP-EXC-001,MVP-003; MRQ/MAR tier; VVP thread,MVP,HFPX-MVP-EXC-001 §6,Inspection,TBD,CONCEPT
REQ-HFPX-MEX-002,The exit plan shall define the evidence-package methodology supporting exit determination (package TBD).,HFPX-MVP-EXC-001,MVP-002; MRQ/MAR tier; VVP thread,MVP,HFPX-MVP-EXC-001 §6,Inspection,TBD,CONCEPT
REQ-HFPX-MEX-003,The exit plan shall define the approval methodology for exit declaration (approval TBD).,HFPX-MVP-EXC-001,MVP-003; MRQ/MAR tier; VVP thread,MVP,HFPX-MVP-EXC-001 §6,Inspection,TBD,CONCEPT
REQ-HFPX-MEX-004,The exit plan shall specify that exit is not declared with open critical items (definition and methodology TBD).,HFPX-MVP-EXC-001,MVP-003; MRQ/MAR tier; VVP thread,MVP,HFPX-MVP-EXC-001 §6,Inspection,TBD,CONCEPT
REQ-HFPX-MEX-005,The exit plan shall define the linkage methodology from exit outcomes to the 33.20 transition gate (linkage TBD).,HFPX-MVP-EXC-001,MVP-005; MRQ/MAR tier; VVP thread,MVP,HFPX-MVP-EXC-001 §6,Inspection,TBD,CONCEPT
REQ-HFPX-MED-001,The experimental-data plan shall define the data inventory covering scoped ground and unmanned sources (inventory TBD).,HFPX-MVP-EXD-001,MVP-002; MRQ/MAR tier; VVP thread,MVP,HFPX-MVP-EXD-001 §6,Inspection,TBD,CONCEPT
REQ-HFPX-MED-002,The experimental-data plan shall define data quality and retention methodology (methodology TBD).,HFPX-MVP-EXD-001,MVP-002; MRQ/MAR tier; VVP thread,MVP,HFPX-MVP-EXD-001 §6,Inspection,TBD,CONCEPT
REQ-HFPX-MED-003,The experimental-data plan shall define the model-validation feed methodology with hooks to Vol 19.15 (feed TBD).,HFPX-MVP-EXD-001,MVP-002; MRQ/MAR tier; VVP thread,MVP,HFPX-MVP-EXD-001 §6,Inspection,TBD,CONCEPT
REQ-HFPX-MED-004,The experimental-data plan shall define interface hooks to Vol 23.17 for applicable evidence exchange (hooks TBD).,HFPX-MVP-EXD-001,MVP-004; MRQ/MAR tier; VVP thread,MVP,HFPX-MVP-EXD-001 §6,Inspection,TBD,CONCEPT
REQ-HFPX-MEC-001,The MVP programme shall maintain an experimental-component inventory identifying each prototype component and its revision for each test article and test event (inventory contents and format TBD).,HFPX-MVP-EXP-001,"MVP-002, MRQ-004, MAR-001, DDR-001",MVP,HFPX-MVP-EXP-001 §6,Inspection,TBD,CONCEPT
REQ-HFPX-MEC-002,The MVP programme shall mark each experimental component as prototype with defined prototype-vs-production identification that prevents confusion with production parts (marking method TBD).,HFPX-MVP-EXP-001,"MVP-005, MRQ-004",MVP,HFPX-MVP-EXP-001 §6,Inspection,TBD,CONCEPT
REQ-HFPX-MEC-003,"The MVP programme shall prevent auto-promotion such that no experimental component, value, or revision enters the production baseline except via the 33.20 transition gate with requirements, verification, and safety review (per MVP-005).",HFPX-MVP-EXP-001,MVP-005,MVP,HFPX-MVP-EXP-001 §6,Inspection,TBD,CONCEPT
REQ-HFPX-MEC-004,The MVP programme shall trace each experimental component to its configuration-index entry and as-tested record for each gated test in which it participates (trace method and record standard TBD in 33.4).,HFPX-MVP-EXP-001,"MVP-002, MRQ-004, MAR-005",MVP,HFPX-MVP-EXP-001 §6,Inspection,TBD,CONCEPT
REQ-HFPX-MGT-001,The ground-test programme plan shall define the scope of ground-based verification activities supporting MVP objectives (scope TBD).,HFPX-MVP-GTP-001,MVP-001; MRQ/MAR tier; VVP thread,MVP,HFPX-MVP-GTP-001 §6,Inspection,TBD,CONCEPT
REQ-HFPX-MGT-002,"Each ground-test stage shall define entrance criteria and exit criteria, and no stage shall be skipped (criteria TBD).",HFPX-MVP-GTP-001,MVP-001; MRQ/MAR tier; VVP thread,MVP,HFPX-MVP-GTP-001 §6,Inspection,TBD,CONCEPT
REQ-HFPX-MGT-003,The ground-test programme shall define pass/fail determination methodology for each scoped activity (methodology TBD).,HFPX-MVP-GTP-001,MVP-003; MRQ/MAR tier; VVP thread,MVP,HFPX-MVP-GTP-001 §6,Inspection,TBD,CONCEPT
REQ-HFPX-MGT-004,The ground-test programme shall define interface hooks to Vol 23.2 for applicable ground-test capabilities and evidence exchange (hooks TBD).,HFPX-MVP-GTP-001,MVP-004; MRQ/MAR tier; VVP thread,MVP,HFPX-MVP-GTP-001 §6,Inspection,TBD,CONCEPT
REQ-HFPX-MLL-001,The lessons-learned plan shall define the capture process for observations and findings across scoped MVP activities (process TBD).,HFPX-MVP-LLR-001,MVP-002; MRQ/MAR tier; VVP thread,MVP,HFPX-MVP-LLR-001 §6,Inspection,TBD,CONCEPT
REQ-HFPX-MLL-002,The lessons-learned plan shall define the review cadence and associated entry/exit methodology (cadence TBD).,HFPX-MVP-LLR-001,MVP-002; MRQ/MAR tier; VVP thread,MVP,HFPX-MVP-LLR-001 §6,Inspection,TBD,CONCEPT
REQ-HFPX-MLL-003,The lessons-learned plan shall define action-tracking methodology through to closure (methodology TBD).,HFPX-MVP-LLR-001,MVP-003; MRQ/MAR tier; VVP thread,MVP,HFPX-MVP-LLR-001 §6,Inspection,TBD,CONCEPT
REQ-HFPX-MLL-004,"The lessons-learned plan shall define records-control methodology for lessons, actions, and decisions (records TBD).",HFPX-MVP-LLR-001,MVP-002; MRQ/MAR tier; VVP thread,MVP,HFPX-MVP-LLR-001 §6,Inspection,TBD,CONCEPT
REQ-HFPX-MPA-001,"The MVP prototype avionics suite shall be defined as a controlled list of units, harnesses, and software identifiers hosted on the demonstrator (suite contents and revisions TBD).",HFPX-MVP-PAV-001,"MVP-001, MRQ-001, MAR-003",MVP,HFPX-MVP-PAV-001 §6,Inspection,TBD,CONCEPT
REQ-HFPX-MPA-002,The MVP programme shall govern COTS and test-grade avionics use by a defined policy establishing prototype-only status with no certification or production-design claim (policy TBD).,HFPX-MVP-PAV-001,"MVP-005, MRQ-004, MAR-003",MVP,HFPX-MVP-PAV-001 §6,Inspection,TBD,CONCEPT
REQ-HFPX-MPA-003,"The MVP prototype avionics interfaces shall be defined for command, telemetry, power, and data exchange with the flight computer, sensors, ground station, safety chain, and instrumentation (interface definitions TBD).",HFPX-MVP-PAV-001,"MRQ-004, MAR-003",MVP,HFPX-MVP-PAV-001 §6,Inspection,TBD,CONCEPT
REQ-HFPX-MPA-004,The MVP prototype avionics shall be explicitly non-representative of production avionics and shall inform production only via lessons and data through the 33.20 transition gate (per MVP-005).,HFPX-MVP-PAV-001,"MVP-005, MAR-003, DDR-001",MVP,HFPX-MVP-PAV-001 §6,Inspection,TBD,CONCEPT
REQ-HFPX-MPT-001,"The transition plan shall define the transition-gate methodology, including entry criteria and authority (gate TBD).",HFPX-MVP-PDT-001,MVP-005; MRQ/MAR tier; VVP thread,MVP,HFPX-MVP-PDT-001 §6,Inspection,TBD,CONCEPT
REQ-HFPX-MPT-002,The transition plan shall define the data/decision handover methodology from MVP sources to production recipients (handover TBD).,HFPX-MVP-PDT-001,MVP-002; MRQ/MAR tier; VVP thread,MVP,HFPX-MVP-PDT-001 §6,Inspection,TBD,CONCEPT
REQ-HFPX-MPT-003,The transition plan shall define re-verification methodology for production use of any handed-over MVP output (methodology TBD).,HFPX-MVP-PDT-001,MVP-005; MRQ/MAR tier; VVP thread,MVP,HFPX-MVP-PDT-001 §6,Inspection,TBD,CONCEPT
REQ-HFPX-MPT-004,"The transition plan shall specify that no prototype component or value enters the production baseline except via the transition gate, per MVP-005 (rule TBD in implementation detail).",HFPX-MVP-PDT-001,MVP-005; MRQ/MAR tier; VVP thread,MVP,HFPX-MVP-PDT-001 §6,Inspection,TBD,CONCEPT
REQ-HFPX-MPT-005,The transition plan shall define the approval methodology for transition decisions (approval TBD).,HFPX-MVP-PDT-001,MVP-005; MRQ/MAR tier; VVP thread,MVP,HFPX-MVP-PDT-001 §6,Inspection,TBD,CONCEPT
REQ-HFPX-MPC-001,"The MVP prototype flight computer shall be defined as a controlled platform with hardware and software-build identity for each gated test (platform and build TBD, under 33.4 control).",HFPX-MVP-PFC-001,"MVP-001, MRQ-001, MAR-003",MVP,HFPX-MVP-PFC-001 §6,Inspection,TBD,CONCEPT
REQ-HFPX-MPC-002,"The MVP prototype flight computer timing behaviour relied upon by gated tests shall be characterised by a defined determinism methodology with documented limits (method, metrics, and values TBD).",HFPX-MVP-PFC-001,"MRQ-001, MAR-003, DDR-001",MVP,HFPX-MVP-PFC-001 §6,Analysis,TBD,CONCEPT
REQ-HFPX-MPC-003,"The MVP prototype flight computer shall provide HIL hooks to the Vol 19 modelling environment with defined hardware, software, and interface provisions (hooks TBD per Vol 19.9).",HFPX-MVP-PFC-001,"MVP-002, MRQ-004, MAR-003",MVP,HFPX-MVP-PFC-001 §6,Inspection,TBD,CONCEPT
REQ-HFPX-MPC-004,The MVP prototype flight computer and its software shall be explicitly non-representative of production compute and shall inform production only via lessons and data through the 33.20 transition gate (per MVP-005).,HFPX-MVP-PFC-001,MVP-005,MVP,HFPX-MVP-PFC-001 §6,Inspection,TBD,CONCEPT
REQ-HFPX-MGS-001,"The MVP prototype ground-station functions shall be defined with hooks to Vol 11 ground-system functions covering command, monitoring, telemetry, and recording duties (functions TBD per Vol 11.10).",HFPX-MVP-PGS-001,"MVP-001, MRQ-004, MAR-003",MVP,HFPX-MVP-PGS-001 §6,Inspection,TBD,CONCEPT
REQ-HFPX-MGS-002,"The MVP prototype ground station abort authority shall be defined with command methodology, decision criteria, and authorising roles for test termination (authority and criteria TBD).",HFPX-MVP-PGS-001,"MVP-004, MRQ-005, MAR-004",MVP,HFPX-MVP-PGS-001 §6,Demonstration,TBD,CONCEPT
REQ-HFPX-MGS-003,"The MVP prototype ground-station staffing shall be defined with roles, responsibilities, and readiness required for each gated test (staffing and readiness TBD).",HFPX-MVP-PGS-001,"MVP-001, MRQ-006",MVP,HFPX-MVP-PGS-001 §6,Inspection,TBD,CONCEPT
REQ-HFPX-MGS-004,"The MVP prototype ground station shall record command, telemetry, and decision data for each gated test to a defined record standard with retention (standard and retention TBD, hooks to 33.12).",HFPX-MVP-PGS-001,"MVP-002, MRQ-004",MVP,HFPX-MVP-PGS-001 §6,Inspection,TBD,CONCEPT
REQ-HFPX-MPP-001,"The MVP prototype propulsion installation shall be defined with installation boundaries, mounting interfaces, and test-article integration limits for controlled testing (boundaries and limits TBD).",HFPX-MVP-PPN-001,"MVP-001, MRQ-001, MAR-002, DDR-001",MVP,HFPX-MVP-PPN-001 §6,Inspection,TBD,CONCEPT
REQ-HFPX-MPP-002,"The MVP prototype propulsion chain shall be defined end-to-end with chain boundaries, control interfaces, and safety interfaces identified (chain TBD; ISS-003 propulsion-chain risk).",HFPX-MVP-PPN-001,"MVP-001, MRQ-001, MAR-002",MVP,HFPX-MVP-PPN-001 §6,Inspection,TBD,CONCEPT
REQ-HFPX-MPP-003,"Prototype propulsion testing shall progress only through controlled ground stages to unmanned flight stages under defined engineering, test, safety, and regulatory controls with entrance criteria and abort rules (stages, criteria, and authority TBD).",HFPX-MVP-PPN-001,"MVP-001, MVP-004, MRQ-006",MVP,HFPX-MVP-PPN-001 §6,Demonstration,TBD,CONCEPT
REQ-HFPX-MPP-004,"Prototype propulsion documentation in this volume shall be limited to test methodology and gating and shall contain no build, ignition, or operation instructions for high-energy propulsion outside controlled conditions.",HFPX-MVP-PPN-001,MVP-004,MVP,HFPX-MVP-PPN-001 §6,Inspection,TBD,CONCEPT
REQ-HFPX-MPS-001,The MVP prototype sensor complement shall be defined as a controlled list of sensors with identity and installation for each test article and test event (complement and installation TBD).,HFPX-MVP-PSN-001,"MVP-002, MRQ-004, MAR-003",MVP,HFPX-MVP-PSN-001 §6,Inspection,TBD,CONCEPT
REQ-HFPX-MPS-002,The MVP prototype sensors relied upon for gate evidence shall be calibrated by a defined methodology with hooks to Vol 09 calibration provisions (method and values TBD per Vol 09.17).,HFPX-MVP-PSN-001,"MVP-002, MRQ-004",MVP,HFPX-MVP-PSN-001 §6,Inspection,TBD,CONCEPT
REQ-HFPX-MPS-003,"The MVP prototype sensor data used as gate evidence shall carry defined data-quality characterisation covering validity, dropouts, and limits (method TBD).",HFPX-MVP-PSN-001,"MRQ-004, MAR-005",MVP,HFPX-MVP-PSN-001 §6,Inspection,TBD,CONCEPT
REQ-HFPX-MPS-004,"The MVP prototype sensor interfaces and installation provisions shall be defined with hooks to the 33.12 instrumentation dataset including mounting, power, data-bus, and software provisions (list TBD).",HFPX-MVP-PSN-001,"MRQ-004, MAR-005, DDR-001",MVP,HFPX-MVP-PSN-001 §6,Inspection,TBD,CONCEPT
REQ-HFPX-MSS-001,"The MVP prototype safety system shall provide a safety chain with defined independence from nominal control and data paths covering separation, authority, and failure-behaviour methodology (independence criteria TBD).",HFPX-MVP-PSS-001,"MVP-004, MRQ-005, MAR-004, DDR-001",MVP,HFPX-MVP-PSS-001 §6,Analysis,TBD,CONCEPT
REQ-HFPX-MSS-002,The MVP prototype safety system shall provide a stabilisation function with defined logic and thresholds bounding excursions within each gated envelope (logic and thresholds TBD).,HFPX-MVP-PSS-001,"MVP-004, MRQ-005, MAR-004",MVP,HFPX-MVP-PSS-001 §6,Demonstration,TBD,CONCEPT
REQ-HFPX-MSS-003,"The MVP prototype safety system shall provide a recovery-trigger function with defined logic and thresholds initiating the defined recovery sequence (logic, thresholds, and sequence TBD; ISS-008 limits apply).",HFPX-MVP-PSS-001,"MVP-004, MRQ-005, MAR-004",MVP,HFPX-MVP-PSS-001 §6,Demonstration,TBD,CONCEPT
REQ-HFPX-MSS-004,"The MVP prototype safety-system functions shall be verified by a defined methodology across ground, SIL, HIL, and unmanned stages with coverage and entrance criteria for each stage (methodology and coverage TBD).",HFPX-MVP-PSS-001,"MVP-004, MRQ-005",MVP,HFPX-MVP-PSS-001 §6,Test,TBD,CONCEPT
REQ-HFPX-MTI-001,"The MVP test instrumentation shall provide a measurand inventory covering flight, propulsion, structural, thermal, and control data relied upon for model validation with sampling and recording provisions (inventory TBD).",HFPX-MVP-TIN-001,"MVP-002, MRQ-004, MAR-005",MVP,HFPX-MVP-TIN-001 §6,Inspection,TBD,CONCEPT
REQ-HFPX-MTI-002,The MVP test instrumentation measurands relied upon for gate evidence shall meet a defined accuracy and calibration methodology with documented limits (method and values TBD).,HFPX-MVP-TIN-001,"MVP-002, MRQ-004, MAR-005",MVP,HFPX-MVP-TIN-001 §6,Inspection,TBD,CONCEPT
REQ-HFPX-MTI-003,"The MVP test articles shall provide instrumentation hooks with structural, power, data-bus, mounting, and software provisions defined with Vol 23 test provisions (hooks TBD per Vol 23.16).",HFPX-MVP-TIN-001,"MRQ-004, MAR-005, DDR-001",MVP,HFPX-MVP-TIN-001 §6,Inspection,TBD,CONCEPT
REQ-HFPX-MTI-004,"The MVP recorded evidence shall have defined data ownership, retention, access, and handover rules covering each gated test through exit and transition dispositions (rules TBD).",HFPX-MVP-TIN-001,"MVP-002, MRQ-004",MVP,HFPX-MVP-TIN-001 §6,Inspection,TBD,CONCEPT
REQ-HFPX-MTD-001,The transition demonstration plan shall define demonstration objectives linked to MVP objectives (objectives TBD).,HFPX-MVP-TRD-001,MVP-001; MRQ/MAR tier; VVP thread,MVP,HFPX-MVP-TRD-001 §6,Inspection,TBD,CONCEPT
REQ-HFPX-MTD-002,"The transition demonstration plan shall define the corridor methodology, with inputs from Vol 06.13 (corridor TBD).",HFPX-MVP-TRD-001,MVP-001; MRQ/MAR tier; VVP thread,MVP,HFPX-MVP-TRD-001 §6,Inspection,TBD,CONCEPT
REQ-HFPX-MTD-003,The transition demonstration plan shall define success criteria and associated evidence requirements (criteria TBD).,HFPX-MVP-TRD-001,MVP-003; MRQ/MAR tier; VVP thread,MVP,HFPX-MVP-TRD-001 §6,Inspection,TBD,CONCEPT
REQ-HFPX-MTD-004,The transition demonstration plan shall specify that no human exposure occurs before the demonstration outcome and associated gates are satisfied (gating TBD).,HFPX-MVP-TRD-001,MVP-001; MRQ/MAR tier; VVP thread,MVP,HFPX-MVP-TRD-001 §6,Inspection,TBD,CONCEPT
REQ-HFPX-MUT-001,The unmanned-test programme plan shall define the build-up methodology across planned stages (build-up TBD).,HFPX-MVP-UTP-001,MVP-001; MRQ/MAR tier; VVP thread,MVP,HFPX-MVP-UTP-001 §6,Inspection,TBD,CONCEPT
REQ-HFPX-MUT-002,"The unmanned-test programme shall define the envelope-progression methodology from hover through transition to cruise and integrated mission, with no stage skipped (progression TBD).",HFPX-MVP-UTP-001,MVP-001; MRQ/MAR tier; VVP thread,MVP,HFPX-MVP-UTP-001 §6,Inspection,TBD,CONCEPT
REQ-HFPX-MUT-003,The unmanned-test programme shall define interface hooks to Vol 23.11 for applicable test capabilities and evidence exchange (hooks TBD).,HFPX-MVP-UTP-001,MVP-004; MRQ/MAR tier; VVP thread,MVP,HFPX-MVP-UTP-001 §6,Inspection,TBD,CONCEPT
REQ-HFPX-MUT-004,The unmanned-test programme shall define the mishap-rule methodology governing post-event handling and re-entry into the gated sequence (rule TBD).,HFPX-MVP-UTP-001,MVP-004; MRQ/MAR tier; VVP thread,MVP,HFPX-MVP-UTP-001 §6,Inspection,TBD,CONCEPT
REQ-HFPX-SRR-001,"SRR shall convene only with mission, CONOPS, stakeholder, SyRS, SAD, V&V Plan and Safety Case drafts plus an opened hazard log and a maintained RTM.",HFPX-PGM-SRR-001,REQ-HFPX-PGM-013,Programme,HFPX-PGM-SRR-001 §6,Inspection,TBD,CONCEPT
REQ-HFPX-SRR-002,Every documentation chapter (517) shall have a draft document before SRR exit.,HFPX-PGM-SRR-001,REQ-HFPX-PGM-002,Programme,HFPX-PGM-SRR-001 §6,Inspection,TBD,CONCEPT
REQ-HFPX-SRR-003,"Every requirement shall state its verification method (Analysis, Inspection, Demonstration, Test) before SRR exit.",HFPX-PGM-SRR-001,REQ-HFPX-PGM-011,Programme,HFPX-PGM-SRR-001 §6,Inspection,TBD,CONCEPT
REQ-HFPX-SRR-004,Every major requirement shall trace to a parent with no orphans before SRR exit.,HFPX-PGM-SRR-001,REQ-HFPX-PGM-002,Programme,HFPX-PGM-SRR-001 §6,Inspection,TBD,CONCEPT
REQ-HFPX-SRR-005,Document owners and approvers shall be assigned before SRR convenes.,HFPX-PGM-SRR-001,REQ-HFPX-PGM-013,Programme,HFPX-PGM-SRR-001 §6,Inspection,TBD,CONCEPT
REQ-HFPX-SRR-006,"Each Critical open issue shall carry a burn-down plan with owner and due gate before SRR exit; SRR shall close as pass, pass-with-actions, or fail-repeat, never by waiver.",HFPX-PGM-SRR-001,REQ-HFPX-PGM-003,Programme,HFPX-PGM-SRR-001 §6,Inspection,TBD,CONCEPT
REQ-HFPX-TDE-001,"The energy-source trade shall define and apply trade criteria covering usable specific energy at SYSTEM level including storage, power-to-weight, throttleability/transient, personnel/range safety, logistics, maturity/TRL, and certification path.",HFPX-PROP-TRD-001,ISS-003; REQ-HFPX-PAR-002,Propulsion,HFPX-PROP-TRD-001 §6,Inspection,TBD,CONCEPT
REQ-HFPX-TDE-002,"The energy-source trade shall assess each candidate — jet-fuel turbine, ethanol turbine, hydrogen turbine (LH2 and 700-bar assessed separately), hydrogen-electric fuel cell, and battery-electric — against each criterion with an ordinal score and one-line rationale.",HFPX-PROP-TRD-001,ISS-003; REQ-HFPX-PAR-002,Propulsion,HFPX-PROP-TRD-001 §6,Inspection,TBD,CONCEPT
REQ-HFPX-TDE-003,The energy-source trade shall cite authoritative data sources for every cited performance figure and label every other number TBD/TBC/reference-class with no invented values.,HFPX-PROP-TRD-001,ISS-003,Propulsion,HFPX-PROP-TRD-001 §6,Inspection,TBD,CONCEPT
REQ-HFPX-TDE-004,"The energy-source trade recommendation shall be stated as CONDITIONAL only, subject to SRR, safety review, and stated confirmation data needs, with no baselined selection in this revision.",HFPX-PROP-TRD-001,ISS-003,Propulsion,HFPX-PROP-TRD-001 §6,Inspection,TBD,CONCEPT
REQ-HFPX-TDE-005,The energy-source selection decision shall be deferred to a future selection DDR under change control; no DDR is recorded by this revision.,HFPX-PROP-TRD-001,ISS-003,Propulsion,HFPX-PROP-TRD-001 §6,Inspection,TBD,CONCEPT
REQ-HFPX-TDE-006,"The energy-source trade shall be updated by DDR under change control when confirmation data, requirements, or constraints change prior to selection.",HFPX-PROP-TRD-001,ISS-003,Propulsion,HFPX-PROP-TRD-001 §6,Inspection,TBD,CONCEPT
REQ-HFPX-TFA-001,"The airframe-concept trade criteria shall be defined, with a recorded rationale for why each criterion matters for prone distributed-propulsion VTOL/transition.",HFPX-STR-TRD-001,SYS tier via SAD physical view; ISS-004,Airframe,HFPX-STR-TRD-001 §6,Inspection,TBD,CONCEPT
REQ-HFPX-TFA-002,"Each candidate concept shall be assessed qualitatively against each defined criterion, recording strengths and concerns with an ordinal 1–5 judgement rank and a one-line rationale.",HFPX-STR-TRD-001,SYS tier via SAD physical view; ISS-004,Airframe,HFPX-STR-TRD-001 §6,Inspection,TBD,CONCEPT
REQ-HFPX-TFA-003,Each candidate-by-criterion assessment cell shall enumerate the data need (analysis or test) that would confirm or refute the judgement.,HFPX-STR-TRD-001,SYS tier via SAD physical view; ISS-004,Airframe,HFPX-STR-TRD-001 §6,Inspection,TBD,CONCEPT
REQ-HFPX-TFA-004,Any trade recommendation shall be stated as conditional on future screening evidence and shall not constitute selection.,HFPX-STR-TRD-001,SYS tier via SAD physical view; ISS-004,Airframe,HFPX-STR-TRD-001 §6,Inspection,TBD,CONCEPT
REQ-HFPX-TFA-005,The concept-selection decision shall be deferred to a future DDR gated on defined screening evidence; ISS-004 shall remain OPEN at this revision.,HFPX-STR-TRD-001,SYS tier via SAD physical view; ISS-004,Airframe,HFPX-STR-TRD-001 §6,Inspection,TBD,CONCEPT
REQ-HFPX-TFA-006,"This trade study shall be updated when screening evidence becomes available, recording evidence references and revised judgements without back-editing prior judgements.",HFPX-STR-TRD-001,SYS tier via SAD physical view; ISS-004,Airframe,HFPX-STR-TRD-001 §6,Inspection,TBD,CONCEPT
REQ-HFPX-BDG-001,"Mass, thrust and energy budgets shall be maintained as computed tables with per-line basis and status, re-issued by script rerun, never by hand edit.",HFPX-AERO-BDG-001,REQ-HFPX-SYS-008,Aero,HFPX-AERO-BDG-001 §6,Inspection,TBD,CONCEPT
REQ-HFPX-BDG-002,"The mass rollup shall span 110–150 kg liftoff (reference-class, TBC) with airframe, avionics, helmet/suit lines held TBD for lack of basis.",HFPX-AERO-BDG-001,REQ-HFPX-MIS-007,Aero,HFPX-AERO-BDG-001 §6,Analysis,TBD,CONCEPT
REQ-HFPX-BDG-003,"The thrust budget shall show hover T/W 1.34–1.83 on a 5×TJ40-class reference installation (TBC), with margin policy and transition requirement TBD.",HFPX-AERO-BDG-001,REQ-HFPX-SYS-001,Aero,HFPX-AERO-BDG-001 §6,Analysis,TBD,CONCEPT
REQ-HFPX-BDG-004,"The energy budget shall show 2.8–7.2 min reference-class hover endurance on 8–15 kg Jet A-1 (TBC), reproducing the Gravity-class order of magnitude as a consistency check, not a claim.",HFPX-AERO-BDG-001,REQ-HFPX-MIS-007,Aero,HFPX-AERO-BDG-001 §6,Analysis,TBD,CONCEPT
REQ-HFPX-BDG-005,Cruise endurance shall remain TBD until drag (06.5/06.6) and installed SFC exist; no cruise figure shall be carried before then.,HFPX-AERO-BDG-001,REQ-HFPX-SYS-008,Aero,HFPX-AERO-BDG-001 §6,Inspection,TBD,CONCEPT
REQ-HFPX-MSX-010,"The 6-DOF core shall implement flat-Earth rigid-body equations with NED position, body velocity, unit quaternion attitude and body rates, integrated by RK4 with quaternion renormalisation.",HFPX-SIM-SIX-002,REQ-HFPX-ASX-001,Sim,HFPX-SIM-SIX-002 §6,Demonstration,TBD,CONCEPT
REQ-HFPX-MSX-011,"Force/moment sources shall be plug-in callbacks defaulting to zero, with gravity computed from attitude and mass; no aerodynamic or propulsion data shall be embedded.",HFPX-SIM-SIX-002,REQ-HFPX-ASX-002,Sim,HFPX-SIM-SIX-002 §6,Inspection,TBD,CONCEPT
REQ-HFPX-MSX-012,Demo parameters and trajectories shall be labelled illustrative-only and quarantined from design data paths.,HFPX-SIM-SIX-002,REQ-HFPX-ASX-005,Sim,HFPX-SIM-SIX-002 §6,Inspection,TBD,CONCEPT
REQ-HFPX-MSX-013,"This implementation shall be recorded as UNVERIFIED and barred from gate decisions, authority claims and clearances until 19.15 registration.",HFPX-SIM-SIX-002,REQ-HFPX-ASX-004,Sim,HFPX-SIM-SIX-002 §6,Inspection,TBD,CONCEPT
REQ-HFPX-MSX-014,"Smoke tests shall cover free-fall analytic match, hover hold, finite-run scripted sweep, and Jacobian finiteness; results recorded per run.",HFPX-SIM-SIX-002,REQ-HFPX-MSX-003,Sim,HFPX-SIM-SIX-002 §6,Demonstration,TBD,CONCEPT
REQ-HFPX-DRV-001,The system shall implement deterministic primary flight-control bounding derived from source requirement REQ-HFPX-SYS-002 (bounds and scope TBD).,HFPX-SYS-DER-001,REQ-HFPX-SYS-002,System,HFPX-SYS-DER-001 §6,Analysis + Test,TBD,CONCEPT
REQ-HFPX-DRV-002,The system shall implement independent safety-path separation derived from source requirement REQ-HFPX-SYS-003 (separation scope TBD).,HFPX-SYS-DER-001,REQ-HFPX-SYS-003,System,HFPX-SYS-DER-001 §6,Analysis + Inspection,TBD,CONCEPT
REQ-HFPX-DRV-003,The system shall implement navigation-sensor redundancy management derived from source requirement REQ-HFPX-SYS-004 (management logic and accuracies TBD).,HFPX-SYS-DER-001,REQ-HFPX-SYS-004,System,HFPX-SYS-DER-001 §6,Analysis + Test,TBD,CONCEPT
REQ-HFPX-DRV-004,The system shall implement environmental operating envelopes derived from source requirement REQ-HFPX-SYS-006 (envelope values TBD).,HFPX-SYS-DER-001,REQ-HFPX-SYS-006,System,HFPX-SYS-DER-001 §6,Analysis + Test,TBD,CONCEPT
REQ-HFPX-SIR-001,The system shall define mechanical and fluid interfaces for propulsion and fuel boundaries (interface set and values TBD).,HFPX-SYS-IFR-001,REQ-HFPX-SYS-007,System,HFPX-SYS-IFR-001 §6,Inspection,TBD,CONCEPT
REQ-HFPX-SIR-002,"The system shall define electrical power interfaces across subsystem boundaries (voltages, loads and limits TBD).",HFPX-SYS-IFR-001,REQ-HFPX-SYS-007,System,HFPX-SYS-IFR-001 §6,Inspection,TBD,CONCEPT
REQ-HFPX-SIR-003,"The system shall define data interfaces for flight control, navigation, comms and ground-station exchange (protocols and timing TBD).",HFPX-SYS-IFR-001,REQ-HFPX-SYS-007,System,HFPX-SYS-IFR-001 §6,Inspection,TBD,CONCEPT
REQ-HFPX-SIR-004,The system shall place every safety-critical and mission-critical interface under a controlled ICD before CDR (ICD list TBD; no interface proceeds to CDR without an ICD).,HFPX-SYS-IFR-001,REQ-HFPX-SYS-007,System,HFPX-SYS-IFR-001 §6,Inspection,TBD,CONCEPT
REQ-HFPX-MTN-001,The system shall enable fault isolation to defined replaceable units using built-in indications (units and means TBD).,HFPX-SYS-MNT-001,REQ-HFPX-STK-005,System,HFPX-SYS-MNT-001 §6,Demonstration,TBD,CONCEPT
REQ-HFPX-MTN-002,The system shall provide access for defined inspection and servicing tasks without special tooling beyond a defined list (tasks and tooling TBD).,HFPX-SYS-MNT-001,REQ-HFPX-STK-005,System,HFPX-SYS-MNT-001 §6,Demonstration,TBD,CONCEPT
REQ-HFPX-MTN-003,"The system shall document maintenance tasks, servicing needs and turnaround actions in a defined maintenance set (document structure TBD).",HFPX-SYS-MNT-001,REQ-HFPX-STK-005,System,HFPX-SYS-MNT-001 §6,Inspection,TBD,CONCEPT
REQ-HFPX-MTN-004,The system shall meet defined turnaround and restoration targets for return to service (targets and conditions TBD; no interval is stated at this revision).,HFPX-SYS-MNT-001,REQ-HFPX-STK-005,System,HFPX-SYS-MNT-001 §6,Demonstration + Inspection,TBD,CONCEPT
REQ-HFPX-RGT-001,The system shall comply with identified applicable regulatory obligations (obligation set TBD pending ISS-001 authoritative research).,HFPX-SYS-REG-001,REQ-HFPX-STK-003,System,HFPX-SYS-REG-001 §6,Inspection,TBD,CONCEPT
REQ-HFPX-RGT-002,The system shall maintain a traceable register of applicable regulations and compliance evidence (register structure TBD pending ISS-001).,HFPX-SYS-REG-001,REQ-HFPX-STK-003,System,HFPX-SYS-REG-001 §6,Inspection,TBD,CONCEPT
REQ-HFPX-RGT-003,The system shall meet defined operational and airspace obligations for test and demonstration activities (obligations TBD pending ISS-001).,HFPX-SYS-REG-001,REQ-HFPX-STK-003,System,HFPX-SYS-REG-001 §6,Inspection,TBD,CONCEPT
REQ-HFPX-RGT-004,The system shall meet defined spectrum and equipment-approval obligations for radiating and airborne equipment (obligations TBD pending ISS-001).,HFPX-SYS-REG-001,REQ-HFPX-STK-003,System,HFPX-SYS-REG-001 §6,Inspection,TBD,CONCEPT
REQ-HFPX-RLB-001,The system shall meet defined reliability targets for safety-critical functions (targets and scope TBD; no rate is stated at this revision).,HFPX-SYS-RLB-001,REQ-HFPX-STK-001,System,HFPX-SYS-RLB-001 §6,Analysis,TBD,CONCEPT
REQ-HFPX-RLB-002,The system shall tolerate defined single-point failures without loss of the independent safety path (failure set TBD).,HFPX-SYS-RLB-001,REQ-HFPX-SYS-003,System,HFPX-SYS-RLB-001 §6,Analysis,TBD,CONCEPT
REQ-HFPX-RLB-003,The system shall implement fault detection and annunciation for defined critical failures (failure list and timing TBD).,HFPX-SYS-RLB-001,REQ-HFPX-SYS-003,System,HFPX-SYS-RLB-001 §6,Analysis + Inspection,TBD,CONCEPT
REQ-HFPX-RLB-004,The system reliability case shall be documented and traceable to analyses and verification evidence (artefact structure TBD).,HFPX-SYS-RLB-001,REQ-HFPX-STK-001,System,HFPX-SYS-RLB-001 §6,Inspection,TBD,CONCEPT
REQ-HFPX-RTM-001,The project shall maintain the RTM with a column schema matching `requirements_traceability_matrix.csv` (columns TBD in csv header; schema changes by change control).,HFPX-SYS-RTM-001,"REQ-HFPX-SYS-008, REQ-HFPX-PGM-002",System,HFPX-SYS-RTM-001 §6,Inspection,TBD,CONCEPT
REQ-HFPX-RTM-002,The project shall maintain the RTM with 100%-of-major-requirements coverage such that every major requirement has a parent link and a child link or explicit deferral (no orphan accepted at review; deferral list TBD).,HFPX-SYS-RTM-001,"REQ-HFPX-SYS-008, REQ-HFPX-PGM-002",System,HFPX-SYS-RTM-001 §6,Inspection,TBD,CONCEPT
REQ-HFPX-RTM-003,The project shall reject orphan requirements at each review gate with no parentless or childless major requirement proceeding without a recorded action (orphan rule; action list TBD).,HFPX-SYS-RTM-001,"REQ-HFPX-SYS-007, REQ-HFPX-PGM-011",System,HFPX-SYS-RTM-001 §6,Inspection,TBD,CONCEPT
REQ-HFPX-RTM-004,The project shall hook RTM verification columns to Vol 22.3 VCRM cases such that every verifiable requirement maps to ≥1 V&V case or a TBD placeholder (mapping TBD in V&V Plan).,HFPX-SYS-RTM-001,"REQ-HFPX-SYS-007, REQ-HFPX-PGM-011",System,HFPX-SYS-RTM-001 §6,Inspection,TBD,CONCEPT
REQ-HFPX-SCR-001,"The system shall restrict command and control functions to authorised actors only (authorisation mechanisms TBD, owned by Vol 17).",HFPX-SYS-SEC-001,REQ-HFPX-STK-001,System,HFPX-SYS-SEC-001 §6,Analysis,TBD,CONCEPT
REQ-HFPX-SCR-002,"The system shall protect command, telemetry and configuration data against unauthorised modification (protection mechanisms TBD, owned by Vol 17).",HFPX-SYS-SEC-001,REQ-HFPX-STK-006,System,HFPX-SYS-SEC-001 §6,Analysis + Inspection,TBD,CONCEPT
REQ-HFPX-SCR-003,"The system shall record defined security-relevant events for post-event review (event set and retention TBD, owned by Vol 17).",HFPX-SYS-SEC-001,REQ-HFPX-STK-001,System,HFPX-SYS-SEC-001 §6,Inspection,TBD,CONCEPT
REQ-HFPX-SCR-004,"The system security architecture and mechanism set shall be documented and traceable to these requirements (artefact structure TBD, owned by Vol 17).",HFPX-SYS-SEC-001,REQ-HFPX-STK-006,System,HFPX-SYS-SEC-001 §6,Inspection,TBD,CONCEPT
REQ-HFPX-USR-001,The system shall provide user controls enabling execution of defined CONOPS nominal flight threads (control details and limits TBD).,HFPX-SYS-USR-001,REQ-HFPX-STK-002,System,HFPX-SYS-USR-001 §6,Demonstration,TBD,CONCEPT
REQ-HFPX-USR-002,"The system shall provide user displays presenting flight status, warnings and emergency guidance (display content and thresholds TBD).",HFPX-SYS-USR-001,REQ-HFPX-STK-007,System,HFPX-SYS-USR-001 §6,Demonstration,TBD,CONCEPT
REQ-HFPX-USR-003,"The system shall provide user interfaces for pre-flight, post-flight and turnaround tasks (task list and layout TBD).",HFPX-SYS-USR-001,REQ-HFPX-STK-007,System,HFPX-SYS-USR-001 §6,Inspection,TBD,CONCEPT
REQ-HFPX-USR-004,The system shall alert the user to off-nominal conditions requiring user action (alert conditions and timing TBD).,HFPX-SYS-USR-001,REQ-HFPX-STK-002,System,HFPX-SYS-USR-001 §6,Demonstration,TBD,CONCEPT
REQ-HFPX-VAC-001,"Each acceptance thread shall define acceptance criteria before execution, with criteria recorded as TBD per delivered item.",HFPX-VV-ACC-001,REQ-HFPX-VVP-005,V&V,HFPX-VV-ACC-001 §6,Demonstration,TBD,CONCEPT
REQ-HFPX-VAC-002,"Acceptance shall be granted by a documented acceptance authority, with authority assignment and decision provisions defined as TBD.",HFPX-VV-ACC-001,REQ-HFPX-VVP-004,V&V,HFPX-VV-ACC-001 §6,Demonstration,TBD,CONCEPT
REQ-HFPX-VAC-003,"Each acceptance shall produce retained records with article configuration, environment, and authority decision, with record provisions defined as TBD.",HFPX-VV-ACC-001,REQ-HFPX-VVP-005,V&V,HFPX-VV-ACC-001 §6,Demonstration,TBD,CONCEPT
REQ-HFPX-VAC-004,Each acceptance thread shall be traced in the VCRM to its parent requirement or requirements with representative configuration recorded as TBD per thread.,HFPX-VV-ACC-001,REQ-HFPX-VVP-002,V&V,HFPX-VV-ACC-001 §6,Demonstration,TBD,CONCEPT
REQ-HFPX-VAN-001,"The programme shall perform verification by Analysis to documented analysis practice, with scope, technique, and acceptance basis recorded as TBD per analysis thread.",HFPX-VV-ANL-001,REQ-HFPX-VVP-001,V&V,HFPX-VV-ANL-001 §6,Analysis,TBD,CONCEPT
REQ-HFPX-VAN-002,"Analysis tools and models used as verification evidence shall be controlled to documented provisions, with control detail and Vol 19.15 register hooks defined as TBD.",HFPX-VV-ANL-001,REQ-HFPX-VVP-001,V&V,HFPX-VV-ANL-001 §6,Analysis,TBD,CONCEPT
REQ-HFPX-VAN-003,"Analysis of safety requirements and safety critical verification threads shall satisfy analyst independence provisions, with independence degree defined as TBD.",HFPX-VV-ANL-001,REQ-HFPX-VVP-006,V&V,HFPX-VV-ANL-001 §6,Analysis,TBD,CONCEPT
REQ-HFPX-VAN-004,"Each analysis thread shall define acceptance criteria before credit, with criteria recorded as TBD per thread and records provisions defined as TBD.",HFPX-VV-ANL-001,REQ-HFPX-VVP-005,V&V,HFPX-VV-ANL-001 §6,Analysis,TBD,CONCEPT
REQ-HFPX-VDM-001,"The programme shall perform verification by Demonstration to documented demonstration practice, with scope and observation provisions recorded as TBD per demonstration thread.",HFPX-VV-DEM-001,REQ-HFPX-VVP-001,V&V,HFPX-VV-DEM-001 §6,Demonstration,TBD,CONCEPT
REQ-HFPX-VDM-002,"Each demonstration shall define observable pass and fail attributes before execution, with attributes recorded as TBD per demonstration thread.",HFPX-VV-DEM-001,REQ-HFPX-VVP-005,V&V,HFPX-VV-DEM-001 §6,Demonstration,TBD,CONCEPT
REQ-HFPX-VDM-003,"Each demonstration shall produce retained records sufficient to support gate claims, with record content and retention defined as TBD.",HFPX-VV-DEM-001,REQ-HFPX-VVP-005,V&V,HFPX-VV-DEM-001 §6,Demonstration,TBD,CONCEPT
REQ-HFPX-VDM-004,"Each demonstration shall be executed in a documented configuration and environment, with configuration and environment recorded as TBD per thread.",HFPX-VV-DEM-001,REQ-HFPX-VVP-002,V&V,HFPX-VV-DEM-001 §6,Demonstration,TBD,CONCEPT
REQ-HFPX-VHW-001,"The programme shall verify hardware through bench, rig, and integration threads, with thread scope and environments recorded as TBD per hardware thread.",HFPX-VV-HWV-001,REQ-HFPX-VVP-003,V&V,HFPX-VV-HWV-001 §6,Test,TBD,CONCEPT
REQ-HFPX-VHW-002,"Hardware verification shall achieve coverage of allocated hardware requirements, with coverage mapping and thresholds recorded as TBD.",HFPX-VV-HWV-001,REQ-HFPX-VVP-002,V&V,HFPX-VV-HWV-001 §6,Test,TBD,CONCEPT
REQ-HFPX-VHW-003,"Each hardware verification thread shall define pass and fail criteria before execution, with criteria recorded as TBD per hardware case.",HFPX-VV-HWV-001,REQ-HFPX-VVP-005,V&V,HFPX-VV-HWV-001 §6,Test,TBD,CONCEPT
REQ-HFPX-VHW-004,"Each hardware verification thread shall produce retained records with configuration and environment, with record provisions defined as TBD.",HFPX-VV-HWV-001,REQ-HFPX-VVP-002,V&V,HFPX-VV-HWV-001 §6,Test,TBD,CONCEPT
REQ-HFPX-VIN-001,"The programme shall perform verification by Inspection to documented inspection practice including document examinations, with scope and technique recorded as TBD per inspection thread.",HFPX-VV-INS-001,REQ-HFPX-VVP-001,V&V,HFPX-VV-INS-001 §6,Inspection,TBD,CONCEPT
REQ-HFPX-VIN-002,"Each inspection thread shall apply controlled checklists and acceptance attributes, with checklist content defined as TBD per thread.",HFPX-VV-INS-001,REQ-HFPX-VVP-001,V&V,HFPX-VV-INS-001 §6,Inspection,TBD,CONCEPT
REQ-HFPX-VIN-003,"Each inspection shall produce retained records sufficient to support gate claims, with record content and retention defined as TBD.",HFPX-VV-INS-001,REQ-HFPX-VVP-005,V&V,HFPX-VV-INS-001 §6,Inspection,TBD,CONCEPT
REQ-HFPX-VIN-004,"Each inspection thread shall be traced to its parent requirement or requirements in the VCRM, with case identifiers defined as TBD.",HFPX-VV-INS-001,REQ-HFPX-VVP-002,V&V,HFPX-VV-INS-001 §6,Inspection,TBD,CONCEPT
REQ-HFPX-RQV-001,"The programme shall assign every requirement exactly one primary verification method from Analysis, Inspection, Demonstration, or Test, with the assignment recorded in the VCRM.",HFPX-VV-RQV-001,REQ-HFPX-VVP-001,V&V,HFPX-VV-RQV-001 §6,Inspection,TBD,CONCEPT
REQ-HFPX-RQV-002,"The programme shall prohibit TBD as a verification method for gate closure, and any requirement with method recorded as TBD shall be tracked as an open TBD item with owning volume and due gate defined as TBD.",HFPX-VV-RQV-001,REQ-HFPX-VVP-001,V&V,HFPX-VV-RQV-001 §6,Inspection,TBD,CONCEPT
REQ-HFPX-RQV-003,"Every requirement shall be traced to its verification case or cases in the VCRM, with trace structure and case identifiers defined as TBD.",HFPX-VV-RQV-001,REQ-HFPX-VVP-002,V&V,HFPX-VV-RQV-001 §6,Inspection,TBD,CONCEPT
REQ-HFPX-RQV-004,"Every verification case shall define acceptance criteria before execution, with criteria recorded as TBD per case where not yet defined and closure provisions defined as TBD.",HFPX-VV-RQV-001,REQ-HFPX-VVP-005,V&V,HFPX-VV-RQV-001 §6,Inspection,TBD,CONCEPT
REQ-HFPX-VFV-001,"Safety verification shall be independent of the design organisation to a degree defined as TBD, with independent verification or test of safety requirements and safety critical cases.",HFPX-VV-SFV-001,REQ-HFPX-VVP-006,V&V,HFPX-VV-SFV-001 §6,Test,TBD,CONCEPT
REQ-HFPX-VFV-002,"Safety verification shall include fault injection threads where allocated, with fault scope and environments recorded as TBD per safety thread.",HFPX-VV-SFV-001,REQ-HFPX-VVP-006,V&V,HFPX-VV-SFV-001 §6,Test,TBD,CONCEPT
REQ-HFPX-VFV-003,"Each hazard control shall be closed by traced verification evidence interfacing with Vol 13, with closure criteria recorded as TBD per hazard.",HFPX-VV-SFV-001,REQ-HFPX-VVP-006,V&V,HFPX-VV-SFV-001 §6,Test,TBD,CONCEPT
REQ-HFPX-VFV-004,"Each safety verification thread shall produce retained records with configuration, environment, and independence claim, with record provisions defined as TBD.",HFPX-VV-SFV-001,REQ-HFPX-VVP-002,V&V,HFPX-VV-SFV-001 §6,Test,TBD,CONCEPT
REQ-HFPX-VSW-001,"The programme shall verify software through unit, integration, and system level threads interfacing with Vol 16.16, with thread scope and environments recorded as TBD per software thread.",HFPX-VV-SWV-001,REQ-HFPX-VVP-003,V&V,HFPX-VV-SWV-001 §6,Test,TBD,CONCEPT
REQ-HFPX-VSW-002,"Software verification shall achieve coverage of allocated software requirements, with coverage mapping and thresholds recorded as TBD.",HFPX-VV-SWV-001,REQ-HFPX-VVP-002,V&V,HFPX-VV-SWV-001 §6,Test,TBD,CONCEPT
REQ-HFPX-VSW-003,"Software verification of safety requirements and safety critical threads shall satisfy independence provisions, with independence degree defined as TBD.",HFPX-VV-SWV-001,REQ-HFPX-VVP-006,V&V,HFPX-VV-SWV-001 §6,Test,TBD,CONCEPT
REQ-HFPX-VSW-004,"Each software verification thread shall define pass and fail criteria and records provisions before credit, with criteria and records recorded as TBD per thread.",HFPX-VV-SWV-001,REQ-HFPX-VVP-005,V&V,HFPX-VV-SWV-001 §6,Test,TBD,CONCEPT
REQ-HFPX-VSV-001,"The programme shall verify system requirements through system level cases including interface and end-to-end threads, with case scope recorded as TBD per system thread.",HFPX-VV-SYV-001,REQ-HFPX-VVP-003,V&V,HFPX-VV-SYV-001 §6,Demonstration,TBD,CONCEPT
REQ-HFPX-VSV-002,"Each system verification thread shall be executed in a documented environment and configuration, with environment and configuration recorded as TBD per thread.",HFPX-VV-SYV-001,REQ-HFPX-VVP-004,V&V,HFPX-VV-SYV-001 §6,Test,TBD,CONCEPT
REQ-HFPX-VSV-003,"Each system verification thread shall define pass and fail criteria before execution, with criteria recorded as TBD per system case.",HFPX-VV-SYV-001,REQ-HFPX-VVP-005,V&V,HFPX-VV-SYV-001 §6,Test,TBD,CONCEPT
REQ-HFPX-VSV-004,"Each system verification thread shall produce retained records with configuration, environment, and result status traced in the VCRM, with record provisions defined as TBD.",HFPX-VV-SYV-001,REQ-HFPX-VVP-002,V&V,HFPX-VV-SYV-001 §6,Demonstration + Test,TBD,CONCEPT
REQ-HFPX-VTE-001,"The programme shall perform verification by Test to documented test practice, with scope, measurement provisions, and configuration control recorded as TBD per test thread.",HFPX-VV-TST-001,REQ-HFPX-VVP-001,V&V,HFPX-VV-TST-001 §6,Test,TBD,CONCEPT
REQ-HFPX-VTE-002,"Each test thread shall be executed to controlled procedures, with procedure detail owned by Vol 23 and procedure identifiers defined as TBD.",HFPX-VV-TST-001,REQ-HFPX-VVP-004,V&V,HFPX-VV-TST-001 §6,Test,TBD,CONCEPT
REQ-HFPX-VTE-003,"Each test shall define pass and fail criteria before execution, with criteria recorded as TBD per test case.",HFPX-VV-TST-001,REQ-HFPX-VVP-005,V&V,HFPX-VV-TST-001 §6,Test,TBD,CONCEPT
REQ-HFPX-VTE-004,"Each test shall be traced in the VCRM with configuration, environment, and result status, with identifiers and record provisions defined as TBD.",HFPX-VV-TST-001,REQ-HFPX-VVP-002,V&V,HFPX-VV-TST-001 §6,Test,TBD,CONCEPT
REQ-HFPX-VVL-001,"The programme shall distinguish validation from verification by a documented tailoring rule, with validation scope and tailoring per thread recorded as TBD.",HFPX-VV-VAL-001,REQ-HFPX-VVP-001,V&V,HFPX-VV-VAL-001 §6,Inspection,TBD,CONCEPT
REQ-HFPX-VVL-002,The programme shall obtain stakeholder acceptance of validation outcomes against acceptance criteria recorded as TBD per validation thread.,HFPX-VV-VAL-001,REQ-HFPX-VVP-005,V&V,HFPX-VV-VAL-001 §6,Inspection,TBD,CONCEPT
REQ-HFPX-VVL-003,"The programme shall retain validation records for each validation thread, with record content and retention defined as TBD.",HFPX-VV-VAL-001,REQ-HFPX-VVP-005,V&V,HFPX-VV-VAL-001 §6,Inspection,TBD,CONCEPT
REQ-HFPX-VVL-004,"The programme shall perform validation in representative environments and configurations, with representativeness criteria recorded as TBD per thread.",HFPX-VV-VAL-001,REQ-HFPX-VVP-003,V&V,HFPX-VV-VAL-001 §6,Inspection,TBD,CONCEPT
REQ-HFPX-VCM-001,"The programme shall maintain the VCRM to a documented schema recording requirement, verification case, method, level, executing volume, and result status, with schema fields defined as TBD.",HFPX-VV-VCR-001,REQ-HFPX-VVP-002,V&V,HFPX-VV-VCR-001 §6,Inspection,TBD,CONCEPT
REQ-HFPX-VCM-002,"The VCRM shall contain no orphaned requirements and no orphaned verification cases, with orphan checks performed per a cadence defined as TBD.",HFPX-VV-VCR-001,REQ-HFPX-VVP-002,V&V,HFPX-VV-VCR-001 §6,Inspection,TBD,CONCEPT
REQ-HFPX-VCM-003,"Each gated review shall apply a VCRM coverage gate with entrance and exit criteria defined as TBD, and gate progression shall require closure of the gate per criteria TBD.",HFPX-VV-VCR-001,REQ-HFPX-VVP-004,V&V,HFPX-VV-VCR-001 §6,Inspection,TBD,CONCEPT
REQ-HFPX-VCM-004,"The VCRM shall provide RTM hooks linking stakeholder needs to requirements to verification cases to results, with hook structure and tooling defined as TBD.",HFPX-VV-VCR-001,REQ-HFPX-VVP-002,V&V,HFPX-VV-VCR-001 §6,Inspection,TBD,CONCEPT
REQ-HFPX-SCO-001,"The 20 missing chapters (01.5, 01.12–01.18, 22.2–22.13) shall each have a draft document with concrete A/I/D/T methods and non-empty parents.",HFPX-PGM-SCO-001,REQ-HFPX-SRR-002,Programme,HFPX-PGM-SCO-001 §6,Inspection,TBD,CONCEPT
REQ-HFPX-SCO-002,"Every requirement shall state a base A/I/D/T method; bare TBD, Review and Audit methods are prohibited.",HFPX-PGM-SCO-001,REQ-HFPX-SRR-003,Programme,HFPX-PGM-SCO-001 §6,Inspection,TBD,CONCEPT
REQ-HFPX-SCO-003,"Document-review activity shall be recorded as Inspection, never Review.",HFPX-PGM-SCO-001,REQ-HFPX-SRR-003,Programme,HFPX-PGM-SCO-001 §6,Inspection,TBD,CONCEPT
REQ-HFPX-SCO-004,Every major requirement shall carry a parent or an explicit ROOT declaration; blank parents are prohibited.,HFPX-PGM-SCO-001,REQ-HFPX-SRR-004,Programme,HFPX-PGM-SCO-001 §6,Inspection,TBD,CONCEPT
REQ-HFPX-SCO-005,RTM and source-document cells shall agree; the RTM is the curated truth after repair and documents are synced to it.,HFPX-PGM-SCO-001,REQ-HFPX-PGM-002,Programme,HFPX-PGM-SCO-001 §6,Inspection,TBD,CONCEPT
REQ-HFPX-FSB-001,Recovery analysis shall use steady-descent physics with swept TBD inputs and publish descent-rate tables with per-cell basis.,HFPX-SAFE-FSB-001,REQ-HFPX-MIS-005,Safety,HFPX-SAFE-FSB-001 §6,Analysis,TBD,CONCEPT
REQ-HFPX-FSB-002,Recovery analysis shall decompose the timeline (detect/decide/deploy/inflate/decelerate) with every allocation TBD and swept parametrically.,HFPX-SAFE-FSB-001,REQ-HFPX-SYS-003,Safety,HFPX-SAFE-FSB-001 §6,Analysis,TBD,CONCEPT
REQ-HFPX-FSB-003,"The hover/zero-altitude limiting case shall be recorded: parachute-type recovery requires deployment altitude unavailable in hover; alternative means (stabilisation, impact protection, escape) carry the hover case with effectiveness TBD.",HFPX-SAFE-FSB-001,REQ-HFPX-MIS-005,Safety,HFPX-SAFE-FSB-001 §6,Analysis,TBD,CONCEPT
REQ-HFPX-FSB-004,"No effectiveness, tolerance, or clearance claim shall rest on this study; canopy selection, timeline allocation and tolerance criteria are TBD data needs.",HFPX-SAFE-FSB-001,REQ-HFPX-SCA-005,Safety,HFPX-SAFE-FSB-001 §6,Inspection,TBD,CONCEPT
REQ-HFPX-FSB-005,Recovery verification shall proceed component → system → unmanned demonstration per the RST thread with data capture defined.,HFPX-SAFE-FSB-001,REQ-HFPX-RST-001,Safety,HFPX-SAFE-FSB-001 §6,Demonstration,TBD,CONCEPT
REQ-HFPX-RES-001,"Regulatory findings shall cite the authoritative source and retrieval date, distinguishing confirmed text from interpretation.",HFPX-CERT-RES-001,REQ-HFPX-QRB-001,Cert,HFPX-CERT-RES-001 §6,Inspection,TBD,CONCEPT
REQ-HFPX-RES-002,Foreign frameworks shall be labelled reference models with no applicability implied.,HFPX-CERT-RES-001,REQ-HFPX-QRB-001,Cert,HFPX-CERT-RES-001 §6,Inspection,TBD,CONCEPT
REQ-HFPX-RES-003,"Unconfirmed provisions (experimental category, permit-to-fly, HFP-X applicability) shall remain TBD with named research actions, never inferred.",HFPX-CERT-RES-001,REQ-HFPX-QRB-001,Cert,HFPX-CERT-RES-001 §6,Inspection,TBD,CONCEPT
REQ-HFPX-RES-004,Authority engagement shall be initiated through a recorded plan before any flight-authorisation claim (plan TBD).,HFPX-CERT-RES-001,REQ-HFPX-QAE-001,Cert,HFPX-CERT-RES-001 §6,Inspection,TBD,CONCEPT
REQ-HFPX-VSX-001,"Verification cases VC6-001…005 shall be defined with objective, configuration, proposed tolerance and authority (analytic/independent-code for this suite).",HFPX-SIM-VCS-001,REQ-HFPX-MMV-002,Sim,HFPX-SIM-VCS-001 §6,Inspection,TBD,CONCEPT
REQ-HFPX-VSX-002,Case verdicts shall be recorded per code revision with values and tolerances; reruns required on any code change.,HFPX-SIM-VCS-001,REQ-HFPX-MMV-002,Sim,HFPX-SIM-VCS-001 §6,Demonstration,TBD,CONCEPT
REQ-HFPX-VSX-003,Proposed tolerances (1e-4 m analytic match; 1e-6 m hover drift; 1e-12 quaternion error; 1e-6 energy drift; 0.5 m cross-check) shall be approved before gating use.,HFPX-SIM-VCS-001,REQ-HFPX-MMV-003,Sim,HFPX-SIM-VCS-001 §6,Inspection,TBD,CONCEPT
REQ-HFPX-VSX-004,Register entry for the 6-DOF core additionally requires authority-data comparison beyond this suite (criteria TBD).,HFPX-SIM-VCS-001,REQ-HFPX-MMV-004,Sim,HFPX-SIM-VCS-001 §6,Inspection,TBD,CONCEPT
